titre,type_offre,type_bien,zone,prix,pieces,surface_m2,Valeur par piece,Valeur par m2,source,date_annonce,annee,trimestre,periode
Boutique 1 pièce(s) 50 m² - Baguida,LOCATION,Boutique,baguida,70000.0,1.0,50.0,70000.0,1400.0,immoask,,2026,2,2026-Q2
Villa 3 pièce(s) 104 m² - Agoe,LOCATION,Appartement,agoe,250000.0,3.0,104.0,83333.0,2404.0,immoask,,2026,2,2026-Q2
Appartement 3 pièce(s) 10 m² - Adetikope,LOCATION,Appartement,adetikope,100000.0,3.0,10.0,33333.0,10000.0,immoask,,2026,2,2026-Q2
Maison 3 pièce(s) 10 m² - Afagnan,LOCATION,Appartement,afagnan,80000.0,3.0,10.0,26667.0,8000.0,immoask,,2026,2,2026-Q2
Villa 3 pièce(s) 10 m² - Adetikope,LOCATION,Appartement,adetikope,90000.0,3.0,10.0,30000.0,9000.0,immoask,,2026,2,2026-Q2
Chambre salon 1 pièce(s) 14 m² - Baguida,LOCATION,Chambre,baguida,300000.0,1.0,14.0,300000.0,21429.0,immoask,,2026,2,2026-Q2
Appartement meublé 1 pièce(s) 30 m² - Agbalépédo,LOCATION,Appartement,agbalepedo,450000.0,1.0,30.0,450000.0,15000.0,immoask,,2026,2,2026-Q2
Appartement meublé 1 pièce(s) 25 m² - Djidjolé,LOCATION,Appartement,djidjole,500000.0,1.0,25.0,500000.0,20000.0,immoask,,2026,2,2026-Q2
Terrain urbain 2 pièce(s) 600 m² - Agoe,VENTE,Terrain,agoe,32000000.0,,600.0,,53333.0,immoask,,2026,2,2026-Q2
Appartement 3 pièce(s) 40 m² - Ablogame,LOCATION,Appartement,ablogame,250000.0,3.0,40.0,83333.0,6250.0,immoask,,2026,2,2026-Q2
Appartement 3 pièce(s) 10 m² - Bè,LOCATION,Appartement,be,300000.0,3.0,10.0,100000.0,30000.0,immoask,,2026,2,2026-Q2
Maison 4 pièce(s) 600 m² - Avepozo,VENTE,Maison,avepozo,35000000.0,4.0,600.0,,58333.0,immoask,,2026,2,2026-Q2
Appartement meublé 2 pièce(s) 80 m² - Adidogome,LOCATION,Appartement,adidogome,500000.0,2.0,80.0,250000.0,6250.0,immoask,,2026,2,2026-Q2
Terrain urbain 2 pièce(s) 600 m² - Ablogame,LOCATION,Terrain,ablogame,400000.0,2.0,600.0,200000.0,667.0,immoask,,2026,2,2026-Q2
Appartement 3 pièce(s) 60 m² - Totsi,LOCATION,Appartement,totsi,200000.0,3.0,60.0,66667.0,3333.0,immoask,,2026,2,2026-Q2
Appartement 3 pièce(s) 70 m² - Adidogome,LOCATION,Appartement,adidogome,80000.0,3.0,70.0,26667.0,1143.0,immoask,,2026,2,2026-Q2
Appartement 2 pièce(s) 40 m² - Djidjolé,LOCATION,Appartement,djidjole,90000.0,2.0,40.0,45000.0,2250.0,immoask,,2026,2,2026-Q2
Villa 3 pièce(s) 80 m² - Djidjolé,LOCATION,Appartement,djidjole,200000.0,3.0,80.0,66667.0,2500.0,immoask,,2026,2,2026-Q2
Villa 3 pièce(s) 900 m² - Agoe,VENTE,Villa,agoe,45000000.0,3.0,900.0,,50000.0,immoask,,2026,2,2026-Q2
Villa 3 pièce(s) 900 m² - Agoe,LOCATION,Appartement,agoe,90000.0,3.0,900.0,30000.0,100.0,immoask,,2026,2,2026-Q2
Appartement meublé 2 pièce(s) 78 m² - Adidogome,LOCATION,Appartement,adidogome,1150000.0,2.0,78.0,575000.0,14744.0,immoask,,2026,2,2026-Q2
Appartement meublé 1 pièce(s) 20 m² - Adidogome,LOCATION,Appartement,adidogome,673000.0,1.0,20.0,673000.0,33650.0,immoask,,2026,2,2026-Q2
Appartement 3 pièce(s) 80 m² - Agoe,LOCATION,Appartement,agoe,100000.0,3.0,80.0,33333.0,1250.0,immoask,,2026,2,2026-Q2
Appartement meublé 2 pièce(s) 70 m² - Adidogome,LOCATION,Appartement,adidogome,1070000.0,2.0,70.0,535000.0,15286.0,immoask,,2026,2,2026-Q2
Appartement meublé 2 pièce(s) 77 m² - Adidogome,LOCATION,Appartement,adidogome,980000.0,2.0,77.0,490000.0,12727.0,immoask,,2026,2,2026-Q2
Appartement meublé 1 pièce(s) 60 m² - Adewui,LOCATION,Appartement,adewui,430000.0,1.0,60.0,430000.0,7167.0,immoask,,2026,2,2026-Q2
Appartement meublé 2 pièce(s) 71 m² - Adidogome,LOCATION,Appartement,adidogome,450000.0,2.0,71.0,225000.0,6338.0,immoask,,2026,2,2026-Q2
Appartement meublé 1 pièce(s) 25 m² - Adewui,LOCATION,Appartement,adewui,320000.0,1.0,25.0,320000.0,12800.0,immoask,,2026,2,2026-Q2
Villa 3 pièce(s) 80 m² - Totsi,LOCATION,Appartement,totsi,200000.0,3.0,80.0,66667.0,2500.0,immoask,,2026,2,2026-Q2
Appartement meublé 2 pièce(s) 70 m² - Adidogome,LOCATION,Appartement,adidogome,1150000.0,2.0,70.0,575000.0,16429.0,immoask,,2026,2,2026-Q2
Appartement meublé 1 pièce(s) 26 m² - Hédzranawoe,LOCATION,Appartement,hedzranawoe,350000.0,1.0,26.0,350000.0,13462.0,immoask,,2026,2,2026-Q2
Appartement meublé 1 pièce(s) 20 m² - Hédzranawoe,LOCATION,Appartement,hedzranawoe,250000.0,1.0,20.0,250000.0,12500.0,immoask,,2026,2,2026-Q2
Villa 4 pièce(s) 150 m² - Agbalépédo,LOCATION,Appartement,agbalepedo,380000.0,4.0,150.0,95000.0,2533.0,immoask,,2026,2,2026-Q2
Appartement 2 pièce(s) 60 m² - Agoe,LOCATION,Appartement,agoe,70000.0,2.0,60.0,35000.0,1167.0,immoask,,2026,2,2026-Q2
Chambre 1 pièce(s) 15 m² - Adidogome,LOCATION,Chambre,adidogome,30000.0,1.0,15.0,30000.0,2000.0,immoask,,2026,2,2026-Q2
Appartement meublé 2 pièce(s) 70 m² - Adidogome,LOCATION,Appartement,adidogome,1092000.0,2.0,70.0,546000.0,15600.0,immoask,,2026,2,2026-Q2
Appartement 3 pièce(s) 80 m² - Djidjolé,LOCATION,Appartement,djidjole,220000.0,3.0,80.0,73333.0,2750.0,immoask,,2026,2,2026-Q2
Terrain urbain 2 pièce(s) 450 m² - Segbe,VENTE,Terrain,segbe,8500000.0,,450.0,,18889.0,immoask,,2026,2,2026-Q2
"villa,louer,lome,sagboville",LOCATION,Appartement,sagboville,200000.0,3.0,10.0,66667.0,20000.0,immoask,,2026,2,2026-Q2
"villa meublée,louer,lome,agoe",LOCATION,Villa Meuble,agoe,800000.0,4.0,600.0,200000.0,1333.0,immoask,,2026,2,2026-Q2
"villa,louer,lome,adidogome",LOCATION,Appartement,adidogome,250000.0,3.0,150.0,83333.0,1667.0,immoask,,2026,2,2026-Q2
"terrain,vendre,lome,djagble",VENTE,Terrain,djagble,15000000.0,,600.0,,25000.0,immoask,,2026,2,2026-Q2
"bureau,louer,lome,bernard cope",LOCATION,Bureau,agoe,150000.0,5.0,60.0,30000.0,2500.0,immoask,,2026,2,2026-Q2
"boutique,louer,lome,agbalepedo",LOCATION,Boutique,agbalepedo,60000.0,1.0,20.0,60000.0,3000.0,immoask,,2026,2,2026-Q2
"villa,louer,lome,zossime",LOCATION,Appartement,agoe,150000.0,4.0,100.0,37500.0,1500.0,immoask,,2026,2,2026-Q2
"terrain,vendre,lome,akepedo",VENTE,Terrain,akepedo,320000000.0,,600.0,,533333.0,immoask,,2026,2,2026-Q2
"appartement meublé,louer,lome,kegue",LOCATION,Appartement,kegue,500000.0,2.0,90.0,250000.0,5556.0,immoask,,2026,2,2026-Q2
"appartement meublé,louer,lome,agoe",LOCATION,Appartement,agoe,400000.0,2.0,300.0,200000.0,1333.0,immoask,,2026,2,2026-Q2
"appartement meublé,louer,lome,kegue",LOCATION,Appartement,kegue,400000.0,2.0,90.0,200000.0,4444.0,immoask,,2026,2,2026-Q2
"terrain,vendre,lome,legbassito",VENTE,Terrain,agoe,30000000.0,,600.0,,50000.0,immoask,,2026,2,2026-Q2
"terrain,vendre,lome,segbe",VENTE,Terrain,segbe,17000000.0,,900.0,,18889.0,immoask,,2026,2,2026-Q2
"terrain,vendre,lome,segbe",VENTE,Terrain,segbe,20000000.0,,600.0,,33333.0,immoask,,2026,2,2026-Q2
"terrain,vendre,lome,adidogome",VENTE,Terrain,adidogome,30000000.0,,600.0,,50000.0,immoask,,2026,2,2026-Q2
"villa meublée,louer,lome,baguida",LOCATION,Villa Meuble,baguida,850000.0,3.0,600.0,283333.0,1417.0,immoask,,2026,2,2026-Q2
"chambre salon,louer,lome,zanguera",LOCATION,Chambre,zanguera,45000.0,2.0,40.0,22500.0,1125.0,immoask,,2026,2,2026-Q2
"2 chambres salon,louer,lome,legbasito",LOCATION,Appartement,agoe,70000.0,3.0,30.0,23333.0,2333.0,immoask,,2026,2,2026-Q2
"2 chambres salon,louer,lome,adidogome assiyeye",LOCATION,Appartement,adidogome,120000.0,3.0,100.0,40000.0,1200.0,immoask,,2026,2,2026-Q2
"studio meublé,louer,lome,kegue",LOCATION,Appartement,kegue,300000.0,1.0,20.0,300000.0,15000.0,immoask,,2026,2,2026-Q2
"3 chambres salon,louer,lome,lankouvi",LOCATION,Appartement,adidogome,80000.0,4.0,80.0,20000.0,1000.0,immoask,,2026,2,2026-Q2
"appartement meublé,louer,lome,agbalepedo",LOCATION,Appartement,agbalepedo,600000.0,2.0,100.0,300000.0,6000.0,immoask,,2026,2,2026-Q2
"villa,louer,lome,3k",LOCATION,Appartement,baguida,350000.0,3.0,300.0,116667.0,1167.0,immoask,,2026,2,2026-Q2
"chambre salon,louer,lome,nukafu",LOCATION,Chambre,nukafu,45000.0,2.0,25.0,22500.0,1800.0,immoask,,2026,2,2026-Q2
"terrain,vendre,lome,agbelouve",VENTE,Terrain,agbelouve,2800000.0,,10000.0,,280.0,immoask,,2026,2,2026-Q2
"terrain,vendre,lome,kegue",VENTE,Terrain,kegue,55000000.0,,750.0,,73333.0,immoask,,2026,2,2026-Q2
"villa meublée,vendre,lome,zanguera",VENTE,Villa Meuble,zanguera,550000000.0,3.0,600.0,,916667.0,immoask,,2026,2,2026-Q2
"chambre,louer,lome,totsi egblinkome",LOCATION,Chambre,totsi,30000.0,1.0,10.0,30000.0,3000.0,immoask,,2026,2,2026-Q2
"2 chambres salon,louer,1,nukafu",LOCATION,Appartement,nukafu,100000.0,3.0,60.0,33333.0,1667.0,immoask,,2026,2,2026-Q2
"3 chambres salon,louer,lome,kegue",LOCATION,Appartement,kegue,250000.0,4.0,120.0,62500.0,2083.0,immoask,,2026,2,2026-Q2
"villa,vendre,lome,forever",VENTE,Villa,tokoin,250000000.0,5.0,10.0,,25000000.0,immoask,,2026,2,2026-Q2
"chambre,louer,lome,zanguera",LOCATION,Chambre,zanguera,30000.0,1.0,16.0,30000.0,1875.0,immoask,,2026,2,2026-Q2
"2 chambres salon,louer,lome,tokoin",LOCATION,Appartement,tokoin,35000.0,3.0,80.0,11667.0,438.0,immoask,,2026,2,2026-Q2
"chambre salon,louer,lome,adidogome atilamonou",LOCATION,Chambre,adidogome,45000.0,2.0,25.0,22500.0,1800.0,immoask,,2026,2,2026-Q2
"2 chambres salon,louer,lome,adidogome kohe",LOCATION,Appartement,adidogome,70000.0,3.0,50.0,23333.0,1400.0,immoask,,2026,2,2026-Q2
"3 chambres salon,louer,lome,kegue",LOCATION,Appartement,kegue,150000.0,4.0,80.0,37500.0,1875.0,immoask,,2026,2,2026-Q2
"chambre salon,louer,lome,kegue",LOCATION,Chambre,kegue,60000.0,2.0,20.0,30000.0,3000.0,immoask,,2026,2,2026-Q2
"villa meublée,louer,lome,avenou",LOCATION,Villa Meuble,avenou,2000000.0,3.0,120.0,666667.0,16667.0,immoask,,2026,2,2026-Q2
"studio meublé,louer,lome,agoe",LOCATION,Chambre Meuble,agoe,150000.0,1.0,80.0,150000.0,1875.0,immoask,,2026,2,2026-Q2
"maison,vendre,lome,agoe",VENTE,Maison,agoe,35000000.0,3.0,10.0,,3500000.0,immoask,,2026,2,2026-Q2
"appartement meublé,louer,lome,tokoin",LOCATION,Appartement,tokoin,450000.0,2.0,80.0,225000.0,5625.0,immoask,,2026,2,2026-Q2
"appartement meublé,louer,lome,agbalepedo",LOCATION,Appartement,agbalepedo,400000.0,2.0,25.0,200000.0,16000.0,immoask,,2026,2,2026-Q2
"villa meublée,louer,lome,hedzranawoe",LOCATION,Villa Meuble,hedzranawoe,500000.0,3.0,300.0,166667.0,1667.0,immoask,,2026,2,2026-Q2
"appartement meublé,louer,lome,adidoadin",LOCATION,Appartement,adidoadin,500000.0,2.0,250.0,250000.0,2000.0,immoask,,2026,2,2026-Q2
"appartement meublé,louer,1,adidoadin",LOCATION,Appartement,adidoadin,500000.0,2.0,250.0,250000.0,2000.0,immoask,,2026,2,2026-Q2
"appartement meublé,louer,lome,agoe",LOCATION,Appartement,agoe,200000.0,2.0,25.0,100000.0,8000.0,immoask,,2026,2,2026-Q2
"appartement meublé,louer,lome,avedji limousine",LOCATION,Appartement,adidogome,550000.0,2.0,300.0,275000.0,1833.0,immoask,,2026,2,2026-Q2
"appartement meublé,louer,lome,amadahome",LOCATION,Appartement,adidogome,350000.0,2.0,25.0,175000.0,14000.0,immoask,,2026,2,2026-Q2
"appartement meublé,louer,lome,amandahome",LOCATION,Appartement,adidogome,700000.0,2.0,300.0,350000.0,2333.0,immoask,,2026,2,2026-Q2
"villa,vendre,lome,agoe",VENTE,Appartement,agoe,155000000.0,2.0,1200.0,,129167.0,immoask,,2026,2,2026-Q2
"villa,vendre,lome,adidogome akato",VENTE,Villa,adidogome,65000000.0,3.0,300.0,,216667.0,immoask,,2026,2,2026-Q2
"studio meublé,louer,lome,agoe",LOCATION,Appartement,agoe,170000.0,2.0,16.0,85000.0,10625.0,immoask,,2026,2,2026-Q2
"maison,vendre,lome,tokoin hopital",VENTE,Maison,tokoin,70000000.0,3.0,392.0,,178571.0,immoask,,2026,2,2026-Q2
"studio meublé,louer,lome,avedji",LOCATION,Appartement,avedji,200000.0,2.0,20.0,100000.0,10000.0,immoask,,2026,2,2026-Q2
"terrain,vendre,kpalime,avetonou",VENTE,Terrain,avetonou,550000.0,,10000.0,,55.0,immoask,,2026,2,2026-Q2
"appartement meublé,louer,lome,be gbenyedzi",LOCATION,Appartement,be,400000.0,2.0,120.0,200000.0,3333.0,immoask,,2026,2,2026-Q2
"appartement meublé,louer,lome,atiegou",LOCATION,Appartement,attiegou,200000.0,1.0,80.0,200000.0,2500.0,immoask,,2026,2,2026-Q2
"appartement meublé,louer,lome,be gbenyedzi",LOCATION,Appartement,be,350000.0,2.0,100.0,175000.0,3500.0,immoask,,2026,2,2026-Q2
"villa,vendre,lome,segbe",VENTE,Villa,segbe,30000000.0,3.0,300.0,,100000.0,immoask,,2026,2,2026-Q2
"villa,louer,lome,totsi",LOCATION,Appartement,totsi,300000.0,3.0,300.0,100000.0,1000.0,immoask,,2026,2,2026-Q2
"villa,louer,lome,leo 2000",LOCATION,Appartement,leo 2000,230000.0,3.0,150.0,76667.0,1533.0,immoask,,2026,2,2026-Q2
"villa,louer,lome,sagbado",LOCATION,Appartement,sagbado,100000.0,4.0,300.0,25000.0,333.0,immoask,,2026,2,2026-Q2
"boutique,louer,akepe,noepe",LOCATION,Boutique,noepe,60000.0,1.0,80.0,60000.0,750.0,immoask,,2026,2,2026-Q2
"chambre,louer,lome,hedzranawoe",LOCATION,Chambre,hedzranawoe,30000.0,1.0,25.0,30000.0,1200.0,immoask,,2026,2,2026-Q2
"terrain,vendre,lome,sagbado",VENTE,Terrain,sagbado,11000000.0,,300.0,,36667.0,immoask,,2026,2,2026-Q2
"appartement meublé,louer,lome,adewi",LOCATION,Appartement,adewui,410000.0,2.0,100.0,205000.0,4100.0,immoask,,2026,2,2026-Q2
"appartement meublé,louer,lome,atilamonou",LOCATION,Appartement,adidogome,180000.0,2.0,120.0,90000.0,1500.0,immoask,,2026,2,2026-Q2
"appartement meublé,louer,lome, adewi",LOCATION,Appartement,adewui,310000.0,1.0,110.0,310000.0,2818.0,immoask,,2026,2,2026-Q2
"studio meublé,louer,lome,adewi",LOCATION,Chambre Meuble,adewui,210000.0,1.0,90.0,210000.0,2333.0,immoask,,2026,2,2026-Q2
"magasin,louer,lome,hedzranawoe",LOCATION,Magasin,hedzranawoe,350000.0,1.0,300.0,350000.0,1167.0,immoask,,2026,2,2026-Q2
"appartement meublé,louer,lome,nyekonakpoe",LOCATION,Appartement,nyekonakpoe,1000000.0,3.0,156.0,333333.0,6410.0,immoask,,2026,2,2026-Q2
"immeuble,vendre,lome,adewui",VENTE,Villa,adewui,100000000.0,2.0,680.0,,147059.0,immoask,,2026,2,2026-Q2
"terrain,vendre,lome,akepe",VENTE,Terrain,akepe,5500000.0,,600.0,,9167.0,immoask,,2026,2,2026-Q2
"terrain,vendre,lome,akepe",VENTE,Terrain,akepe,6500000.0,,600.0,,10833.0,immoask,,2026,2,2026-Q2
"appartement meublé,louer,lome,adewi",LOCATION,Appartement,adewui,450000.0,2.0,130.0,225000.0,3462.0,immoask,,2026,2,2026-Q2
"villa,louer,lome,ave maria",LOCATION,Appartement,adidogome,120000.0,2.0,70.0,60000.0,1714.0,immoask,,2026,2,2026-Q2
"terrain,vendre,lome,adidogome",VENTE,Terrain,adidogome,15500000.0,,300.0,,51667.0,immoask,,2026,2,2026-Q2
"chambre salon,louer,lome,soviepe",LOCATION,Chambre,adidogome,25000.0,2.0,15.0,12500.0,1667.0,immoask,,2026,2,2026-Q2
"appartement meublé,louer,lome,hedzranawoe",LOCATION,Appartement,hedzranawoe,500000.0,3.0,250.0,166667.0,2000.0,immoask,,2026,2,2026-Q2
"appartement,louer,lome,adidogome",LOCATION,Appartement,adidogome,120000.0,2.0,100.0,60000.0,1200.0,immoask,,2026,2,2026-Q2
"terrain,vendre,lome,non loin de t-oil leo 2000",VENTE,Terrain,agoe,40000000.0,,740.0,,54054.0,immoask,,2026,2,2026-Q2
"appartement,louer,lome,adidogome",LOCATION,Appartement,adidogome,180000.0,3.0,120.0,60000.0,1500.0,immoask,,2026,2,2026-Q2
"appartement meublé,louer,lome,hedzranawoe",LOCATION,Appartement,hedzranawoe,600000.0,3.0,250.0,200000.0,2400.0,immoask,,2026,2,2026-Q2
"chambre salon,louer,lome,adewi",LOCATION,Chambre,adewui,200000.0,2.0,60.0,100000.0,3333.0,immoask,,2026,2,2026-Q2
"villa,louer,lome,adidogome",LOCATION,Appartement,adidogome,80000.0,3.0,70.0,26667.0,1143.0,immoask,,2026,2,2026-Q2
"terrain,vendre,lome,agoe",VENTE,Terrain,agoe,12500000.0,,300.0,,41667.0,immoask,,2026,2,2026-Q2
"chambre salon,louer,lome,soviefe",LOCATION,Chambre,adidogome,50000.0,2.0,16.0,25000.0,3125.0,immoask,,2026,2,2026-Q2
"chambre salon,louer,lome,adidogome",LOCATION,Chambre,adidogome,60000.0,2.0,16.0,30000.0,3750.0,immoask,,2026,2,2026-Q2
"chambre salon,louer,lome,adidogome",LOCATION,Chambre,adidogome,25000.0,2.0,14.5,12500.0,1724.0,immoask,,2026,2,2026-Q2
"chambre salon,louer,lome,adidogome",LOCATION,Chambre,adidogome,33000.0,2.0,25.0,16500.0,1320.0,immoask,,2026,2,2026-Q2
"villa meublée,louer,lome,adidogome",LOCATION,Villa Meuble,adidogome,600000.0,3.0,100.0,200000.0,6000.0,immoask,,2026,2,2026-Q2
"villa meublée,louer,lome,adidogome",LOCATION,Villa Meuble,adidogome,450000.0,2.0,100.0,225000.0,4500.0,immoask,,2026,2,2026-Q2
"villa,louer,lome,adidogome",LOCATION,Appartement,adidogome,300000.0,6.0,120.0,50000.0,2500.0,immoask,,2026,2,2026-Q2
"chambre salon,louer,lome,adidogome",LOCATION,Chambre,adidogome,50000.0,2.0,20.0,25000.0,2500.0,immoask,,2026,2,2026-Q2
"2 chambres salon,louer,lome,adidogome",LOCATION,Appartement,adidogome,60000.0,3.0,40.0,20000.0,1500.0,immoask,,2026,2,2026-Q2
"appartement meublé,louer,lome,agoe",LOCATION,Appartement,agoe,250000.0,1.0,100.0,250000.0,2500.0,immoask,,2026,2,2026-Q2
"appartement meublé,louer,lome,adidogome",LOCATION,Appartement,adidogome,350000.0,2.0,150.0,175000.0,2333.0,immoask,,2026,2,2026-Q2
"villa meublée,louer,lome,adidogome",LOCATION,Villa Meuble,adidogome,1000000.0,4.0,150.0,250000.0,6667.0,immoask,,2026,2,2026-Q2
"chambre salon,louer,lome,zanguera",LOCATION,Chambre,zanguera,35000.0,2.0,15.0,17500.0,2333.0,immoask,,2026,2,2026-Q2
"appartement meublé,louer,lome,adidogome",LOCATION,Appartement,adidogome,450000.0,2.0,150.0,225000.0,3000.0,immoask,,2026,2,2026-Q2
"appartement meublé,louer,lome, centre ville",LOCATION,Appartement,nyekonakpoe,1100000.0,1.0,100.0,1100000.0,11000.0,immoask,,2026,2,2026-Q2
"chambre salon,louer,lome, zanguera",LOCATION,Chambre,zanguera,45000.0,2.0,20.0,22500.0,2250.0,immoask,,2026,2,2026-Q2
"villa meublée,louer,lome,carrefour aised",LOCATION,Villa Meuble,adidogome,400000.0,2.0,150.0,200000.0,2667.0,immoask,,2026,2,2026-Q2
"appartement meublé,louer,lome, gblinkome",LOCATION,Appartement,gblinkome,250000.0,2.0,55.0,125000.0,4545.0,immoask,,2026,2,2026-Q2
"appartement meublé,louer,lome,kodjoviakope",LOCATION,Appartement,kodjoviakope,300000.0,1.0,50.0,300000.0,6000.0,immoask,,2026,2,2026-Q2
"studio meublé,louer,lome,agoe",LOCATION,Appartement,agoe,150000.0,1.0,25.0,150000.0,6000.0,immoask,,2026,2,2026-Q2
"appartement meublé,louer,lome,adidogome",LOCATION,Appartement,adidogome,200000.0,2.0,50.0,100000.0,4000.0,immoask,,2026,2,2026-Q2
"appartement meublé,louer,lome,kodjoviakope",LOCATION,Appartement,kodjoviakope,550000.0,2.0,100.0,275000.0,5500.0,immoask,,2026,2,2026-Q2
"appartement meublé,louer,lome,hedzranawoe",LOCATION,Appartement,hedzranawoe,350000.0,1.0,70.0,350000.0,5000.0,immoask,,2026,2,2026-Q2
"appartement meublé,louer,lome,agoe nyive",LOCATION,Appartement,agoe,250000.0,1.0,70.0,250000.0,3571.0,immoask,,2026,2,2026-Q2
"immeuble commercial,vendre,lome,legbassito",VENTE,Appartement,agoe,85000000.0,2.0,600.0,,141667.0,immoask,,2026,2,2026-Q2
"appartement meublé,louer,lome,avenou",LOCATION,Appartement,avenou,450000.0,2.0,100.0,225000.0,4500.0,immoask,,2026,2,2026-Q2
"appartement meublé,louer,lome,agbalepedo",LOCATION,Appartement,agbalepedo,150000.0,2.0,70.0,75000.0,2143.0,immoask,,2026,2,2026-Q2
"appartement meublé,louer,lome,agbalepedo",LOCATION,Appartement,agbalepedo,300000.0,3.0,120.0,100000.0,2500.0,immoask,,2026,2,2026-Q2
"appartement meublé,louer,lome,segbe",LOCATION,Appartement,segbe,330000.0,2.0,70.0,165000.0,4714.0,immoask,,2026,2,2026-Q2
"appartement meublé,louer,lome,adidoadin",LOCATION,Appartement,adidoadin,350000.0,2.0,100.0,175000.0,3500.0,immoask,,2026,2,2026-Q2
"boutique,louer,lome,djidjole",LOCATION,Appartement,djidjole,40000.0,3.0,33.0,13333.0,1212.0,immoask,,2026,2,2026-Q2
"appartement meublé,louer,lome,avedji",LOCATION,Appartement,avedji,250000.0,2.0,150.0,125000.0,1667.0,immoask,,2026,2,2026-Q2
"appartement meublé,louer,lome,avedji",LOCATION,Appartement,avedji,250000.0,2.0,15.0,125000.0,16667.0,immoask,,2026,2,2026-Q2
"appartement meublé,louer,lome,sagbado",LOCATION,Appartement,sagbado,350000.0,2.0,150.0,175000.0,2333.0,immoask,,2026,2,2026-Q2
"terrain,vendre,lome,davie",VENTE,Terrain,davie,1000000.0,,150.0,,6667.0,immoask,,2026,2,2026-Q2
"terrain,vendre,lome,davie",VENTE,Terrain,davie,6500000.0,,600.0,,10833.0,immoask,,2026,2,2026-Q2
"terrain,vendre,lome,kohe",VENTE,Terrain,adidogome,13500000.0,,760.0,,17763.0,immoask,,2026,2,2026-Q2
"villa,louer,lome,avepozo",LOCATION,Appartement,avepozo,250000.0,3.0,300.0,83333.0,833.0,immoask,,2026,2,2026-Q2
"appartement meublé,louer,lome,segbe",LOCATION,Appartement,segbe,350000.0,2.0,100.0,175000.0,3500.0,immoask,,2026,2,2026-Q2
"terrain,vendre,lome,adetikope",VENTE,Terrain,adetikope,8000000.0,,600.0,,13333.0,immoask,,2026,2,2026-Q2
"terrain,vendre,lome,adetikope",VENTE,Terrain,adetikope,16000000.0,,600.0,,26667.0,immoask,,2026,2,2026-Q2
"terrain,vendre,lome,segbe",VENTE,Terrain,segbe,26000000.0,,880.0,,29545.0,immoask,,2026,2,2026-Q2
"terrain,vendre,lome,adeticope",VENTE,Terrain,adetikope,3500000.0,,300.0,,11667.0,immoask,,2026,2,2026-Q2
"terrain,vendre,lome,adeticope",VENTE,Terrain,adetikope,2000000.0,,150.0,,13333.0,immoask,,2026,2,2026-Q2
"maison,vendre,lome,vapkossito",VENTE,Maison,agoe,25000000.0,3.0,300.0,,83333.0,immoask,,2026,2,2026-Q2
"villa meublée,louer,lome,adidoadin",LOCATION,Villa Meuble,adidoadin,250000.0,1.0,150.0,250000.0,1667.0,immoask,,2026,2,2026-Q2
"terrain,vendre,lome,adetikope",VENTE,Terrain,adetikope,3500000.0,,300.0,,11667.0,immoask,,2026,2,2026-Q2
"terrain,vendre,lome,adetikope",VENTE,Terrain,adetikope,2000000.0,,150.0,,13333.0,immoask,,2026,2,2026-Q2
"terrain,vendre,lome,djagble",VENTE,Terrain,djagble,3500000.0,,300.0,,11667.0,immoask,,2026,2,2026-Q2
"terrain,vendre,lome,adetikope",VENTE,Terrain,adetikope,6500000.0,,600.0,,10833.0,immoask,,2026,2,2026-Q2
"appartement,louer,lome,adewi",LOCATION,Appartement,adewui,300000.0,2.0,60.0,150000.0,5000.0,immoask,,2026,2,2026-Q2
"villa,vendre,lome,agoe",VENTE,Villa,agoe,40000000.0,3.0,300.0,,133333.0,immoask,,2026,2,2026-Q2
"studio meublé,louer,lome,adidogome",LOCATION,Appartement,adidogome,250000.0,1.0,17.0,250000.0,14706.0,immoask,,2026,2,2026-Q2
"villa meublée,louer,lome,akodessewa",LOCATION,Villa Meuble,akodessewa,1800000.0,5.0,700.0,360000.0,2571.0,immoask,,2026,2,2026-Q2
"appartement meublé,louer,lome,adidogome",LOCATION,Appartement,adidogome,350000.0,1.0,35.0,350000.0,10000.0,immoask,,2026,2,2026-Q2
"appartement meublé,louer,lome,adidogome",LOCATION,Appartement,adidogome,500000.0,2.0,80.0,250000.0,6250.0,immoask,,2026,2,2026-Q2
"appartement meublé,louer,lome,adidogome",LOCATION,Appartement,adidogome,600000.0,2.0,80.0,300000.0,7500.0,immoask,,2026,2,2026-Q2
"terrain,vendre,lome,djagble",VENTE,Terrain,djagble,12000000.0,,600.0,,20000.0,immoask,,2026,2,2026-Q2
"appartement meublé,louer,lome,attiegou",LOCATION,Appartement,attiegou,500000.0,2.0,153.0,250000.0,3268.0,immoask,,2026,2,2026-Q2
"chambre salon,louer,lome,agbalepedo",LOCATION,Chambre,agbalepedo,55000.0,2.0,35.0,27500.0,1571.0,immoask,,2026,2,2026-Q2
"terrain,vendre,lome,zanguera",VENTE,Terrain,zanguera,9000000.0,,600.0,,15000.0,immoask,,2026,2,2026-Q2
"terrain,vendre,lome,adidogome",VENTE,Terrain,adidogome,16000000.0,,600.0,,26667.0,immoask,,2026,2,2026-Q2
"chambre salon,louer,lome,adidogome",LOCATION,Chambre,adidogome,35000.0,2.0,30.0,17500.0,1167.0,immoask,,2026,2,2026-Q2
"2 chambres salon,louer,lome,adewui",LOCATION,Appartement,adewui,300000.0,3.0,90.0,100000.0,3333.0,immoask,,2026,2,2026-Q2
"chambre salon,louer,lome,adewui",LOCATION,Chambre,adewui,225000.0,2.0,75.0,112500.0,3000.0,immoask,,2026,2,2026-Q2
"chambre,louer,lome,adewui",LOCATION,Appartement,adewui,125000.0,2.0,40.0,62500.0,3125.0,immoask,,2026,2,2026-Q2
"terrain,vendre,lome,adetikope",VENTE,Terrain,adetikope,6000000.0,,600.0,,10000.0,immoask,,2026,2,2026-Q2
"terrain,vendre,lome,davie",VENTE,Terrain,davie,5600000.0,,600.0,,9333.0,immoask,,2026,2,2026-Q2
"maison,vendre,lome,djiffa kpota",VENTE,Maison,be,45000000.0,3.0,515.0,,87379.0,immoask,,2026,2,2026-Q2
"terrain,vendre,lome,agbalepedo",VENTE,Terrain,agbalepedo,37000000.0,,345.0,,107246.0,immoask,,2026,2,2026-Q2
"appartement meublé,louer,lome,adidogome",LOCATION,Appartement,adidogome,350000.0,1.0,30.0,350000.0,11667.0,immoask,,2026,2,2026-Q2
"studio meublé,louer,lome,adidogome",LOCATION,Chambre Meuble,adidogome,250000.0,1.0,25.0,250000.0,10000.0,immoask,,2026,2,2026-Q2
"appartement meublé,louer,lome,adidogome",LOCATION,Appartement,adidogome,1000000.0,2.0,100.0,500000.0,10000.0,immoask,,2026,2,2026-Q2
"appartement meublé,louer,lome,adidogome",LOCATION,Appartement,adidogome,600000.0,2.0,70.0,300000.0,8571.0,immoask,,2026,2,2026-Q2
"villa,louer,lome,adidogome",LOCATION,Appartement,adidogome,150000.0,3.0,200.0,50000.0,750.0,immoask,,2026,2,2026-Q2
"appartement meublé,louer,lome,adidogome",LOCATION,Appartement,adidogome,450000.0,2.0,70.0,225000.0,6429.0,immoask,,2026,2,2026-Q2
"appartement meublé,louer,lome,rue de l’ocam",LOCATION,Appartement,be,300000.0,2.0,45.0,150000.0,6667.0,immoask,,2026,2,2026-Q2
"appartement,louer,lome,agoe",LOCATION,Appartement,agoe,55000.0,2.0,53.0,27500.0,1038.0,immoask,,2026,2,2026-Q2
"villa meublée,louer,lome,segbe",LOCATION,Villa Meuble,segbe,250000.0,1.0,150.0,250000.0,1667.0,immoask,,2026,2,2026-Q2
"villa,vendre,lome,avenou",VENTE,Villa,avenou,130000000.0,3.0,334.0,,389222.0,immoask,,2026,2,2026-Q2
"appartement meublé,louer,lome,amandahome.",LOCATION,Appartement,adidogome,300000.0,2.0,70.0,150000.0,4286.0,immoask,,2026,2,2026-Q2
"appartement meublé,louer,aneho,agbanou",LOCATION,Appartement,agbanou,250000.0,3.0,100.0,83333.0,2500.0,immoask,,2026,2,2026-Q2
"appartement meublé,louer,lome,todman",LOCATION,Appartement,tokoin,500000.0,2.0,60.0,250000.0,8333.0,immoask,,2026,2,2026-Q2
"terrain,vendre,lome,tokoin protestant",VENTE,Terrain,tokoin,25000000.0,,300.0,,83333.0,immoask,,2026,2,2026-Q2
"terrain,vendre,lome,sagbado",VENTE,Terrain,sagbado,19000000.0,,459.0,,41394.0,immoask,,2026,2,2026-Q2
"villa,vendre,lome,klikame",VENTE,Villa,klikame,15000000.0,3.0,150.0,,100000.0,immoask,,2026,2,2026-Q2
"chambre salon,louer,lome,attiegou",LOCATION,Chambre,attiegou,45000.0,2.0,30.0,22500.0,1500.0,immoask,,2026,2,2026-Q2
"villa,louer,lome,be",LOCATION,Appartement,be,400001.0,3.0,400.0,133334.0,1000.0,immoask,,2026,2,2026-Q2
"terrain,vendre,lome,attiegou",VENTE,Terrain,attiegou,100000000.0,,1800.0,,55556.0,immoask,,2026,2,2026-Q2
"terrain,vendre,lome,hedzranawoe",VENTE,Terrain,hedzranawoe,200000000.0,,1650.0,,121212.0,immoask,,2026,2,2026-Q2
"appartement meublé,louer,lome,adidogome",LOCATION,Appartement,adidogome,400000.0,2.0,65.0,200000.0,6154.0,immoask,,2026,2,2026-Q2
"villa meublée,louer,lome,adidogome",LOCATION,Villa Meuble,adidogome,800000.0,3.0,700.0,266667.0,1143.0,immoask,,2026,2,2026-Q2
"villa,louer,lome,apedokoe",LOCATION,Appartement,adidogome,500000.0,3.0,600.0,166667.0,833.0,immoask,,2026,2,2026-Q2
"appartement meublé,louer,lome,avenou",LOCATION,Appartement,avenou,500000.0,2.0,70.0,250000.0,7143.0,immoask,,2026,2,2026-Q2
"villa,louer,lome,adidogome",LOCATION,Appartement,adidogome,110000.0,3.0,150.0,36667.0,733.0,immoask,,2026,2,2026-Q2
"chambre salon,louer,lome,adidogome",LOCATION,Chambre,adidogome,45000.0,2.0,30.0,22500.0,1500.0,immoask,,2026,2,2026-Q2
"2 chambres salon,louer,lome,adidogome",LOCATION,Appartement,adidogome,65000.0,3.0,50.0,21667.0,1300.0,immoask,,2026,2,2026-Q2
"terrain,vendre,lome,agoe",VENTE,Terrain,agoe,15000000.0,,600.0,,25000.0,immoask,,2026,2,2026-Q2
"terrain,vendre,lome,zanguera",VENTE,Terrain,zanguera,27000000.0,,1330.0,,20301.0,immoask,,2026,2,2026-Q2
"terrain,vendre,lome,lankouvi",VENTE,Terrain,adidogome,11500000.0,,300.0,,38333.0,immoask,,2026,2,2026-Q2
"appartement meublé,louer,lome,adidogome",LOCATION,Appartement,adidogome,400000.0,3.0,300.0,133333.0,1333.0,immoask,,2026,2,2026-Q2
"villa meublée,louer,lome,agbavi",LOCATION,Villa Meuble,agbavi,500000.0,2.0,600.0,250000.0,833.0,immoask,,2026,2,2026-Q2
"villa,louer,lomé,kegue",LOCATION,Appartement,kegue,500000.0,3.0,300.0,166667.0,1667.0,immoask,,2026,2,2026-Q2
"villa,louer,lome,tokoin",LOCATION,Appartement,tokoin,450000.0,2.0,300.0,225000.0,1500.0,immoask,,2026,2,2026-Q2
"chambre salon,louer,lome,attilamonou",LOCATION,Chambre,adidogome,45000.0,2.0,40.0,22500.0,1125.0,immoask,,2026,2,2026-Q2
"chambre salon,louer,lome,zanguera",LOCATION,Chambre,zanguera,35000.0,2.0,35.0,17500.0,1000.0,immoask,,2026,2,2026-Q2
"appartement meublé,louer,lome,adidogome",LOCATION,Appartement,adidogome,300000.0,2.0,60.0,150000.0,5000.0,immoask,,2026,2,2026-Q2
"villa,louer,lome,cite oua",LOCATION,Appartement,cite oua,2500000.0,5.0,900.0,500000.0,2778.0,immoask,,2026,2,2026-Q2
"chambre salon,louer,lome,zanguera",LOCATION,Chambre,zanguera,50000.0,2.0,50.0,25000.0,1000.0,immoask,,2026,2,2026-Q2
"appartement meublé,louer,lome,tokoin",LOCATION,Appartement,tokoin,500000.0,2.0,70.0,250000.0,7143.0,immoask,,2026,2,2026-Q2
"appartement meublé,louer,lome,hedzranawoe",LOCATION,Appartement,hedzranawoe,400000.0,2.0,80.0,200000.0,5000.0,immoask,,2026,2,2026-Q2
"villa,louer,lome,kegue",LOCATION,Appartement,kegue,500000.0,3.0,300.0,166667.0,1667.0,immoask,,2026,2,2026-Q2
"appartement meublé,louer,lome,zanguera",LOCATION,Appartement,zanguera,300000.0,3.0,70.0,100000.0,4286.0,immoask,,2026,2,2026-Q2
"villa,louer,lome,avepozo",LOCATION,Appartement,avepozo,550000.0,3.0,600.0,183333.0,917.0,immoask,,2026,2,2026-Q2
"appartement meublé,louer,lome,super taco",LOCATION,Appartement,super taco,200000.0,2.0,300.0,100000.0,667.0,immoask,,2026,2,2026-Q2
"appartement meublé,louer,lome,adidogome",LOCATION,Appartement,adidogome,600000.0,2.0,600.0,300000.0,1000.0,immoask,,2026,2,2026-Q2
"villa meublée,louer,lome,kpogan",LOCATION,Villa Meuble,kpogan,800000.0,4.0,600.0,200000.0,1333.0,immoask,,2026,2,2026-Q2
"appartement meublé,louer,lome,adidogome",LOCATION,Appartement,adidogome,350000.0,2.0,300.0,175000.0,1167.0,immoask,,2026,2,2026-Q2
"appartement meublé,louer,lomé,nyekonakpoe",LOCATION,Appartement,nyekonakpoe,350000.0,2.0,300.0,175000.0,1167.0,immoask,,2026,2,2026-Q2
"villa meublée,louer,lome,adidogome",LOCATION,Villa Meuble,adidogome,600000.0,3.0,600.0,200000.0,1000.0,immoask,,2026,2,2026-Q2
"villa meublée,louer,lome,adidogome",LOCATION,Villa Meuble,adidogome,1000000.0,3.0,600.0,333333.0,1667.0,immoask,,2026,2,2026-Q2
"appartement meublé,louer,lome,kodjoviakope",LOCATION,Appartement,kodjoviakope,600000.0,2.0,300.0,300000.0,2000.0,immoask,,2026,2,2026-Q2
"villa meublée,louer,lome,gbossime",LOCATION,Villa Meuble,gbossime,250000.0,3.0,300.0,83333.0,833.0,immoask,,2026,2,2026-Q2
"appartement meublé,louer,lome,agbalepedo",LOCATION,Appartement,agbalepedo,300000.0,2.0,300.0,150000.0,1000.0,immoask,,2026,2,2026-Q2
"villa meublée,louer,lome,adidogome",LOCATION,Villa Meuble,adidogome,1200000.0,3.0,300.0,400000.0,4000.0,immoask,,2026,2,2026-Q2
"villa meublée,louer,lome,adidogome",LOCATION,Villa Meuble,adidogome,450000.0,3.0,80.0,150000.0,5625.0,immoask,,2026,2,2026-Q2
"appartement meublé,louer,lome,hedzranawoe",LOCATION,Appartement,hedzranawoe,400000.0,2.0,50.0,200000.0,8000.0,immoask,,2026,2,2026-Q2
"appartement meublé,louer,lome,nyekonakpoe",LOCATION,Appartement,nyekonakpoe,350000.0,2.0,300.0,175000.0,1167.0,immoask,,2026,2,2026-Q2
"appartement meublé,louer,lome,adidoadin",LOCATION,Appartement,adidoadin,250000.0,1.0,150.0,250000.0,1667.0,immoask,,2026,2,2026-Q2
"villa meublée,louer,lome,adeticope",LOCATION,Villa Meuble,adetikope,350000.0,3.0,300.0,116667.0,1167.0,immoask,,2026,2,2026-Q2
"appartement meublé,louer,lome,adidoadin",LOCATION,Appartement,adidoadin,200000.0,1.0,150.0,200000.0,1333.0,immoask,,2026,2,2026-Q2
"appartement meublé,louer,lome,kpota non loin du lycee",LOCATION,Appartement,be,450000.0,3.0,300.0,150000.0,1500.0,immoask,,2026,2,2026-Q2
"appartement meublé,louer,lome,kegue",LOCATION,Appartement,kegue,150000.0,2.0,150.0,75000.0,1000.0,immoask,,2026,2,2026-Q2
"appartement meublé,louer,1,kegue",LOCATION,Appartement,kegue,150000.0,2.0,150.0,75000.0,1000.0,immoask,,2026,2,2026-Q2
"appartement meublé,louer,lome,attiegou",LOCATION,Appartement,attiegou,250000.0,2.0,150.0,125000.0,1667.0,immoask,,2026,2,2026-Q2
"villa meublée,louer,lome,hedzanawoe - novissi",LOCATION,Villa Meuble,hedzranawoe,500000.0,3.0,300.0,166667.0,1667.0,immoask,,2026,2,2026-Q2
"villa meublée,louer,lome,kpogan non loin du goudron",LOCATION,Villa Meuble,kpogan,800000.0,3.0,300.0,266667.0,2667.0,immoask,,2026,2,2026-Q2
"appartement meublé,louer,lome,kegue tsinga",LOCATION,Appartement,kegue,200000.0,1.0,150.0,200000.0,1333.0,immoask,,2026,2,2026-Q2
"villa meublée,louer,lome,hedzranawoe",LOCATION,Villa Meuble,hedzranawoe,400000.0,3.0,300.0,133333.0,1333.0,immoask,,2026,2,2026-Q2
"appartement meublé,louer,lome,cito aeroport",LOCATION,Appartement,cito aeroport,300000.0,1.0,150.0,300000.0,2000.0,immoask,,2026,2,2026-Q2
"chambre salon,louer,lome,cito aeroport",LOCATION,Chambre,cito aeroport,300000.0,2.0,150.0,150000.0,2000.0,immoask,,2026,2,2026-Q2
"villa,louer,lome,tokoin",LOCATION,Appartement,tokoin,150000.0,2.0,150.0,75000.0,1000.0,immoask,,2026,2,2026-Q2
"appartement meublé,louer,lome,hedzranawoe",LOCATION,Appartement,hedzranawoe,350000.0,2.0,200.0,175000.0,1750.0,immoask,,2026,2,2026-Q2
"appartement meublé,louer,lome,hedzranawoe",LOCATION,Appartement,hedzranawoe,350000.0,2.0,120.0,175000.0,2917.0,immoask,,2026,2,2026-Q2
"villa,vendre,lome,adidogome",VENTE,Villa,adidogome,50000000.0,3.0,300.0,,166667.0,immoask,,2026,2,2026-Q2
"terrain,vendre,lome,agoe",VENTE,Terrain,agoe,150000000.0,,1200.0,,125000.0,immoask,,2026,2,2026-Q2
"chambre salon,louer,lome,agoe zossime",LOCATION,Chambre,agoe,45000.0,2.0,45.0,22500.0,1000.0,immoask,,2026,2,2026-Q2
"appartement,louer,lome,agoe zossime",LOCATION,Appartement,agoe,70000.0,2.0,50.0,35000.0,1400.0,immoask,,2026,2,2026-Q2
"villa,louer,lome,avepozo",LOCATION,Appartement,avepozo,250000.0,2.0,1200.0,125000.0,208.0,immoask,,2026,2,2026-Q2
"terrain,vendre,kpalime,yokele",VENTE,Terrain,yokele,20000000.0,,2400.0,,8333.0,immoask,,2026,2,2026-Q2
"chambre salon,louer,lome,be kpota",LOCATION,Chambre,be,45000.0,2.0,42.0,22500.0,1071.0,immoask,,2026,2,2026-Q2
"chambre salon,louer,lome,cacaveli",LOCATION,Chambre,agoe,55000.0,2.0,25.0,27500.0,2200.0,immoask,,2026,2,2026-Q2
"terrain,vendre,kpalime,kpime",VENTE,Terrain,kpime,700000.0,,600.0,,1167.0,immoask,,2026,2,2026-Q2
"studio meublé,louer,lomé,avenou",LOCATION,Appartement,avenou,220000.0,2.0,24.0,110000.0,9167.0,immoask,,2026,2,2026-Q2
"appartement meublé,louer,lome,adidogome",LOCATION,Appartement,adidogome,500000.0,2.0,35.0,250000.0,14286.0,immoask,,2026,2,2026-Q2
"villa,vendre,lome,be kpota",VENTE,Villa,be,130000000.0,4.0,300.0,,433333.0,immoask,,2026,2,2026-Q2
"appartement meublé,louer,lome,agoe",LOCATION,Appartement,agoe,170000.0,2.0,55.0,85000.0,3091.0,immoask,,2026,2,2026-Q2
"terrain,vendre,lome,agoe",VENTE,Appartement,agoe,33000000.0,2.0,300.0,,110000.0,immoask,,2026,2,2026-Q2
"villa,louer,lome,baguida",LOCATION,Appartement,baguida,150000.0,3.0,300.0,50000.0,500.0,immoask,,2026,2,2026-Q2
"villa meublée,louer,lome,adidogome la pampar",LOCATION,Villa Meuble,adidogome,600000.0,3.0,300.0,200000.0,2000.0,immoask,,2026,2,2026-Q2
"appartement meublé,louer,lome,adidogome la pampar",LOCATION,Appartement,adidogome,700000.0,2.0,400.0,350000.0,1750.0,immoask,,2026,2,2026-Q2
"villa meublée,louer,lome,baguida",LOCATION,Villa Meuble,baguida,500000.0,3.0,600.0,166667.0,833.0,immoask,,2026,2,2026-Q2
"villa,louer,lome,sagbado",LOCATION,Appartement,sagbado,300000.0,3.0,300.0,100000.0,1000.0,immoask,,2026,2,2026-Q2
"appartement meublé,louer,lome,tokoin",LOCATION,Appartement,tokoin,150000.0,1.0,80.0,150000.0,1875.0,immoask,,2026,2,2026-Q2
"studio meublé,louer,lome,agbalepedo",LOCATION,Appartement,agbalepedo,210000.0,2.0,80.0,105000.0,2625.0,immoask,,2026,2,2026-Q2
"studio meublé,louer,lome,agbalepeto",LOCATION,Chambre Meuble,agbalepedo,210000.0,1.0,80.0,210000.0,2625.0,immoask,,2026,2,2026-Q2
"terrain,vendre,lome,agoe sogbossito",VENTE,Terrain,agoe,6000000.0,,300.0,,20000.0,immoask,,2026,2,2026-Q2
"villa,louer,lome,kegue",LOCATION,Appartement,kegue,300000.0,3.0,300.0,100000.0,1000.0,immoask,,2026,2,2026-Q2
"villa meublée,louer,lome,avedji",LOCATION,Villa Meuble,avedji,300000.0,3.0,300.0,100000.0,1000.0,immoask,,2026,2,2026-Q2
"villa,louer,lomé,atiegou",LOCATION,Appartement,attiegou,250000.0,3.0,300.0,83333.0,833.0,immoask,,2026,2,2026-Q2
"villa,louer,lome,atiegou",LOCATION,Appartement,attiegou,250000.0,3.0,300.0,83333.0,833.0,immoask,,2026,2,2026-Q2
"villa,vendre,lome,djagble",VENTE,Villa,djagble,215000000.0,10.0,300.0,,716667.0,immoask,,2026,2,2026-Q2
"appartement,louer,lome,djagble",LOCATION,Appartement,djagble,300000.0,6.0,300.0,50000.0,1000.0,immoask,,2026,2,2026-Q2
"appartement,louer,lome,djagble",LOCATION,Appartement,djagble,350000.0,4.0,300.0,87500.0,1167.0,immoask,,2026,2,2026-Q2
"appartement meublé,louer,lome,nyekonakpoe",LOCATION,Appartement,nyekonakpoe,400000.0,2.0,60.0,200000.0,6667.0,immoask,,2026,2,2026-Q2
"appartement meublé,louer,lome,tokoin casablanca",LOCATION,Appartement,tokoin,450000.0,2.0,125.0,225000.0,3600.0,immoask,,2026,2,2026-Q2
"appartement meublé,louer,lome,totsi",LOCATION,Appartement,totsi,300000.0,2.0,150.0,150000.0,2000.0,immoask,,2026,2,2026-Q2
"appartement meublé,louer,lome,adidoadin",LOCATION,Appartement,adidoadin,300000.0,2.0,200.0,150000.0,1500.0,immoask,,2026,2,2026-Q2
"terrain,vendre,lome,legbassito",VENTE,Terrain,agoe,15000000.0,,600.0,,25000.0,immoask,,2026,2,2026-Q2
"chambre salon,louer,lome,kagome",LOCATION,Chambre,kagome,30000.0,2.0,50.0,15000.0,600.0,immoask,,2026,2,2026-Q2
"villa,louer,lome,adidogome",LOCATION,Appartement,adidogome,375000.0,3.0,400.0,125000.0,938.0,immoask,,2026,2,2026-Q2
"appartement meublé,louer,lome,agbalepedo",LOCATION,Appartement,agbalepedo,300000.0,2.0,200.0,150000.0,1500.0,immoask,,2026,2,2026-Q2
"maison,vendre,lome,sanguera",VENTE,Maison,zanguera,65000000.0,3.0,500.0,,130000.0,immoask,,2026,2,2026-Q2
"terrain,vendre,1,afagnan",VENTE,Terrain,afagnan,3000000.0,,600.0,,5000.0,immoask,,2026,2,2026-Q2
"terrain,vendre,lome,djidjole",VENTE,Appartement,djidjole,27000000.0,2.0,386.0,,69948.0,immoask,,2026,2,2026-Q2
"villa,louer,lome,segbe,akato-deme",LOCATION,Appartement,segbe,140000.0,4.0,300.0,35000.0,467.0,immoask,,2026,2,2026-Q2
"appartement meublé,louer,lome,gbossime",LOCATION,Appartement,gbossime,250000.0,3.0,150.0,83333.0,1667.0,immoask,,2026,2,2026-Q2
"villa,vendre,lome,djagble",VENTE,Villa,djagble,32000000.0,5.0,445.0,,71910.0,immoask,,2026,2,2026-Q2
"magasin,louer,lome,be kpota",LOCATION,Magasin,be,400000.0,1.0,300.0,400000.0,1333.0,immoask,,2026,2,2026-Q2
"appartement meublé,louer,lome,agoe anome",LOCATION,Appartement,agoe,300000.0,2.0,300.0,150000.0,1000.0,immoask,,2026,2,2026-Q2
"villa meublée,louer,lomé,amadahome",LOCATION,Villa Meuble,adidogome,600000.0,3.0,600.0,200000.0,1000.0,immoask,,2026,2,2026-Q2
"appartement meublé,louer,lome,kegue",LOCATION,Appartement,kegue,150000.0,2.0,80.0,75000.0,1875.0,immoask,,2026,2,2026-Q2
"appartement meublé,louer,lome,hedzranawoe",LOCATION,Appartement,hedzranawoe,350000.0,2.0,100.0,175000.0,3500.0,immoask,,2026,2,2026-Q2
"appartement meublé,louer,lome,hedranawoe",LOCATION,Appartement,hedzranawoe,250000.0,1.0,80.0,250000.0,3125.0,immoask,,2026,2,2026-Q2
"appartement meublé,louer,lome,djidjole",LOCATION,Appartement,djidjole,350000.0,2.0,100.0,175000.0,3500.0,immoask,,2026,2,2026-Q2
"villa meublée,louer,lome,avepozo",LOCATION,Villa Meuble,avepozo,400000.0,3.0,300.0,133333.0,1333.0,immoask,,2026,2,2026-Q2
"appartement meublé,louer,lome,baguida",LOCATION,Appartement,baguida,400000.0,2.0,300.0,200000.0,1333.0,immoask,,2026,2,2026-Q2
"villa,vendre,lome,be kpota",VENTE,Villa,be,130000000.0,4.0,400.0,,325000.0,immoask,,2026,2,2026-Q2
"villa,louer,lome,hedzranawoe",LOCATION,Appartement,hedzranawoe,1200000.0,6.0,600.0,200000.0,2000.0,immoask,,2026,2,2026-Q2
"villa,louer,lome,hedranawoe",LOCATION,Appartement,hedzranawoe,1200000.0,3.0,600.0,400000.0,2000.0,immoask,,2026,2,2026-Q2
"villa,louer,lome,be kpota",LOCATION,Appartement,be,500000.0,3.0,300.0,166667.0,1667.0,immoask,,2026,2,2026-Q2
"terrain,vendre,lome,agoe togble",VENTE,Terrain,agoe,6500000.0,,300.0,,21667.0,immoask,,2026,2,2026-Q2
"appartement meublé,louer,lome,agoe legbassito anhonkpoe",LOCATION,Appartement,agoe,200000.0,2.0,48.0,100000.0,4167.0,immoask,,2026,2,2026-Q2
"maison,vendre,lome,agoe sogbossito",VENTE,Maison,agoe,35000000.0,2.0,120.0,,291667.0,immoask,,2026,2,2026-Q2
"2 chambres salon,louer,lome,agoe legbassito anhonkpoe",LOCATION,Appartement,agoe,200000.0,3.0,48.0,66667.0,4167.0,immoask,,2026,2,2026-Q2
"boutique,louer,lome,lomegan",LOCATION,Boutique,lomegan,100000.0,1.0,50.0,100000.0,2000.0,immoask,,2026,2,2026-Q2
"terrain,bailler,lome,sagbado",LOCATION,Terrain,sagbado,75000.0,2.0,600.0,37500.0,125.0,immoask,,2026,2,2026-Q2
"terrain,bailler,lome,agoe",LOCATION,Terrain,agoe,75000.0,2.0,600.0,37500.0,125.0,immoask,,2026,2,2026-Q2
"villa,louer,lome,avedji",LOCATION,Appartement,avedji,150000.0,3.0,150.0,50000.0,1000.0,immoask,,2026,2,2026-Q2
"chambre salon,louer,lome,agoe",LOCATION,Chambre,agoe,50000.0,2.0,25.0,25000.0,2000.0,immoask,,2026,2,2026-Q2
"terrain,bailler,lome,avedji",LOCATION,Terrain,avedji,150000.0,2.0,1200.0,75000.0,125.0,immoask,,2026,2,2026-Q2
"3 chambres salon,louer,lome,vakpossito",LOCATION,Appartement,agoe,90000.0,3.0,80.0,30000.0,1125.0,immoask,,2026,2,2026-Q2
"3 chambres salon,louer,lome,adidogome cite mokpokpo",LOCATION,Appartement,adidogome,120000.0,4.0,80.0,30000.0,1500.0,immoask,,2026,2,2026-Q2
"terrain,vendre,tsevie,davie",VENTE,Terrain,davie,4500000.0,,1800.0,,2500.0,immoask,,2026,2,2026-Q2
"2 chambres salon,louer,lome,be station t-oil",LOCATION,Appartement,be,220000.0,3.0,48.0,73333.0,4583.0,immoask,,2026,2,2026-Q2
"villa meublée,louer,lome,zanguera",LOCATION,Villa Meuble,zanguera,250000.0,2.0,48.0,125000.0,5208.0,immoask,,2026,2,2026-Q2
"chambre,louer,lome,zanguera",LOCATION,Chambre,zanguera,15000.0,1.0,16.0,15000.0,938.0,immoask,,2026,2,2026-Q2
"2 chambres salon,louer,lome,adidogome soviepe",LOCATION,Appartement,adidogome,65000.0,3.0,64.0,21667.0,1016.0,immoask,,2026,2,2026-Q2
"chambre salon,louer,lome,carrefour minamadou",LOCATION,Chambre,agoe,60000.0,2.0,64.0,30000.0,938.0,immoask,,2026,2,2026-Q2
"2 chambres salon,louer,lomé,segbe",LOCATION,Appartement,segbe,35000.0,3.0,48.0,11667.0,729.0,immoask,,2026,2,2026-Q2
"2 chambres salon,louer,lome,segbe",LOCATION,Appartement,segbe,45000.0,3.0,48.0,15000.0,938.0,immoask,,2026,2,2026-Q2
"appartement meublé,louer,lome,agoe",LOCATION,Appartement,agoe,350000.0,2.0,80.0,175000.0,4375.0,immoask,,2026,2,2026-Q2
"villa meublée,louer,lome,lome madibar",LOCATION,Villa Meuble,adidogome,650000.0,11.0,1200.0,59091.0,542.0,immoask,,2026,2,2026-Q2
"villa,vendre,lome,segbe",VENTE,Villa,segbe,65000000.0,3.0,450.0,,144444.0,immoask,,2026,2,2026-Q2
"villa,louer,lome,gbegnedji",LOCATION,Appartement,gbegnedji,80000.0,3.0,150.0,26667.0,533.0,immoask,,2026,2,2026-Q2
"villa,louer,lome,kagome",LOCATION,Appartement,kagome,100000.0,2.0,300.0,50000.0,333.0,immoask,,2026,2,2026-Q2
"villa,louer,lome, adidogome",LOCATION,Appartement,adidogome,350000.0,4.0,600.0,87500.0,583.0,immoask,,2026,2,2026-Q2
"appartement meublé,louer,lome,djidjole",LOCATION,Appartement,djidjole,200000.0,1.0,45.0,200000.0,4444.0,immoask,,2026,2,2026-Q2
"villa meublée,louer,aneho,kpeme",LOCATION,Villa Meuble,kpeme,700000.0,3.0,600.0,233333.0,1167.0,immoask,,2026,2,2026-Q2
"appartement meublé,louer,lome,djidjole",LOCATION,Appartement,djidjole,550000.0,2.0,80.0,275000.0,6875.0,immoask,,2026,2,2026-Q2
"chambre salon,louer,lome,akodessewa",LOCATION,Chambre,akodessewa,50000.0,2.0,35.0,25000.0,1429.0,immoask,,2026,2,2026-Q2
"chambre salon,louer,lome,akodessewa",LOCATION,Chambre,akodessewa,60000.0,2.0,35.0,30000.0,1714.0,immoask,,2026,2,2026-Q2
"villa,louer,lome,baguida",LOCATION,Appartement,baguida,750000.0,4.0,10.0,187500.0,75000.0,immoask,,2026,2,2026-Q2
"appartement,louer,lome,amadahome",LOCATION,Appartement,adidogome,60000.0,2.0,55.0,30000.0,1091.0,immoask,,2026,2,2026-Q2
"appartement meublé,louer,lome,tokoin",LOCATION,Appartement,tokoin,300000.0,1.0,35.0,300000.0,8571.0,immoask,,2026,2,2026-Q2
"studio meublé,louer,lome, tokoin",LOCATION,Appartement,tokoin,350000.0,1.0,25.0,350000.0,14000.0,immoask,,2026,2,2026-Q2
"studio meublé,louer,lome, tokoin",LOCATION,Appartement,tokoin,300000.0,1.0,18.0,300000.0,16667.0,immoask,,2026,2,2026-Q2
"appartement meublé,louer,lome, tokoin",LOCATION,Appartement,tokoin,450000.0,2.0,100.0,225000.0,4500.0,immoask,,2026,2,2026-Q2
"appartement meublé,louer,lome,tokoin",LOCATION,Appartement,tokoin,350000.0,2.0,80.0,175000.0,4375.0,immoask,,2026,2,2026-Q2
"terrain,vendre,lome,hedzranawoe",VENTE,Terrain,hedzranawoe,1050000000.0,,9000.0,,116667.0,immoask,,2026,2,2026-Q2
"terrain,vendre,lome,hedzranawoe",VENTE,Terrain,hedzranawoe,560000000.0,,4200.0,,133333.0,immoask,,2026,2,2026-Q2
"terrain,vendre,lome,agoe",VENTE,Terrain,agoe,7000000.0,,300.0,,23333.0,immoask,,2026,2,2026-Q2
"terrain,vendre,lome,zanguera",VENTE,Terrain,zanguera,11000000.0,,600.0,,18333.0,immoask,,2026,2,2026-Q2
"terrain,vendre,lome,djagble",VENTE,Terrain,djagble,6000000.0,,300.0,,20000.0,immoask,,2026,2,2026-Q2
"villa,louer,lome,avenou",LOCATION,Appartement,avenou,350000.0,3.0,600.0,116667.0,583.0,immoask,,2026,2,2026-Q2
"immeuble commercial,louer,lome,assivito",LOCATION,Appartement,assivito,1200000.0,2.0,1000.0,600000.0,1200.0,immoask,,2026,2,2026-Q2
"studio meublé,louer,lome,assivito",LOCATION,Appartement,assivito,900000.0,2.0,18.0,450000.0,50000.0,immoask,,2026,2,2026-Q2
"appartement meublé,louer,lome,assivito",LOCATION,Appartement,assivito,1800000.0,2.0,35.0,900000.0,51429.0,immoask,,2026,2,2026-Q2
"appartement meublé,louer,lomé,adidogome",LOCATION,Appartement,adidogome,350000.0,2.0,85.0,175000.0,4118.0,immoask,,2026,2,2026-Q2
"terrain,vendre,lome,djidjole",VENTE,Terrain,djidjole,40000000.0,,500.0,,80000.0,immoask,,2026,2,2026-Q2
"maison,louer,lome,djidjole",LOCATION,Appartement,djidjole,40000000.0,3.0,500.0,13333333.0,80000.0,immoask,,2026,2,2026-Q2
"villa,vendre,lome,agoe",VENTE,Villa,agoe,15000000.0,2.0,150.0,,100000.0,immoask,,2026,2,2026-Q2
"appartement meublé,louer,lome,agoe",LOCATION,Appartement,agoe,400000.0,2.0,90.0,200000.0,4444.0,immoask,,2026,2,2026-Q2
"appartement,louer,lome,djidjole",LOCATION,Appartement,djidjole,150000.0,3.0,80.0,50000.0,1875.0,immoask,,2026,2,2026-Q2
"appartement meublé,louer,lome, cacaveli",LOCATION,Appartement,agoe,300000.0,2.0,35.0,150000.0,8571.0,immoask,,2026,2,2026-Q2
"appartement meublé,louer,lome,cacaveli",LOCATION,Appartement,agoe,400000.0,2.0,69.0,200000.0,5797.0,immoask,,2026,2,2026-Q2
"studio meublé,louer,lome,be",LOCATION,Appartement,be,200000.0,2.0,20.0,100000.0,10000.0,immoask,,2026,2,2026-Q2
"appartement meublé,louer,lome,be",LOCATION,Appartement,be,400000.0,2.0,65.0,200000.0,6154.0,immoask,,2026,2,2026-Q2
"villa meublée,louer,lome,kegue",LOCATION,Villa Meuble,kegue,350000.0,3.0,250.0,116667.0,1400.0,immoask,,2026,2,2026-Q2
"villa meublée,louer,lome,adidogome",LOCATION,Villa Meuble,adidogome,450000.0,3.0,250.0,150000.0,1800.0,immoask,,2026,2,2026-Q2
"villa meublée,louer,lome,kegue",LOCATION,Villa Meuble,kegue,300000.0,3.0,120.0,100000.0,2500.0,immoask,,2026,2,2026-Q2
"villa meublée,louer,lome,hedzranawoe",LOCATION,Villa Meuble,hedzranawoe,400000.0,3.0,250.0,133333.0,1600.0,immoask,,2026,2,2026-Q2
"appartement meublé,louer,lome,adidogome",LOCATION,Appartement,adidogome,230000.0,2.0,30.0,115000.0,7667.0,immoask,,2026,2,2026-Q2
"villa,vendre,lome,sito aeroport",VENTE,Villa,cito aeroport,100000000.0,3.0,600.0,,166667.0,immoask,,2026,2,2026-Q2
"villa meublée,louer,lome,totsi",LOCATION,Villa Meuble,totsi,450000.0,3.0,150.0,150000.0,3000.0,immoask,,2026,2,2026-Q2
"terrain,vendre,lome,djagble",VENTE,Terrain,djagble,6000000.0,,600.0,,10000.0,immoask,,2026,2,2026-Q2
"villa,louer,lome,agoe",LOCATION,Appartement,agoe,170000.0,3.0,300.0,56667.0,567.0,immoask,,2026,2,2026-Q2
"villa,louer,lome, agoe",LOCATION,Appartement,agoe,200000.0,3.0,300.0,66667.0,667.0,immoask,,2026,2,2026-Q2
"terrain,vendre,lome,leo2000",VENTE,Terrain,leo 2000,35000000.0,,600.0,,58333.0,immoask,,2026,2,2026-Q2
"appartement meublé,louer,lomé,djidjole",LOCATION,Appartement,djidjole,200000.0,2.0,35.0,100000.0,5714.0,immoask,,2026,2,2026-Q2
"maison,vendre,lome,agoe",VENTE,Maison,agoe,40000000.0,3.0,310.0,,129032.0,immoask,,2026,2,2026-Q2
"terrain,vendre,lome,zanguera",VENTE,Terrain,zanguera,7000000.0,,300.0,,23333.0,immoask,,2026,2,2026-Q2
"villa,louer,lome,leo2000",LOCATION,Appartement,leo 2000,500000.0,3.0,400.0,166667.0,1250.0,immoask,,2026,2,2026-Q2
"villa,louer,lome,agoe",LOCATION,Appartement,agoe,150000.0,3.0,200.0,50000.0,750.0,immoask,,2026,2,2026-Q2
"villa meublée,louer,lome,agoe",LOCATION,Villa Meuble,agoe,300000.0,3.0,200.0,100000.0,1500.0,immoask,,2026,2,2026-Q2
"chambre salon,louer,lome,agoe",LOCATION,Chambre,agoe,50000.0,2.0,30.0,25000.0,1667.0,immoask,,2026,2,2026-Q2
"chambre salon,louer,lome,agoe",LOCATION,Chambre,agoe,70000.0,2.0,35.0,35000.0,2000.0,immoask,,2026,2,2026-Q2
"villa,louer,lome,adidogome",LOCATION,Appartement,adidogome,130000.0,3.0,300.0,43333.0,433.0,immoask,,2026,2,2026-Q2
"villa,louer,lome,sito aeroport",LOCATION,Appartement,cito aeroport,300000.0,3.0,300.0,100000.0,1000.0,immoask,,2026,2,2026-Q2
"villa,louer,lome,kegue",LOCATION,Appartement,kegue,180000.0,3.0,200.0,60000.0,900.0,immoask,,2026,2,2026-Q2
"chambre,louer,lome,avepozo",LOCATION,Chambre,avepozo,150000.0,1.0,1200.0,150000.0,125.0,immoask,,2026,2,2026-Q2
"appartement meublé,louer,lome,tokoin",LOCATION,Appartement,tokoin,300000.0,2.0,65.0,150000.0,4615.0,immoask,,2026,2,2026-Q2
"maison,vendre,lome, agbavi",VENTE,Maison,agbavi,27000000.0,3.0,300.0,,90000.0,immoask,,2026,2,2026-Q2
"villa,vendre,lome,dague",VENTE,Villa,dague,15000000.0,2.0,300.0,,50000.0,immoask,,2026,2,2026-Q2
"villa,louer,lome,kagome",LOCATION,Appartement,kagome,100000.0,3.0,600.0,33333.0,167.0,immoask,,2026,2,2026-Q2
"maison,vendre,lome,avepozo",VENTE,Maison,avepozo,23000000.0,3.0,300.0,,76667.0,immoask,,2026,2,2026-Q2
"terrain,vendre,lome,ahanoukope",VENTE,Terrain,ahanoukope,800000000.0,,1200.0,,666667.0,immoask,,2026,2,2026-Q2
"appartement,louer,lome,agoe",LOCATION,Appartement,agoe,65000.0,2.0,65.0,32500.0,1000.0,immoask,,2026,2,2026-Q2
"appartement meublé,louer,lome,amadahome",LOCATION,Appartement,adidogome,200000.0,2.0,25.0,100000.0,8000.0,immoask,,2026,2,2026-Q2
"bureau,louer,lome,noukafou",LOCATION,Bureau,nukafu,100000.0,5.0,120.0,20000.0,833.0,immoask,,2026,2,2026-Q2
"villa,vendre,lome,togo2000",VENTE,Villa,togo 2000,32000000.0,3.0,300.0,,106667.0,immoask,,2026,2,2026-Q2
"appartement meublé,louer,lome,avedji",LOCATION,Appartement,avedji,350000.0,2.0,120.0,175000.0,2917.0,immoask,,2026,2,2026-Q2
"villa,louer,lome,be kpota",LOCATION,Appartement,be,250000.0,3.0,600.0,83333.0,417.0,immoask,,2026,2,2026-Q2
"appartement meublé,louer,lome,djidjole",LOCATION,Appartement,djidjole,200000.0,2.0,25.0,100000.0,8000.0,immoask,,2026,2,2026-Q2
"villa,louer,lome,totsi",LOCATION,Appartement,totsi,100000.0,2.0,120.0,50000.0,833.0,immoask,,2026,2,2026-Q2
"appartement meublé,louer,lome,adidogome",LOCATION,Appartement,adidogome,250000.0,2.0,35.0,125000.0,7143.0,immoask,,2026,2,2026-Q2
"villa,louer,lome,agoe",LOCATION,Appartement,agoe,80000.0,2.0,100.0,40000.0,800.0,immoask,,2026,2,2026-Q2
"chambre salon,louer,lome,djidjole",LOCATION,Chambre,djidjole,60000.0,2.0,40.0,30000.0,1500.0,immoask,,2026,2,2026-Q2
"chambre salon,louer,aneho,djidjole",LOCATION,Chambre,djidjole,60000.0,2.0,40.0,30000.0,1500.0,immoask,,2026,2,2026-Q2
"appartement,louer,lome,agoe",LOCATION,Appartement,agoe,300000.0,3.0,400.0,100000.0,750.0,immoask,,2026,2,2026-Q2
"appartement meublé,louer,lome,agoe",LOCATION,Appartement,agoe,150000.0,2.0,35.0,75000.0,4286.0,immoask,,2026,2,2026-Q2
"studio meublé,louer,lome,agoe",LOCATION,Appartement,agoe,150000.0,2.0,20.0,75000.0,7500.0,immoask,,2026,2,2026-Q2
"chambre salon,louer,lome,agoe",LOCATION,Chambre,agoe,45000.0,2.0,35.0,22500.0,1286.0,immoask,,2026,2,2026-Q2
"appartement meublé,louer,lome,sagbado",LOCATION,Appartement,sagbado,200000.0,2.0,35.0,100000.0,5714.0,immoask,,2026,2,2026-Q2
"villa meublée,louer,lomé,sagbado",LOCATION,Villa Meuble,sagbado,300000.0,3.0,200.0,100000.0,1500.0,immoask,,2026,2,2026-Q2
"appartement,louer,lome,agoe",LOCATION,Appartement,agoe,70000.0,3.0,75.0,23333.0,933.0,immoask,,2026,2,2026-Q2
"chambre salon,louer,lome,agoe",LOCATION,Chambre,agoe,45000.0,2.0,60.0,22500.0,750.0,immoask,,2026,2,2026-Q2
"appartement,louer,lome,agoe",LOCATION,Appartement,agoe,100000.0,3.0,120.0,33333.0,833.0,immoask,,2026,2,2026-Q2
"villa,louer,lome,leo2000",LOCATION,Appartement,leo 2000,300000.0,3.0,300.0,100000.0,1000.0,immoask,,2026,2,2026-Q2
"villa,louer,lome,agoe",LOCATION,Appartement,agoe,300000.0,3.0,400.0,100000.0,750.0,immoask,,2026,2,2026-Q2
"villa,vendre,lome,adidogome",VENTE,Villa,adidogome,26000000.0,3.0,150.0,,173333.0,immoask,,2026,2,2026-Q2
"appartement,louer,lome,agbalepedo",LOCATION,Appartement,agbalepedo,120000.0,2.0,78.0,60000.0,1538.0,immoask,,2026,2,2026-Q2
"appartement,louer,lome,agbalepedo",LOCATION,Appartement,agbalepedo,120000.0,3.0,80.0,40000.0,1500.0,immoask,,2026,2,2026-Q2
"appartement,louer,lome,agbalepedo",LOCATION,Appartement,agbalepedo,102000.0,2.0,70.0,51000.0,1457.0,immoask,,2026,2,2026-Q2
"villa,louer,lome,entreprise de l'union",LOCATION,Appartement,leo 2000,200000.0,3.0,300.0,66667.0,667.0,immoask,,2026,2,2026-Q2
"immeuble commercial,louer,lome,attiegou",LOCATION,Appartement,attiegou,250000.0,3.0,300.0,83333.0,833.0,immoask,,2026,2,2026-Q2
"villa,vendre,lome,amadahome",VENTE,Villa,adidogome,47500000.0,3.0,10.0,,4750000.0,immoask,,2026,2,2026-Q2
"studio meublé,louer,lomé,adidogome",LOCATION,Appartement,adidogome,150000.0,2.0,21.0,75000.0,7143.0,immoask,,2026,2,2026-Q2
"villa,louer,lome,agoe",LOCATION,Appartement,agoe,130000.0,5.0,250.0,26000.0,520.0,immoask,,2026,2,2026-Q2
"villa,louer,lome, amadahome",LOCATION,Appartement,adidogome,23000000.0,3.0,150.0,7666667.0,153333.0,immoask,,2026,2,2026-Q2
"appartement meublé,louer,lome,tokoin",LOCATION,Appartement,tokoin,350000.0,2.0,100.0,175000.0,3500.0,immoask,,2026,2,2026-Q2
Terrain 1lot et 1/4 à Nanegbe Lomé,VENTE,Terrain,be,2850000.0,,750.0,,3800.0,facebook,,2026,2,2026-Q2
TERRAIN À VENDRE ADAKPAMÉ-LOMÉ,VENTE,Terrain,adakpame,1500000.0,,150.0,,10000.0,facebook,,2026,2,2026-Q2
TERRAIN A VENDRE LOMÉ ADETIKOPE,VENTE,Terrain,adetikope,3000000.0,,600.0,,5000.0,facebook,,2026,2,2026-Q2
☎️🇹🇬 TÉL [hidden information] TERRAIN A vendre à Lomé quartier adidogome wonyome 1/4 de lot,VENTE,Terrain,wonyome,9000000.0,,150.0,,60000.0,facebook,,2026,2,2026-Q2
Terrain à GTA LOME,VENTE,Terrain,lome,1100000.0,,350.0,,3143.0,facebook,,2026,2,2026-Q2
☎️🇹🇬 TÉL [hidden information] terrain 1/4 Avendre Lomé adidogome wonyome,VENTE,Terrain,wonyome,9000000.0,,150.0,,60000.0,facebook,,2026,2,2026-Q2
TERRAIN À VENDRE CENTRE VILLE LOMÉ ZONGO,VENTE,Terrain,zongo,7500000.0,,150.0,,50000.0,facebook,,2026,2,2026-Q2
À VENDRE 20 HECTARES DE TERRAIN SUR LA VOIE DE LOMÉ-KPALIMÉ,VENTE,Terrain,kpalime,2000000.0,,10000.0,,200.0,facebook,,2026,2,2026-Q2
Terrain à vendre Djagblé,VENTE,Terrain,djagble,1200000.0,,150.0,,8000.0,facebook,,2026,2,2026-Q2
Des terrains à vendre en ville a lomé,VENTE,Terrain,lome,1000000.0,,150.0,,6667.0,facebook,,2026,2,2026-Q2
Terrain à vendre Agoé Lomé,VENTE,Terrain,lome,12000000.0,,700.0,,17143.0,facebook,,2026,2,2026-Q2
Des terrains à vendre en ville a lomé,VENTE,Terrain,lome,1000000.0,,100.0,,10000.0,facebook,,2026,2,2026-Q2
OPPORTUNITÉ UNIQUE À LOMÉ – TERRAIN AU BORD DU GOUDRON EN ANGLE DE RUE DE 499m² CLÔTURÉ SUR LA ROUTE,VENTE,Terrain,lome,4900000.0,,499.0,,9820.0,facebook,,2026,2,2026-Q2
"#TERRAIN A VENDRE À #KPESSI 
Un terrain mis en vente à kpessi au bord du lac sur la voie de Lomé Ane",VENTE,Terrain,vo,7000000.0,,350.0,,20000.0,facebook,,2026,2,2026-Q2
Terrain à Avedji Lomé,VENTE,Terrain,avedji,12000000.0,,700.0,,17143.0,facebook,,2026,2,2026-Q2
TERRAIN À VENDRE DJAGBLÉ - LÉBÉ,VENTE,Terrain,be,9000000.0,,350.0,,25714.0,facebook,,2026,2,2026-Q2
Terrain ½ lot clôturé à vendre à Lomé quartier avédji wessomé 00228 91 68 75 87,VENTE,Terrain,avedji,1600000.0,,300.0,,5333.0,facebook,,2026,2,2026-Q2
À VENDRE 1 LOT DE TERRAIN AU BORD DU GOUDRON DE LOMÉ KPALIMÉ À ZANGUÉRA,VENTE,Terrain,kpalime,40000000.0,,350.0,,114286.0,facebook,,2026,2,2026-Q2
Terrain ¼ de lot à vendre à Lomé quartier djidjolé 00228 91 68 75 87,VENTE,Terrain,djidjole,1600000.0,,150.0,,10667.0,facebook,,2026,2,2026-Q2
À VENDRE 1/2 LOT DE TERRAIN À AGOÈ LÉGBASSITO,VENTE,Terrain,agoe,16000000.0,,175.0,,91429.0,facebook,,2026,2,2026-Q2
"😁😁LOCATION EN *CENTRE VILLE DE LOMÉ* 
lckim🆘
 *PRODUIT DIRECT¹AA* 


*VILLA TRIPLEX DE 10 CHAMBRE",LOCATION,Villa,centre ville,600000.0,10.0,110.0,60000.0,5455.0,facebook,,2026,2,2026-Q2
Studio meublé à louer à Lomé,LOCATION,Appartement,lome,15000.0,1.0,12.0,15000.0,1250.0,facebook,,2026,2,2026-Q2
☎️🇹🇬 TÉL [hidden information] chambre salon meublé à Lomé totsi,LOCATION,Villa,totsi,75000.0,2.0,21.0,37500.0,3571.0,facebook,,2026,2,2026-Q2
☎️🇹🇬 TÉL [hidden information] studio meublé à Lomé totsi,LOCATION,Villa,totsi,40000.0,1.0,15.0,40000.0,2667.0,facebook,,2026,2,2026-Q2
Appartement / condominium de 1 chambre et 1 salle de bain 1 bed · 1 bath,LOCATION,Appartement,be,20000.0,1.0,15.0,20000.0,1333.0,facebook,,2026,2,2026-Q2
☎️🇹🇬 TÉL[hidden information] Appartement meublé Lomé totsi,LOCATION,Appartement,totsi,15000.0,2.0,15.0,7500.0,1000.0,facebook,,2026,2,2026-Q2
Pièce meublée en ville de Lomé.,LOCATION,Appartement,lome,10000.0,1.0,20.0,10000.0,500.0,facebook,,2026,2,2026-Q2
☎️🇹🇬 TÉL [hidden information] Appartement meublé Lomé tokoin pharmacie gbonssime,LOCATION,Appartement,tokoin,15000.0,2.0,24.0,7500.0,625.0,facebook,,2026,2,2026-Q2
☎️🇹🇬 TÉL[hidden information] Appartement meublé à Lomé avedji,LOCATION,Appartement,avedji,20000.0,1.0,12.0,20000.0,1667.0,facebook,,2026,2,2026-Q2
Location des appartements à Lomé baguida.,LOCATION,Appartement,baguida,350000.0,2.0,60.0,175000.0,5833.0,facebook,,2026,2,2026-Q2
Location maison meublee ,LOCATION,Villa,lome,30000.0,1.0,20.0,30000.0,1500.0,facebook,,2026,2,2026-Q2
Location appartement ,LOCATION,Appartement,lome,35000.0,1.0,20.0,35000.0,1750.0,facebook,,2026,2,2026-Q2
"Location cour unique 

Zossimé non loin du marché 

nous mettons en location une chambre salon plafo",LOCATION,Villa,zossime,30000.0,2.0,20.0,15000.0,1500.0,facebook,,2026,2,2026-Q2
Cours unique chambre salon,LOCATION,Villa,lome,40000.0,2.0,22.0,20000.0,1818.0,facebook,,2026,2,2026-Q2
Appartement scindé en cour unique,LOCATION,Villa,lome,65000.0,3.0,35.0,21667.0,1857.0,facebook,,2026,2,2026-Q2
Terrain de 1 lot avec tampon OTR à Noépé à 400m du goudron,VENTE,Terrain,noepe,4500000.0,,350.0,,12857.0,facebook,,2026,2,2026-Q2
Terrain demi lot en vente a Lomé noépé,VENTE,Terrain,noepe,3500000.0,,350.0,,10000.0,facebook,,2026,2,2026-Q2
TERRAIN A VENDRE AKATO,VENTE,Terrain,akato,15000000.0,,600.0,,25000.0,facebook,,2026,2,2026-Q2
Terrain ½ lot à vendre à Lomé quartier agoé légbassito 00228 91 68 75 87,VENTE,Terrain,agoe,12000000.0,,700.0,,17143.0,facebook,,2026,2,2026-Q2
Terrain de 05 lots collé près de la Nationale N5 Lomé-Kpalimé,VENTE,Terrain,kpalime,2000000.0,,1750.0,,1143.0,facebook,,2026,2,2026-Q2
VENTE DE TERRAIN À AVETONOU 8KLM DU GOUDRON LOMÉ KPALIMÉ 🇹🇬,VENTE,Terrain,avetonou,500000.0,,600.0,,833.0,facebook,,2026,2,2026-Q2
Terrain en vente a Lomé adidogomé wonyomé,VENTE,Terrain,wonyome,9000000.0,,350.0,,25714.0,facebook,,2026,2,2026-Q2
À VENDRE TERRAIN SUR  1/2 LOT À BAGUIDA - ADAMAVO À 1.8KM DU GOUDRON LOME-ANEHO,VENTE,Terrain,aneho,18000000.0,,175.0,,102857.0,facebook,,2026,2,2026-Q2
Terrain a vendre 1lot et 1/4 Lomé-Nukafu 120 millions,VENTE,Terrain,nukafu,120000000.0,,750.0,,160000.0,facebook,,2026,2,2026-Q2
Terrain un lot en vente a lome aképé port sec,VENTE,Terrain,akepe,9000000.0,,350.0,,25714.0,facebook,,2026,2,2026-Q2
VENTE DE TERRAINS À AVETONOU 8KLM DU GOUDRON LOMÉ KPALIMÉ 🇹🇬,VENTE,Terrain,kpalime,500000.0,,10000.0,,50.0,facebook,,2026,2,2026-Q2
"*A VENDRE*
02 LOT de terrain au cœur du grand marché de LOMÉ.
Surface : 1000 m2.

Situés en angle de",VENTE,Terrain,centre ville,1000000000.0,,1200.0,,833333.0,facebook,,2026,2,2026-Q2
Terrain 2 lots coller en vente a Lome agoe centre,VENTE,Terrain,agoe,90000000.0,,700.0,,128571.0,facebook,,2026,2,2026-Q2
Terrain à Lomé 🇹🇬,VENTE,Terrain,lome,120000000.0,,700.0,,171429.0,facebook,,2026,2,2026-Q2
TERRAINS AGRICOLES EN VENTE À AZAHOUN,VENTE,Terrain,azahoun,1300000.0,,10000.0,,130.0,facebook,,2026,2,2026-Q2
Terrain en vente a Lomé aképé,VENTE,Terrain,akepe,9000000.0,,350.0,,25714.0,facebook,,2026,2,2026-Q2
Terrain : 1/2 lot avec Titre Foncier P à klikamé non loin campus Lomé,VENTE,Terrain,kpalime,19000000.0,,320.0,,59375.0,facebook,,2026,2,2026-Q2
VENTE DE TERRAINS À AMOUZOUKOPÉ 13 KLM DU GOUDRON LOMÉ- KPALIMÉ 🇹🇬,VENTE,Terrain,kpalime,600000.0,,600.0,,1000.0,facebook,,2026,2,2026-Q2
Terrain à vendre à Lomé akepe,VENTE,Terrain,akepe,9000000.0,,350.0,,25714.0,facebook,,2026,2,2026-Q2
Terrain demi lot carré en vente a lome avedji,VENTE,Terrain,avedji,22000000.0,,700.0,,31429.0,facebook,,2026,2,2026-Q2
Terrain à vendre au grand marché de lomé (Assigame),VENTE,Terrain,centre ville,10000000.0,,435.0,,22989.0,facebook,,2026,2,2026-Q2
VENTE DE TERRAIN A NOTSÈ 13 KL AU GOUDRON 🇹🇬,VENTE,Terrain,notse,400000.0,,600.0,,667.0,facebook,,2026,2,2026-Q2
Terrain 1 lot quart soit 700m² Nyekonakpoè Togo chaussures,VENTE,Terrain,nyekonakpoe,70000000.0,,350.0,,200000.0,facebook,,2026,2,2026-Q2
Terrain 6 lots collés Adewui à côté de l'université de Lomé,VENTE,Terrain,adewui,40000000.0,,2100.0,,19048.0,facebook,,2026,2,2026-Q2
VENTE DE TERRAIN A NOTSÈ À 13 KLM DU GOUDRON 🇹🇬,VENTE,Terrain,notse,400000.0,,600.0,,667.0,facebook,,2026,2,2026-Q2
Terrain en vente a Lome baguida bateauvi,VENTE,Terrain,baguida,17000000.0,,700.0,,24286.0,facebook,,2026,2,2026-Q2
Terrain à vendre à tokoin 3k,VENTE,Terrain,tokoin,75000000.0,,700.0,,107143.0,facebook,,2026,2,2026-Q2
"Terrain 1lot et ¼ ,bâti clôturé à vendre à Lomé quartier cacavéli 00228 91 68 75 87",VENTE,Terrain,cacaveli,50000000.0,,350.0,,142857.0,facebook,,2026,2,2026-Q2
Terrain quart de Lot en vente a Lomé mission tové,VENTE,Terrain,tove,2000000.0,,150.0,,13333.0,facebook,,2026,2,2026-Q2
Location appartement 2 chambres salon à la Caisse,LOCATION,Appartement,cite oua,130000000.0,3.0,48.0,43333333.0,2708333.0,coinafrique,,2026,2,2026-Q2
Location appartement haut standing meublée à SOTED,LOCATION,Appartement,soted,7000000.0,5.0,750.0,1400000.0,9333.0,coinafrique,,2026,2,2026-Q2
Location appartement 2 chambres salon meublé à Nukafu,LOCATION,Appartement,nukafu,4300000.0,2.0,32.0,2150000.0,134375.0,coinafrique,,2026,2,2026-Q2
Location appartement 4 chambres meublé - Togo,LOCATION,Appartement,togo 2000,1900000.0,4.0,64.0,475000.0,29688.0,coinafrique,,2026,2,2026-Q2
Location appartement meublée 4 pièces - Assivito,LOCATION,Appartement,assivito,1500000.0,4.0,64.0,375000.0,23438.0,coinafrique,,2026,2,2026-Q2
Location appartement meublée 4 pièces - Centre ville fréau jardin,LOCATION,Appartement,centre ville freau jardin,1500000.0,4.0,64.0,375000.0,23438.0,coinafrique,,2026,2,2026-Q2
"Location appartement - Cité renaissance (,caise de lomê)",LOCATION,Appartement,cite renaissance,1400000.0,5.0,350.0,280000.0,4000.0,coinafrique,,2026,2,2026-Q2
Location appartement meublé haut standing Nyekonakpoe,LOCATION,Appartement,nyekonakpoe,1100000.0,4.0,114.0,275000.0,9649.0,coinafrique,,2026,2,2026-Q2
Location appartement meublé 3 pièces - Klikamé,LOCATION,Appartement,klikame,950000.0,3.0,48.0,316667.0,19792.0,coinafrique,,2026,2,2026-Q2
Location appartement meublé haut standings - Klikamé n,LOCATION,Appartement,klikame,950000.0,3.0,80.0,316667.0,11875.0,coinafrique,,2026,2,2026-Q2
Location appartement meublé 4 pièces - Lomé,LOCATION,Appartement,lome,900000.0,4.0,64.0,225000.0,14062.0,coinafrique,,2026,2,2026-Q2
Location appartement chambre salon meublé centre ville Fréau jardin.,LOCATION,Appartement,centre ville,900000.0,2.0,53.0,450000.0,16981.0,coinafrique,,2026,2,2026-Q2
Location appartement meublé 02 pièces Lomé_fréau jardin,LOCATION,Appartement,freau jardin,900000.0,2.0,32.0,450000.0,28125.0,coinafrique,,2026,2,2026-Q2
Location appartement chambre salon à centre ville Fréau jardin,LOCATION,Appartement,centre ville freau jardin,900000.0,2.0,32.0,450000.0,28125.0,coinafrique,,2026,2,2026-Q2
Location appartement meublé Lomé_fréau jardin,LOCATION,Appartement,centre ville freau jardin,900000.0,2.0,53.0,450000.0,16981.0,coinafrique,,2026,2,2026-Q2
Location appartement meublé 3 pièces à Lomé,LOCATION,Appartement,lome,900000.0,3.0,48.0,300000.0,18750.0,coinafrique,,2026,2,2026-Q2
Location appartement meublé - Centre ville Fréau jardin,LOCATION,Appartement,centre ville freau jardin,900000.0,3.0,77.0,300000.0,11688.0,coinafrique,,2026,2,2026-Q2
Location appartement meublé haut standing de l'aéroport,LOCATION,Appartement,togo 2000,900000.0,3.0,77.0,300000.0,11688.0,coinafrique,,2026,2,2026-Q2
Location appartement meublée de 02 pièces à aéroport,LOCATION,Appartement,hedzranawoe aeroport,900000.0,2.0,32.0,450000.0,28125.0,coinafrique,,2026,2,2026-Q2
Location appartements meublée 02 pièces - cité renaissance Lomé,LOCATION,Appartement,cite renaissance,750000.0,2.0,32.0,375000.0,23438.0,coinafrique,,2026,2,2026-Q2
Location appartement meublé 2 chambres salon Lomé cité Renaissance,LOCATION,Appartement,cite renaissance,750000.0,2.0,32.0,375000.0,23438.0,coinafrique,,2026,2,2026-Q2
Location appartement meublé 3 pièces - Lomé,LOCATION,Appartement,lome,750000.0,3.0,48.0,250000.0,15625.0,coinafrique,,2026,2,2026-Q2
Location appartement meublé 3 pièces - Lomé cité renaissance,LOCATION,Appartement,lome,750000.0,3.0,48.0,250000.0,15625.0,coinafrique,,2026,2,2026-Q2
Location appartement meublée 04 pièces - Avédji coconut,LOCATION,Appartement,avedji,700000.0,4.0,64.0,175000.0,10938.0,coinafrique,,2026,2,2026-Q2
Location appartement meublée 03 pièces - Ablogamé,LOCATION,Appartement,ablogame,700000.0,3.0,48.0,233333.0,14583.0,coinafrique,,2026,2,2026-Q2
Location appartement meublé 4 pièces - Lomé,LOCATION,Appartement,lome,700000.0,4.0,64.0,175000.0,10938.0,coinafrique,,2026,2,2026-Q2
Location appartement meublée 03 pièces à Bè hôpital,LOCATION,Appartement,be,700000.0,3.0,48.0,233333.0,14583.0,coinafrique,,2026,2,2026-Q2
Location appartement meublé - Agoe,LOCATION,Appartement,agoe,650000.0,5.0,109.0,130000.0,5963.0,coinafrique,,2026,2,2026-Q2
Location appartement meublé 3 pièces - Avenou,LOCATION,Appartement,avenou,650000.0,3.0,48.0,216667.0,13542.0,coinafrique,,2026,2,2026-Q2
Location appartement meublé 4 pièces - Nukafu,LOCATION,Appartement,nukafu,650000.0,4.0,64.0,162500.0,10156.0,coinafrique,,2026,2,2026-Q2
Location appartement chambres salon Amadahomè CAP,LOCATION,Appartement,amadahome,650000.0,2.0,32.0,325000.0,20312.0,coinafrique,,2026,2,2026-Q2
Location appartement meublé 3 chambres haut standing Agoè Minamadou,LOCATION,Appartement,agoe,600000.0,3.0,48.0,200000.0,12500.0,coinafrique,,2026,2,2026-Q2
Location appartement meublée de 02 pièces à adidoadin,LOCATION,Appartement,adidoadin,600000.0,2.0,32.0,300000.0,18750.0,coinafrique,,2026,2,2026-Q2
Location appartement haut standing meublée de 02 pièces à Totsi,LOCATION,Appartement,totsi,600000.0,2.0,32.0,300000.0,18750.0,coinafrique,,2026,2,2026-Q2
location appartements meublés 2 pièces - Hedranawoe,LOCATION,Appartement,hedzranawoe,550000.0,2.0,32.0,275000.0,17188.0,coinafrique,,2026,2,2026-Q2
Location appartement meublée 03 pièces - Djidjolé,LOCATION,Appartement,djidjole,550000.0,3.0,48.0,183333.0,11458.0,coinafrique,,2026,2,2026-Q2
Location appartement 3 pièces - Totsi,LOCATION,Appartement,totsi,550000.0,3.0,48.0,183333.0,11458.0,coinafrique,,2026,2,2026-Q2
Location appartement meublé de 03 pièces à Bè kpota,LOCATION,Appartement,be,550000.0,3.0,48.0,183333.0,11458.0,coinafrique,,2026,2,2026-Q2
Location appartement meublé 4 pièces à Agoè minamadou,LOCATION,Appartement,agoe,500000.0,4.0,64.0,125000.0,7812.0,coinafrique,,2026,2,2026-Q2
Location appartements meublés 3 pièces - Hedranawoe,LOCATION,Appartement,hedzranawoe,500000.0,3.0,48.0,166667.0,10417.0,coinafrique,,2026,2,2026-Q2
Location appartement meublé 3 pièces - Pharmacie Hedzanawoe,LOCATION,Appartement,hedzranawoe,500000.0,3.0,48.0,166667.0,10417.0,coinafrique,,2026,2,2026-Q2
Location appartements 2 pièces - Adidoadin,LOCATION,Appartement,adidoadin,500000.0,2.0,32.0,250000.0,15625.0,coinafrique,,2026,2,2026-Q2
Location appartement 03 pièces Avénou,LOCATION,Appartement,avenou,500000.0,3.0,48.0,166667.0,10417.0,coinafrique,,2026,2,2026-Q2
Location appartement deux chambres salon à la Caisse,LOCATION,Appartement,cite oua,500000.0,3.0,48.0,166667.0,10417.0,coinafrique,,2026,2,2026-Q2
Location appartement meublé 02 pièces agoe minamadou,LOCATION,Appartement,minamadou,500000.0,2.0,32.0,250000.0,15625.0,coinafrique,,2026,2,2026-Q2
Location appartement meublé 2 pièces - Avenou,LOCATION,Appartement,avenou,500000.0,2.0,32.0,250000.0,15625.0,coinafrique,,2026,2,2026-Q2
Location appartement meublé 2 chambres salon - Kegue bouli com,LOCATION,Appartement,kegue bouli com,500000.0,2.0,32.0,250000.0,15625.0,coinafrique,,2026,2,2026-Q2
Location appartement 3 pièces - Agoe Minamadou,LOCATION,Appartement,minamadou,500000.0,3.0,48.0,166667.0,10417.0,coinafrique,,2026,2,2026-Q2
Location appartement meuble - Assiyeye,LOCATION,Appartement,assiyeye,500000.0,5.0,99.0,100000.0,5051.0,coinafrique,,2026,2,2026-Q2
Location appartement meublé 3 pièces - Bé rue de locame,LOCATION,Appartement,be rue de locame,450000.0,3.0,48.0,150000.0,9375.0,coinafrique,,2026,2,2026-Q2
Location appartement meublé 2 pièces - Hedranawoé,LOCATION,Appartement,hedzranawoe,450000.0,2.0,32.0,225000.0,14062.0,coinafrique,,2026,2,2026-Q2
Location appartement meublé 3 pièces a Hedranawoé,LOCATION,Appartement,hedzranawoe,450000.0,3.0,48.0,150000.0,9375.0,coinafrique,,2026,2,2026-Q2
Location appartements 1 pièces - lomé,LOCATION,Appartement,lome,450000.0,1.0,16.0,450000.0,28125.0,coinafrique,,2026,2,2026-Q2
Location apparemment de 02 pièces - Lomé cité renaissance,LOCATION,Appartement,lome,450000.0,2.0,32.0,225000.0,14062.0,coinafrique,,2026,2,2026-Q2
Location appartements 4 pièces - Avénou,LOCATION,Appartement,avenou,450000.0,4.0,64.0,112500.0,7031.0,coinafrique,,2026,2,2026-Q2
Location appartements meublés piscine 4 pièces - Amadahome,LOCATION,Appartement,amadahome,450000.0,4.0,64.0,112500.0,7031.0,coinafrique,,2026,2,2026-Q2
Location appartement duplex - Adidogomé Madiba,LOCATION,Appartement,adidogome,450000.0,5.0,80.0,90000.0,5625.0,coinafrique,,2026,2,2026-Q2
Location appartement meublé - Djidjolé Lomé,LOCATION,Appartement,djidjole,450000.0,5.0,96.0,90000.0,4688.0,coinafrique,,2026,2,2026-Q2
Location appartement meublé - Djidjolé,LOCATION,Appartement,djidjole,450000.0,5.0,96.0,90000.0,4688.0,coinafrique,,2026,2,2026-Q2
Location appartement meublé 3 pièces - Minamadou,LOCATION,Appartement,minamadou,450000.0,3.0,48.0,150000.0,9375.0,coinafrique,,2026,2,2026-Q2
Location appartement meublé - Lomé,LOCATION,Appartement,lome,450000.0,5.0,96.0,90000.0,4688.0,coinafrique,,2026,2,2026-Q2
Location appartement meublé 3 pièces - Agoè Demakpoe,LOCATION,Appartement,agoe,400000.0,3.0,48.0,133333.0,8333.0,coinafrique,,2026,2,2026-Q2
Location appartement meuble a Agoè boisson,LOCATION,Appartement,agoe,400000.0,5.0,93.0,80000.0,4301.0,coinafrique,,2026,2,2026-Q2
Location appartement meublé 3 pièces à Ablogamé hôtel la paix,LOCATION,Appartement,ablogame,400000.0,3.0,48.0,133333.0,8333.0,coinafrique,,2026,2,2026-Q2
Location appartements de 02 pièces - Lomé aéroport,LOCATION,Appartement,hedzranawoe aeroport,400000.0,2.0,32.0,200000.0,12500.0,coinafrique,,2026,2,2026-Q2
Location appartement meublé de 2 chambres salon à Koffi Panou,LOCATION,Appartement,koffi panou,400000.0,2.0,32.0,200000.0,12500.0,coinafrique,,2026,2,2026-Q2
Location appartement 2 chambre salon à Ablogamer,LOCATION,Appartement,ablogame,400000.0,2.0,32.0,200000.0,12500.0,coinafrique,,2026,2,2026-Q2
Location appartements haut standing meublée de chambre salon à Amadahome cap,LOCATION,Appartement,amadahome cap,400000.0,5.0,93.0,80000.0,4301.0,coinafrique,,2026,2,2026-Q2
Location appartement meublé chambre salon à Adidogomé,LOCATION,Appartement,adidogome,350000.0,2.0,17.0,175000.0,20588.0,coinafrique,,2026,2,2026-Q2
Location appartement meublé 3 pièces à Totsi,LOCATION,Appartement,totsi,350000.0,3.0,48.0,116667.0,7292.0,coinafrique,,2026,2,2026-Q2
Location meublé 3 pièces à Adidogomé,LOCATION,Appartement,adidogome,350000.0,3.0,48.0,116667.0,7292.0,coinafrique,,2026,2,2026-Q2
Location appartement 3 pièces à Togo 2000,LOCATION,Appartement,togo 2000,350000.0,3.0,48.0,116667.0,7292.0,coinafrique,,2026,2,2026-Q2
Location appartement meublés 2 pièces - Meche Amina,LOCATION,Appartement,meche amina,350000.0,2.0,32.0,175000.0,10938.0,coinafrique,,2026,2,2026-Q2
Location appartements meublés piscine 3 pièces - amadahome,LOCATION,Appartement,amadahome,350000.0,3.0,48.0,116667.0,7292.0,coinafrique,,2026,2,2026-Q2
Location appartements meublés 3 pièces - Hédzranawoé,LOCATION,Appartement,hedzranawoe,350000.0,3.0,48.0,116667.0,7292.0,coinafrique,,2026,2,2026-Q2
Location appartement 4 pièces à Hedranawoé aéroport,LOCATION,Appartement,hedzranawoe aeroport,350000.0,4.0,64.0,87500.0,5469.0,coinafrique,,2026,2,2026-Q2
Location appartement meublée 3 pièces - Agoe demakpoe,LOCATION,Appartement,demakpoe,350000.0,3.0,48.0,116667.0,7292.0,coinafrique,,2026,2,2026-Q2
Location appartements 2 pièces - Adidoadin,LOCATION,Appartement,adidoadin,350000.0,2.0,32.0,175000.0,10938.0,coinafrique,,2026,2,2026-Q2
Location appartement meublés 2 pièces à Avenou,LOCATION,Appartement,avenou,350000.0,2.0,32.0,175000.0,10938.0,coinafrique,,2026,2,2026-Q2
Location appartement meublés 3 pièces à Avedji Limous,LOCATION,Appartement,avedji limous,350000.0,3.0,48.0,116667.0,7292.0,coinafrique,,2026,2,2026-Q2
Location appartement 4 chambres salon à Djidjolé donou au bord du goudron,LOCATION,Appartement,djidjole,350000.0,4.0,64.0,87500.0,5469.0,coinafrique,,2026,2,2026-Q2
Location appartement meublée de chambre salon bon standing Tokoin ramco,LOCATION,Appartement,tokoin,350000.0,2.0,17.0,175000.0,20588.0,coinafrique,,2026,2,2026-Q2
Location appartement meublée chambre salon bon standing à Tokoin Ramco*,LOCATION,Appartement,tokoin,350000.0,2.0,17.0,175000.0,20588.0,coinafrique,,2026,2,2026-Q2
Location appartement meublé 4 pièces à Decon centre ville lomé,LOCATION,Appartement,centre ville,350000.0,4.0,64.0,87500.0,5469.0,coinafrique,,2026,2,2026-Q2
Location appartement meublé - Adidogomé,LOCATION,Appartement,adidogome,350000.0,5.0,89.0,70000.0,3933.0,coinafrique,,2026,2,2026-Q2
Location appartement meublé - Avedji,LOCATION,Appartement,avedji,350000.0,5.0,89.0,70000.0,3933.0,coinafrique,,2026,2,2026-Q2
Location appartement meublé à Tosti Blimkome à 150m du goudron,LOCATION,Appartement,totsi,350000.0,5.0,89.0,70000.0,3933.0,coinafrique,,2026,2,2026-Q2
"Location appartement 4 pièces à tokoin doumassesse (lomé) mois : 350 000 f avance : 3 mois | caution : 6 mois ➡️ un appartement de standing hôtelier situé à l’étage, dans un envir",LOCATION,Appartement,tokoin,350000.0,4.0,64.0,87500.0,5469.0,coinafrique,,2026,2,2026-Q2
Location appartements 3 pièces - Adetikopé,LOCATION,Appartement,adetikope,350000.0,3.0,600.0,116667.0,583.0,coinafrique,,2026,2,2026-Q2
Location appartement meublé 2 pièces - Hedjranawoe,LOCATION,Appartement,hedzranawoe,350000.0,2.0,32.0,175000.0,10938.0,coinafrique,,2026,2,2026-Q2
Location appartement meublé 2 pièces - Hedranawoe,LOCATION,Appartement,hedzranawoe,350000.0,2.0,32.0,175000.0,10938.0,coinafrique,,2026,2,2026-Q2
Location appartements 3 pièces à Tokoin Wuiti,LOCATION,Appartement,tokoin,340000.0,3.0,48.0,113333.0,7083.0,coinafrique,,2026,2,2026-Q2
Location appartement meublé 3 pièces - Agoe Bodjona,LOCATION,Appartement,bodjona,320000.0,3.0,48.0,106667.0,6667.0,coinafrique,,2026,2,2026-Q2
Location appartement 4 pièces - Wuiti,LOCATION,Appartement,wuiti,300000.0,4.0,64.0,75000.0,4688.0,coinafrique,,2026,2,2026-Q2
Location appartement meublé chambre salon à Djidjolé,LOCATION,Appartement,djidjole,300000.0,2.0,16.0,150000.0,18750.0,coinafrique,,2026,2,2026-Q2
Location appartement meublé 2 pièces à Hedzranawoe,LOCATION,Appartement,hedzranawoe,300000.0,2.0,32.0,150000.0,9375.0,coinafrique,,2026,2,2026-Q2
Location appartement meublé 4 pièces à Tokoin franscicain,LOCATION,Appartement,tokoin,300000.0,4.0,64.0,75000.0,4688.0,coinafrique,,2026,2,2026-Q2
Location appartement meublé 4 pièces à Tokoin franciscain,LOCATION,Appartement,tokoin,300000.0,4.0,64.0,75000.0,4688.0,coinafrique,,2026,2,2026-Q2
Location Appartement 4 pièces - Wuiti,LOCATION,Appartement,wuiti,300000.0,4.0,64.0,75000.0,4688.0,coinafrique,,2026,2,2026-Q2
Location meublé 3 pièces à Adidogomé,LOCATION,Appartement,adidogome,300000.0,3.0,48.0,100000.0,6250.0,coinafrique,,2026,2,2026-Q2
Location appartements meublés 2 pièces - Adidogome Amadahome,LOCATION,Appartement,amadahome,300000.0,2.0,32.0,150000.0,9375.0,coinafrique,,2026,2,2026-Q2
Location appartements meublés 5 pièces - Kpota,LOCATION,Appartement,be kpota,300000.0,5.0,80.0,60000.0,3750.0,coinafrique,,2026,2,2026-Q2
"Location appartements meublés 6 pièces - adidogomé, lomé",LOCATION,Appartement,adidogome,300000.0,6.0,96.0,50000.0,3125.0,coinafrique,,2026,2,2026-Q2
Location appartement meublé 3 pièces - Togo 2000,LOCATION,Appartement,togo 2000,300000.0,3.0,48.0,100000.0,6250.0,coinafrique,,2026,2,2026-Q2
Location appartement meublé 3 pièces à Attiegou DVA,LOCATION,Appartement,attiegou dva,300000.0,3.0,48.0,100000.0,6250.0,coinafrique,,2026,2,2026-Q2
Location appartement 5 pièces a Agbalepedo,LOCATION,Appartement,agbalepedo,300000.0,5.0,80.0,60000.0,3750.0,coinafrique,,2026,2,2026-Q2
Location appartement meublé - Adidogome,LOCATION,Appartement,adidogome,300000.0,5.0,86.0,60000.0,3488.0,coinafrique,,2026,2,2026-Q2
Location appartement 4 chambres salon à Agbalépédo école cours,LOCATION,Appartement,agbalepedo,300000.0,4.0,64.0,75000.0,4688.0,coinafrique,,2026,2,2026-Q2
Location appartements 3 pièces - Lomé,LOCATION,Appartement,lome,300000.0,3.0,48.0,100000.0,6250.0,coinafrique,,2026,2,2026-Q2
Location appartement - Lomé,LOCATION,Appartement,lome,300000.0,5.0,80.0,60000.0,3750.0,coinafrique,,2026,2,2026-Q2
Location appartement - Agoē Sogbossito,LOCATION,Appartement,sogbossito,300000.0,5.0,80.0,60000.0,3750.0,coinafrique,,2026,2,2026-Q2
Location appartement meublé 2 pièces - Adidogome wonyome,LOCATION,Appartement,wonyome,300000.0,2.0,32.0,150000.0,9375.0,coinafrique,,2026,2,2026-Q2
Location appartement meublé chambre salon - Adidogomé,LOCATION,Appartement,adidogome,300000.0,2.0,16.0,150000.0,18750.0,coinafrique,,2026,2,2026-Q2
Location appartement meublé 2 pièces - Adidogome Yokoe,LOCATION,Appartement,yokoe,300000.0,2.0,32.0,150000.0,9375.0,coinafrique,,2026,2,2026-Q2
Location appartement 3 pièces - Résidence à la Caisse,LOCATION,Appartement,residence a la caisse,300000.0,3.0,48.0,100000.0,6250.0,coinafrique,,2026,2,2026-Q2
Location appartement scindé 03 pièces à Agoè réserve,LOCATION,Appartement,agoe,300000.0,3.0,48.0,100000.0,6250.0,coinafrique,,2026,2,2026-Q2
Location appartement meublé 2 pièces - agoe logope,LOCATION,Appartement,logope,270000.0,2.0,32.0,135000.0,8438.0,coinafrique,,2026,2,2026-Q2
Location appartement 3 pièces à Novissi,LOCATION,Appartement,novissi,250000.0,3.0,48.0,83333.0,5208.0,coinafrique,,2026,2,2026-Q2
Location appartements 02 pièces - Djidjolé,LOCATION,Appartement,djidjole,250000.0,2.0,32.0,125000.0,7812.0,coinafrique,,2026,2,2026-Q2
Location appartement meublé - Centre Ville de Lomé,LOCATION,Appartement,centre ville,250000.0,3.0,35.0,83333.0,7143.0,coinafrique,,2026,2,2026-Q2
"Location appartement meublé chambre+ salon en cour unique - Lomé, Gbossimé",LOCATION,Appartement,gbonssime,250000.0,2.0,16.0,125000.0,15625.0,coinafrique,,2026,2,2026-Q2
Location appartement 4 pièces - Adidoadin,LOCATION,Appartement,adidoadin,250000.0,4.0,64.0,62500.0,3906.0,coinafrique,,2026,2,2026-Q2
Location appartement 4 pièces - Djidjolé,LOCATION,Appartement,djidjole,250000.0,4.0,64.0,62500.0,3906.0,coinafrique,,2026,2,2026-Q2
Location appartement meublé 2 pièces - Amadahome Rail Madiba,LOCATION,Appartement,amadahome,250000.0,2.0,32.0,125000.0,7812.0,coinafrique,,2026,2,2026-Q2
Location appartement cour unique 2 pièces à Djidjole marché,LOCATION,Appartement,djidjole marche,250000.0,2.0,32.0,125000.0,7812.0,coinafrique,,2026,2,2026-Q2
Location appartement 5 pièces - Agoè pardon,LOCATION,Appartement,agoe,220000.0,5.0,80.0,44000.0,2750.0,coinafrique,,2026,2,2026-Q2
Location appartement 03 pièces à Agoè plateau,LOCATION,Appartement,agoe,210000.0,3.0,48.0,70000.0,4375.0,coinafrique,,2026,2,2026-Q2
Location appartement cour unique 3 chambres salon à Kegue non loin de l'ambassade du Pakistan,LOCATION,Appartement,kegue,200000.0,3.0,48.0,66667.0,4167.0,coinafrique,,2026,2,2026-Q2
Location appartement 3 pièces Atiégou,LOCATION,Appartement,attiegou,200000.0,3.0,48.0,66667.0,4167.0,coinafrique,,2026,2,2026-Q2
Location appartement 2 chambres salon a Gbossime,LOCATION,Appartement,gbonssime,200000.0,2.0,32.0,100000.0,6250.0,coinafrique,,2026,2,2026-Q2
Location appartement 2 pièces à Kegué,LOCATION,Appartement,kegue,200000.0,2.0,32.0,100000.0,6250.0,coinafrique,,2026,2,2026-Q2
Location appartement 3 pièces à Agbalepedo cour lumière,LOCATION,Appartement,agbalepedo cour lumiere,200000.0,3.0,48.0,66667.0,4167.0,coinafrique,,2026,2,2026-Q2
Location appartements 04 pièces - Agoe léo 2000,LOCATION,Appartement,leo 2000,200000.0,4.0,64.0,50000.0,3125.0,coinafrique,,2026,2,2026-Q2
Location appartements de 02 pièces Atikoumé,LOCATION,Appartement,atikoume,200000.0,2.0,32.0,100000.0,6250.0,coinafrique,,2026,2,2026-Q2
Location appartement 2 chambres salon àAgbalépédo école cours lumière,LOCATION,Appartement,agbalepedo,200000.0,2.0,32.0,100000.0,6250.0,coinafrique,,2026,2,2026-Q2
Location appartement 2 chambres salon à Kodjoviakopé,LOCATION,Appartement,kodjoviakope,200000.0,2.0,32.0,100000.0,6250.0,coinafrique,,2026,2,2026-Q2
Location appartement meublé 3 pièces - Attiegouvi,LOCATION,Appartement,attiegouvi,200000.0,3.0,48.0,66667.0,4167.0,coinafrique,,2026,2,2026-Q2
Location appartement 3pièces - Gbossimé,LOCATION,Appartement,gbonssime,200000.0,3.0,48.0,66667.0,4167.0,coinafrique,,2026,2,2026-Q2
Location appartement 2 Chambre salon Sanguera à 150m du goudron Bien avant le marché,LOCATION,Appartement,zanguera,200000.0,2.0,32.0,100000.0,6250.0,coinafrique,,2026,2,2026-Q2
Location appartements meublés 3 pièces - Adidogomé,LOCATION,Appartement,adidogome,200000.0,3.0,48.0,66667.0,4167.0,coinafrique,,2026,2,2026-Q2
Location appartement haut standing de 02 pièces à Totsi,LOCATION,Appartement,totsi,200000.0,2.0,32.0,100000.0,6250.0,coinafrique,,2026,2,2026-Q2
Location appartement 4 pièces à agoè plateau,LOCATION,Appartement,agoe,200000.0,4.0,64.0,50000.0,3125.0,coinafrique,,2026,2,2026-Q2
Location appartement 3 pièces à Hountigomé,LOCATION,Appartement,hountigome,180000.0,3.0,48.0,60000.0,3750.0,coinafrique,,2026,2,2026-Q2
Location appartement 5 pièces - Nukafu,LOCATION,Appartement,nukafu,180000.0,5.0,80.0,36000.0,2250.0,coinafrique,,2026,2,2026-Q2
Location appartement 5 pièces à Nukafu cerfer,LOCATION,Appartement,nukafu cerfer,180000.0,5.0,80.0,36000.0,2250.0,coinafrique,,2026,2,2026-Q2
Location appartement 4 pièces - Hountigomé,LOCATION,Appartement,hountigome,180000.0,4.0,64.0,45000.0,2812.0,coinafrique,,2026,2,2026-Q2
Location appartement 3 pièces - Lomé Avépozo,LOCATION,Appartement,avepozo,180000.0,3.0,48.0,60000.0,3750.0,coinafrique,,2026,2,2026-Q2
Location appartement 3 pièces - Cité Mokpokpo,LOCATION,Appartement,cite mokpokpo,180000.0,3.0,48.0,60000.0,3750.0,coinafrique,,2026,2,2026-Q2
Location appartement 4 pièces - Nukafou hountigomé,LOCATION,Appartement,nukafu hountigome,180000.0,4.0,64.0,45000.0,2812.0,coinafrique,,2026,2,2026-Q2
Location appartement 5 chambres salon àAgoè Nanégbé,LOCATION,Appartement,agoe,180000.0,5.0,80.0,36000.0,2250.0,coinafrique,,2026,2,2026-Q2
location appartements meublés 2 pièces - lomé,LOCATION,Appartement,lome,180000.0,2.0,32.0,90000.0,5625.0,coinafrique,,2026,2,2026-Q2
Location appartement haut standing 3 pièces - zanguéra,LOCATION,Appartement,zanguera,180000.0,3.0,48.0,60000.0,3750.0,coinafrique,,2026,2,2026-Q2
Location appartement - Zanguéra,LOCATION,Appartement,zanguera,180000.0,5.0,600.0,36000.0,300.0,coinafrique,,2026,2,2026-Q2
Location appartement haut standing 3 pièces - Zangera,LOCATION,Appartement,zanguera,180000.0,3.0,48.0,60000.0,3750.0,coinafrique,,2026,2,2026-Q2
Location appartement 3 pièces - Zanguéra,LOCATION,Appartement,zanguera,180000.0,3.0,48.0,60000.0,3750.0,coinafrique,,2026,2,2026-Q2
Location appartement nouvelle construction 2 pièces à GTA,LOCATION,Appartement,gta,180000.0,2.0,32.0,90000.0,5625.0,coinafrique,,2026,2,2026-Q2
Location appartement 4 pièces - Agoè adétikopé pia,LOCATION,Appartement,agoe,170000.0,4.0,64.0,42500.0,2656.0,coinafrique,,2026,2,2026-Q2
Location appartement 4 pièces - Adetikopé,LOCATION,Appartement,adetikope,170000.0,4.0,64.0,42500.0,2656.0,coinafrique,,2026,2,2026-Q2
Location appartement 3 pièces - Avedji,LOCATION,Appartement,avedji,160000.0,3.0,48.0,53333.0,3333.0,coinafrique,,2026,2,2026-Q2
Location appartement 3 pièces a Avedji,LOCATION,Appartement,avedji,160000.0,3.0,48.0,53333.0,3333.0,coinafrique,,2026,2,2026-Q2
Location appartement 3 chambres salon à Avedji limousine,LOCATION,Appartement,avedji limousine,160000.0,3.0,48.0,53333.0,3333.0,coinafrique,,2026,2,2026-Q2
Location appartement 4 pièces - Cité mokpokpo,LOCATION,Appartement,cite mokpokpo,150000.0,4.0,64.0,37500.0,2344.0,coinafrique,,2026,2,2026-Q2
Location appartement 3 pièces à Totsi école isages proche du goudron,LOCATION,Appartement,totsi,150000.0,3.0,48.0,50000.0,3125.0,coinafrique,,2026,2,2026-Q2
Location appartement 3 pièces - Garage centrale,LOCATION,Appartement,garage centrale,150000.0,3.0,48.0,50000.0,3125.0,coinafrique,,2026,2,2026-Q2
Location appartements 2 pièces - lomé,LOCATION,Appartement,lome,150000.0,2.0,32.0,75000.0,4688.0,coinafrique,,2026,2,2026-Q2
Location appartement 3 pièces à Totsi,LOCATION,Appartement,totsi,150000.0,3.0,48.0,50000.0,3125.0,coinafrique,,2026,2,2026-Q2
Location appartement 3 pièces - Adidogomé,LOCATION,Appartement,adidogome,150000.0,3.0,48.0,50000.0,3125.0,coinafrique,,2026,2,2026-Q2
Location appartement 3 chambres Hedranawoe sagboville non loin du goudron,LOCATION,Appartement,hedzranawoe sagboville,150000.0,3.0,48.0,50000.0,3125.0,coinafrique,,2026,2,2026-Q2
Location appartement 4 pièces - Assigome,LOCATION,Appartement,assigome,150000.0,4.0,64.0,37500.0,2344.0,coinafrique,,2026,2,2026-Q2
Location appartement 4 pièces à Atikoumé adinamoto,LOCATION,Appartement,atikoume adinamoto,150000.0,4.0,64.0,37500.0,2344.0,coinafrique,,2026,2,2026-Q2
Location appartement 3 pièces - Avedji,LOCATION,Appartement,avedji,150000.0,3.0,48.0,50000.0,3125.0,coinafrique,,2026,2,2026-Q2
Location appartement de 4 pièces a Hedranawoé sagboville,LOCATION,Appartement,hedzranawoe sagboville,150000.0,4.0,64.0,37500.0,2344.0,coinafrique,,2026,2,2026-Q2
Location appartement 3 pièces à Tokoin wuiti catholique,LOCATION,Appartement,tokoin,150000.0,3.0,48.0,50000.0,3125.0,coinafrique,,2026,2,2026-Q2
Location appartement 2 chambres salon Lomé Tokoin trésor,LOCATION,Appartement,tokoin,150000.0,2.0,32.0,75000.0,4688.0,coinafrique,,2026,2,2026-Q2
Location appartement 2 chambres à Atiégou lycée,LOCATION,Appartement,attiegou,150000.0,2.0,32.0,75000.0,4688.0,coinafrique,,2026,2,2026-Q2
Location appartement dallé staffé de 4 pièces - Amandahomé,LOCATION,Appartement,amadahome,150000.0,4.0,64.0,37500.0,2344.0,coinafrique,,2026,2,2026-Q2
Location appartement 3 chambres salon à Atikumé,LOCATION,Appartement,atikume,150000.0,3.0,48.0,50000.0,3125.0,coinafrique,,2026,2,2026-Q2
Location appartement 2 chambres salon à Attiégou epp,LOCATION,Appartement,attiegou epp,150000.0,2.0,32.0,75000.0,4688.0,coinafrique,,2026,2,2026-Q2
Location appartement 3 pièces - Lomé Tokoin,LOCATION,Appartement,tokoin,150000.0,3.0,48.0,50000.0,3125.0,coinafrique,,2026,2,2026-Q2
Location appartement 3 pièces à Atikoumé Adinamoto,LOCATION,Appartement,atikoume adinamoto,150000.0,3.0,48.0,50000.0,3125.0,coinafrique,,2026,2,2026-Q2
Location appartements 2 pièces à Atiégou,LOCATION,Appartement,attiegou,150000.0,2.0,32.0,75000.0,4688.0,coinafrique,,2026,2,2026-Q2
Location appartement 3 pièces à kegué derrière hôtel obligado,LOCATION,Appartement,kegue,150000.0,3.0,48.0,50000.0,3125.0,coinafrique,,2026,2,2026-Q2
Location appartement a l'étage dd 2 chambres salon à Attiegou lycée technique,LOCATION,Appartement,attiegou,150000.0,2.0,32.0,75000.0,4688.0,coinafrique,,2026,2,2026-Q2
Location appartement 3 pièces - Tokoin Gbadago,LOCATION,Appartement,tokoin,150000.0,3.0,48.0,50000.0,3125.0,coinafrique,,2026,2,2026-Q2
Location appartement 3 pièces - Cacaveli tde,LOCATION,Appartement,cacaveli tde,150000.0,3.0,48.0,50000.0,3125.0,coinafrique,,2026,2,2026-Q2
Location appartement 3 pièces a Tokoin ramco,LOCATION,Appartement,tokoin,150000.0,3.0,48.0,50000.0,3125.0,coinafrique,,2026,2,2026-Q2
Location appartement 3 pièces à Avedji limousine,LOCATION,Appartement,avedji limousine,150000.0,3.0,48.0,50000.0,3125.0,coinafrique,,2026,2,2026-Q2
Location appartement 4 pièces - Agoè,LOCATION,Appartement,agoe,150000.0,4.0,64.0,37500.0,2344.0,coinafrique,,2026,2,2026-Q2
Location appartement de 03 pièces à kpogan,LOCATION,Appartement,kpogan,150000.0,3.0,48.0,50000.0,3125.0,coinafrique,,2026,2,2026-Q2
Location appartement 3 pièces - N'kafou,LOCATION,Appartement,nukafu,140000.0,3.0,48.0,46667.0,2917.0,coinafrique,,2026,2,2026-Q2
Location appartements 4 pièces - Lomé,LOCATION,Appartement,lome,140000.0,4.0,64.0,35000.0,2188.0,coinafrique,,2026,2,2026-Q2
Location appartement 2 chambres salon Lomé Tokoin Nukafou,LOCATION,Appartement,tokoin,140000.0,2.0,32.0,70000.0,4375.0,coinafrique,,2026,2,2026-Q2
Location appartement 3 chambres salon à Adidogomè Amadahom,LOCATION,Appartement,amadahome,135000.0,3.0,48.0,45000.0,2812.0,coinafrique,,2026,2,2026-Q2
Location appartement 3 pièces à Amadamhomé,LOCATION,Appartement,amadahome,130000.0,3.0,48.0,43333.0,2708.0,coinafrique,,2026,2,2026-Q2
Location appartement scindé de 2 chambres salon à Akodessewa,LOCATION,Appartement,akodessewa,130000.0,2.0,32.0,65000.0,4062.0,coinafrique,,2026,2,2026-Q2
Location appartement 3 pièces - hedranawoé réveil d'or,LOCATION,Appartement,hedzranawoe reveil d or,130000.0,3.0,48.0,43333.0,2708.0,coinafrique,,2026,2,2026-Q2
Location appartement 3 pièces - Adidogomè Amadahomè,LOCATION,Appartement,amadahome,130000.0,3.0,48.0,43333.0,2708.0,coinafrique,,2026,2,2026-Q2
Location appartement 3 pièces - Adidogomè,LOCATION,Appartement,adidogome,130000.0,3.0,48.0,43333.0,2708.0,coinafrique,,2026,2,2026-Q2
Location appartement 2 chambres Salon Bè Kpota,LOCATION,Appartement,be,130000.0,2.0,32.0,65000.0,4062.0,coinafrique,,2026,2,2026-Q2
Location appartement 3 chambres salon à Amadahomé,LOCATION,Appartement,amadahome,130000.0,3.0,48.0,43333.0,2708.0,coinafrique,,2026,2,2026-Q2
Location appartement au bord de la grande voie sallé staffé de 3 chambres salon à Amadahomé,LOCATION,Appartement,amadahome,130000.0,3.0,48.0,43333.0,2708.0,coinafrique,,2026,2,2026-Q2
Location appartement 3 pièces - Totsi,LOCATION,Appartement,totsi,130000.0,3.0,48.0,43333.0,2708.0,coinafrique,,2026,2,2026-Q2
Location appartement 4 pièces à Avedji gblinkome,LOCATION,Appartement,avedji gblinkome,130000.0,4.0,64.0,32500.0,2031.0,coinafrique,,2026,2,2026-Q2
Location appartement 3 pièces à Bè Kpota,LOCATION,Appartement,be,130000.0,3.0,48.0,43333.0,2708.0,coinafrique,,2026,2,2026-Q2
Location appartement chambre salon - Totsi,LOCATION,Appartement,totsi,130000.0,2.0,32.0,65000.0,4062.0,coinafrique,,2026,2,2026-Q2
Location appartement 4 pièces - l’entreprise de l’union,LOCATION,Appartement,entreprise de l'union,130000.0,4.0,64.0,32500.0,2031.0,coinafrique,,2026,2,2026-Q2
Location appartement chambres à Nykonakpoe siège Gozem,LOCATION,Appartement,nykonakpoe siege gozem,125000.0,1.0,16.0,125000.0,7812.0,coinafrique,,2026,2,2026-Q2
Location appartement 2 chambres salon Lomé Tokoin,LOCATION,Appartement,tokoin,125000.0,2.0,32.0,62500.0,3906.0,coinafrique,,2026,2,2026-Q2
Location appartement 2 chambres salon à Tokoin trésor,LOCATION,Appartement,tokoin,125000.0,2.0,32.0,62500.0,3906.0,coinafrique,,2026,2,2026-Q2
Location appartement 3 pièces - Tokoin ramco,LOCATION,Appartement,tokoin,125000.0,3.0,48.0,41667.0,2604.0,coinafrique,,2026,2,2026-Q2
Location appartement 2 chambres 02 à Tokoin trésor,LOCATION,Appartement,tokoin,125000.0,2.0,32.0,62500.0,3906.0,coinafrique,,2026,2,2026-Q2
Location appartement 2 chambres Tokoin trésor,LOCATION,Appartement,tokoin,125000.0,2.0,32.0,62500.0,3906.0,coinafrique,,2026,2,2026-Q2
Location appartements meublés 2 pièces - Kpota,LOCATION,Appartement,be kpota,125000.0,2.0,32.0,62500.0,3906.0,coinafrique,,2026,2,2026-Q2
Location appartement 3 pièces - Amadahomé,LOCATION,Appartement,amadahome,120000.0,3.0,48.0,40000.0,2500.0,coinafrique,,2026,2,2026-Q2
Location appartement 3 pièces à Agoè telessou,LOCATION,Appartement,agoe,120000.0,3.0,48.0,40000.0,2500.0,coinafrique,,2026,2,2026-Q2
Location appartement 3 pièces - Agbalepedo,LOCATION,Appartement,agbalepedo,120000.0,3.0,48.0,40000.0,2500.0,coinafrique,,2026,2,2026-Q2
Location appartement 3 pièces - Agbalopédo,LOCATION,Appartement,agbalepedo,120000.0,3.0,48.0,40000.0,2500.0,coinafrique,,2026,2,2026-Q2
Location appartement 2 chambres salon a Avedji,LOCATION,Appartement,avedji,120000.0,2.0,32.0,60000.0,3750.0,coinafrique,,2026,2,2026-Q2
Location appartements de 02 pièces - Avédji limousine,LOCATION,Appartement,avedji,120000.0,2.0,32.0,60000.0,3750.0,coinafrique,,2026,2,2026-Q2
Location appartement Bureau 3 pièces à Agoe 2 Lions,LOCATION,Appartement,agoe,120000.0,3.0,48.0,40000.0,2500.0,coinafrique,,2026,2,2026-Q2
Location appartement 3 chambres salon à Akodéssewa,LOCATION,Appartement,akodessewa,120000.0,3.0,48.0,40000.0,2500.0,coinafrique,,2026,2,2026-Q2
Location appartement 3 chambres salon - Legbassito Adidome,LOCATION,Appartement,legbassito adidome,120000.0,3.0,48.0,40000.0,2500.0,coinafrique,,2026,2,2026-Q2
Location appartement 3 pièces - Lomé - Agoe minamadou,LOCATION,Appartement,minamadou,120000.0,3.0,48.0,40000.0,2500.0,coinafrique,,2026,2,2026-Q2
Location appartement 3 pièces - Avepozo,LOCATION,Appartement,avepozo,120000.0,3.0,48.0,40000.0,2500.0,coinafrique,,2026,2,2026-Q2
Location appartement 3pièces - Taco,LOCATION,Appartement,super taco,120000.0,3.0,48.0,40000.0,2500.0,coinafrique,,2026,2,2026-Q2
Location appartement 02 pièces à zanguera,LOCATION,Appartement,zanguera,120000.0,2.0,32.0,60000.0,3750.0,coinafrique,,2026,2,2026-Q2
Location appartement 02 pièces - Adidogomé logoté,LOCATION,Appartement,adidogome,110000.0,2.0,32.0,55000.0,3438.0,coinafrique,,2026,2,2026-Q2
Location appartement 3 pièces - Nukafou,LOCATION,Appartement,nukafu,100000.0,3.0,48.0,33333.0,2083.0,coinafrique,,2026,2,2026-Q2
Location appartement 3 pièces à Adidogomé atilamonou,LOCATION,Appartement,adidogome,100000.0,3.0,48.0,33333.0,2083.0,coinafrique,,2026,2,2026-Q2
Location appartement 3 pièces à Hedranawoé,LOCATION,Appartement,hedzranawoe,100000.0,3.0,48.0,33333.0,2083.0,coinafrique,,2026,2,2026-Q2
Location appartement 3 pièces à Legbas,LOCATION,Appartement,legbas,100000.0,3.0,48.0,33333.0,2083.0,coinafrique,,2026,2,2026-Q2
Location appartement 3 pièces - Hedzranawoé,LOCATION,Appartement,hedzranawoe,100000.0,3.0,48.0,33333.0,2083.0,coinafrique,,2026,2,2026-Q2
Location appartement 3 pièces - Agoè logopé,LOCATION,Appartement,agoe,100000.0,3.0,48.0,33333.0,2083.0,coinafrique,,2026,2,2026-Q2
"Location appartement 3 pièces a Agoè logopé, non loin du carrefour tazo",LOCATION,Appartement,agoe,100000.0,3.0,48.0,33333.0,2083.0,coinafrique,,2026,2,2026-Q2
Location appartement 4 pièces - Amandahome,LOCATION,Appartement,amadahome,100000.0,4.0,64.0,25000.0,1562.0,coinafrique,,2026,2,2026-Q2
Location appartement 3 pièces - Hedranawoé école ayessou,LOCATION,Appartement,hedzranawoe,100000.0,3.0,48.0,33333.0,2083.0,coinafrique,,2026,2,2026-Q2
Location appartement 3 pièces - Hedranawoè,LOCATION,Appartement,hedzranawoe,100000.0,3.0,48.0,33333.0,2083.0,coinafrique,,2026,2,2026-Q2
Location appartement 3 chambres Agoè Sogbossito somayaf,LOCATION,Appartement,agoe,100000.0,3.0,48.0,33333.0,2083.0,coinafrique,,2026,2,2026-Q2
Location appartement de 2 chambre salon à Sogbo,LOCATION,Appartement,sogbo,100000.0,2.0,32.0,50000.0,3125.0,coinafrique,,2026,2,2026-Q2
Location appartement 2 chambres salon Hedrzanwoé total,LOCATION,Appartement,hedzranawoe,100000.0,2.0,32.0,50000.0,3125.0,coinafrique,,2026,2,2026-Q2
Location appartement 2 chambre salon Avedji amétossimé,LOCATION,Appartement,avedji ametossime,100000.0,2.0,32.0,50000.0,3125.0,coinafrique,,2026,2,2026-Q2
Location appartement 3 pièces à Sogbossito,LOCATION,Appartement,sogbossito,100000.0,3.0,48.0,33333.0,2083.0,coinafrique,,2026,2,2026-Q2
Location appartement 3 pièces a agoé camp de police,LOCATION,Appartement,camp de police,100000.0,3.0,48.0,33333.0,2083.0,coinafrique,,2026,2,2026-Q2
Location appartement 3 pièces - Togokome,LOCATION,Appartement,togokome,100000.0,3.0,48.0,33333.0,2083.0,coinafrique,,2026,2,2026-Q2
Location appartement cour unique de 02 pièces à baguida,LOCATION,Appartement,baguida,100000.0,2.0,32.0,50000.0,3125.0,coinafrique,,2026,2,2026-Q2
Location appartement scindé au rez - de - chaussée 3 pièces à Agoè Madjikpeto,LOCATION,Appartement,agoe,95000.0,3.0,48.0,31667.0,1979.0,coinafrique,,2026,2,2026-Q2
Location appartement 3 pièces à Adakpame,LOCATION,Appartement,adetikope,90000.0,3.0,48.0,30000.0,1875.0,coinafrique,,2026,2,2026-Q2
Location appartement 3 pièces a Hedranawoé,LOCATION,Appartement,hedzranawoe,90000.0,3.0,48.0,30000.0,1875.0,coinafrique,,2026,2,2026-Q2
Location appartement cour unique a l'étage 4 pièces a kegué o'queens,LOCATION,Appartement,kegue oqueens,90000.0,4.0,64.0,22500.0,1406.0,coinafrique,,2026,2,2026-Q2
Location appartement chambre salon à Zanguera IPG,LOCATION,Appartement,zanguera,90000.0,2.0,32.0,45000.0,2812.0,coinafrique,,2026,2,2026-Q2
Location appartement 3 pièces a Agoè gendarmerie,LOCATION,Appartement,agoe,90000.0,3.0,48.0,30000.0,1875.0,coinafrique,,2026,2,2026-Q2
Location appartement 3 chambres salon à Agoè Sogbossito,LOCATION,Appartement,agoe,90000.0,3.0,48.0,30000.0,1875.0,coinafrique,,2026,2,2026-Q2
Location appartement 3 pièces - Hedranawoé aéroport,LOCATION,Appartement,hedzranawoe aeroport,90000.0,3.0,48.0,30000.0,1875.0,coinafrique,,2026,2,2026-Q2
Location appartement 2 chambres salon à Agoé anokui,LOCATION,Appartement,anokui,90000.0,2.0,32.0,45000.0,2812.0,coinafrique,,2026,2,2026-Q2
Location appartement 3 chambres salon à Hedranawoé Total,LOCATION,Appartement,hedzranawoe total,90000.0,3.0,48.0,30000.0,1875.0,coinafrique,,2026,2,2026-Q2
Location appartement 3 pièces - Hedzranawoe,LOCATION,Appartement,hedzranawoe,90000.0,3.0,48.0,30000.0,1875.0,coinafrique,,2026,2,2026-Q2
Location appartement 3 chambres - Togo,LOCATION,Appartement,togo 2000,90000.0,3.0,48.0,30000.0,1875.0,coinafrique,,2026,2,2026-Q2
Location appartement 2 chambres salon interne à Agoe,LOCATION,Appartement,agoe,90000.0,2.0,32.0,45000.0,2812.0,coinafrique,,2026,2,2026-Q2
Location appartements 3 pièces - Agoe Est,LOCATION,Appartement,agoe est,90000.0,3.0,48.0,30000.0,1875.0,coinafrique,,2026,2,2026-Q2
Location appartement 4 pièces à Agoé camp gp,LOCATION,Appartement,agoe,85000.0,4.0,64.0,21250.0,1328.0,coinafrique,,2026,2,2026-Q2
Location appartement 3 pièces - Adidogomé Logoté,LOCATION,Appartement,adidogome,85000.0,3.0,48.0,28333.0,1771.0,coinafrique,,2026,2,2026-Q2
Location appartement 3 pièces à Agoè demakpoe,LOCATION,Appartement,agoe,85000.0,3.0,48.0,28333.0,1771.0,coinafrique,,2026,2,2026-Q2
Location appartement 2 chambres salon au rez et chambre a l'étage sous forme de cour unique à Kegué kpatcha,LOCATION,Appartement,kegue kpatcha,80000.0,2.0,32.0,40000.0,2500.0,coinafrique,,2026,2,2026-Q2
Location appartement 3 pièces a Kégué koffi panou,LOCATION,Appartement,kegue,80000.0,3.0,48.0,26667.0,1667.0,coinafrique,,2026,2,2026-Q2
Location appartement 3 pièces - Zanguera,LOCATION,Appartement,zanguera,80000.0,3.0,48.0,26667.0,1667.0,coinafrique,,2026,2,2026-Q2
Location appartements 2 pièces - Lomé,LOCATION,Appartement,lome,80000.0,2.0,32.0,40000.0,2500.0,coinafrique,,2026,2,2026-Q2
Location appartement 3 pièces a Agoé kochigan,LOCATION,Appartement,koshigan,80000.0,3.0,48.0,26667.0,1667.0,coinafrique,,2026,2,2026-Q2
Location appartement 4 pièces à Adidogomé,LOCATION,Appartement,adidogome,80000.0,4.0,64.0,20000.0,1250.0,coinafrique,,2026,2,2026-Q2
Location appartements 2 pièces - lomé,LOCATION,Appartement,lome,80000.0,2.0,32.0,40000.0,2500.0,coinafrique,,2026,2,2026-Q2
Location appartement 3 pièces - Agoè nanégbe,LOCATION,Appartement,agoe,80000.0,3.0,48.0,26667.0,1667.0,coinafrique,,2026,2,2026-Q2
Location appartement cour unique 2 chambres à Ceg nanégbe,LOCATION,Appartement,nanegbe,80000.0,2.0,32.0,40000.0,2500.0,coinafrique,,2026,2,2026-Q2
Location appartement 4 pièces - Agoe logope,LOCATION,Appartement,logope,80000.0,4.0,64.0,20000.0,1250.0,coinafrique,,2026,2,2026-Q2
Location appartement 4 pièces - Agoè Daliko,LOCATION,Appartement,agoe,80000.0,4.0,64.0,20000.0,1250.0,coinafrique,,2026,2,2026-Q2
Location appartement 2 chambres salon WC douche à Koffi Panou vers hôtel blewoy,LOCATION,Appartement,koffi panou,80000.0,2.0,32.0,40000.0,2500.0,coinafrique,,2026,2,2026-Q2
Location appartement 2 chambres salon Tokoin Gbossimé,LOCATION,Appartement,tokoin,80000.0,2.0,32.0,40000.0,2500.0,coinafrique,,2026,2,2026-Q2
Location appartement chambre salon à Adidogomé lycée technique un splendide appartement d'une chambre salon nouvellement construite wc douche cuisine tout interne large baie vitrée et bien staffée,LOCATION,Appartement,adidogome,80000.0,2.0,32.0,40000.0,2500.0,coinafrique,,2026,2,2026-Q2
Location appartement 3 pièces - Attiegou,LOCATION,Appartement,attiegou,80000.0,3.0,48.0,26667.0,1667.0,coinafrique,,2026,2,2026-Q2
Location appartement de chambres salon 2 chambres salon - Hédzranawoé Total en face,LOCATION,Appartement,hedzranawoe,80000.0,2.0,32.0,40000.0,2500.0,coinafrique,,2026,2,2026-Q2
Location appartement 3 pièces - Togo 2000,LOCATION,Appartement,togo 2000,80000.0,3.0,48.0,26667.0,1667.0,coinafrique,,2026,2,2026-Q2
Location appartement scindé en cour unique chambre salon à Agbalepedo groupe C,LOCATION,Appartement,agbalepedo,75000.0,2.0,32.0,37500.0,2344.0,coinafrique,,2026,2,2026-Q2
Location appartement chambres salon wc à Tokoin Soted,LOCATION,Appartement,tokoin,75000.0,2.0,32.0,37500.0,2344.0,coinafrique,,2026,2,2026-Q2
Location appartement 2 pièces - Cacaveli,LOCATION,Appartement,cacaveli,75000.0,2.0,32.0,37500.0,2344.0,coinafrique,,2026,2,2026-Q2
Location appartement chambres salon à Adidogomè Amadahomè Eli palace,LOCATION,Appartement,amadahome,75000.0,2.0,32.0,37500.0,2344.0,coinafrique,,2026,2,2026-Q2
Location appartement 3 pièces - Agbalepedo,LOCATION,Appartement,agbalepedo,70000.0,3.0,48.0,23333.0,1458.0,coinafrique,,2026,2,2026-Q2
Location appartement 2 pièces - Amadahomé,LOCATION,Appartement,amadahome,70000.0,2.0,32.0,35000.0,2188.0,coinafrique,,2026,2,2026-Q2
Location appartements 2 pièces - Lomé,LOCATION,Appartement,lome,70000.0,2.0,32.0,35000.0,2188.0,coinafrique,,2026,2,2026-Q2
Location appartement 2 pièces - Logbassito,LOCATION,Appartement,logbassito,70000.0,2.0,32.0,35000.0,2188.0,coinafrique,,2026,2,2026-Q2
Location appartement de 2 chambres salon wc douche interne à Avedji CEG,LOCATION,Appartement,avedji,70000.0,2.0,32.0,35000.0,2188.0,coinafrique,,2026,2,2026-Q2
Location appartement 3 pièces - Adidogome Assiyeye,LOCATION,Appartement,assiyeye,70000.0,3.0,48.0,23333.0,1458.0,coinafrique,,2026,2,2026-Q2
Location appartement 3 pièces - Agoé,LOCATION,Appartement,agoe,65000.0,3.0,48.0,21667.0,1354.0,coinafrique,,2026,2,2026-Q2
Location appartement 3 pièces - Nanégbe carrefour bonheur,LOCATION,Appartement,nanegbe,65000.0,3.0,48.0,21667.0,1354.0,coinafrique,,2026,2,2026-Q2
Location appartement 3 pièces à Hedranawoé,LOCATION,Appartement,hedzranawoe,65000.0,3.0,48.0,21667.0,1354.0,coinafrique,,2026,2,2026-Q2
Location appartement scindé de chambre salon à Segbe,LOCATION,Appartement,segbe,65000.0,2.0,32.0,32500.0,2031.0,coinafrique,,2026,2,2026-Q2
Location appartement 2 pièces - Kégué Émaruto,LOCATION,Appartement,kegue,62000.0,2.0,32.0,31000.0,1938.0,coinafrique,,2026,2,2026-Q2
Location appartement 3 pièces a Adidogomé akato,LOCATION,Appartement,adidogome,60000.0,3.0,48.0,20000.0,1250.0,coinafrique,,2026,2,2026-Q2
Location appartement chambres salon à Plateau,LOCATION,Appartement,plateau,60000.0,2.0,32.0,30000.0,1875.0,coinafrique,,2026,2,2026-Q2
Location appartement de chambre salon à Kegué emarito,LOCATION,Appartement,kegue emarito,60000.0,2.0,32.0,30000.0,1875.0,coinafrique,,2026,2,2026-Q2
Location appartement de chambre salon à Kegué Emarito,LOCATION,Appartement,kegue emarito,60000.0,2.0,32.0,30000.0,1875.0,coinafrique,,2026,2,2026-Q2
Location appartement 3 pièces - Sagbado Logoté,LOCATION,Appartement,sagbado logote,60000.0,3.0,48.0,20000.0,1250.0,coinafrique,,2026,2,2026-Q2
Location appartement 3 pièces - Hedranawoé lycée awoudja,LOCATION,Appartement,hedzranawoe,60000.0,3.0,48.0,20000.0,1250.0,coinafrique,,2026,2,2026-Q2
Location appartement 3 pièces - Djagblé,LOCATION,Appartement,djagble,60000.0,3.0,48.0,20000.0,1250.0,coinafrique,,2026,2,2026-Q2
Location appartement 2 pièces - Lomé,LOCATION,Appartement,lome,60000.0,2.0,32.0,30000.0,1875.0,coinafrique,,2026,2,2026-Q2
Location appartement deux chambres salon - Tokoin Soted,LOCATION,Appartement,tokoin,60000.0,2.0,32.0,30000.0,1875.0,coinafrique,,2026,2,2026-Q2
Location appartement 3 pièces a Léo 2000,LOCATION,Appartement,leo 2000,60000.0,3.0,48.0,20000.0,1250.0,coinafrique,,2026,2,2026-Q2
Location appartement pièces wc douche interne à Avedji Vessomé,LOCATION,Appartement,avedji vessome,60000.0,1.0,16.0,60000.0,3750.0,coinafrique,,2026,2,2026-Q2
Location appartement 3 pièces - Lomé,LOCATION,Appartement,lome,55000.0,3.0,48.0,18333.0,1146.0,coinafrique,,2026,2,2026-Q2
Location appartements 2 pièces - Lomé,LOCATION,Appartement,lome,55000.0,2.0,32.0,27500.0,1719.0,coinafrique,,2026,2,2026-Q2
Location appartement 3 pièces à Adidogomé akato,LOCATION,Appartement,adidogome,55000.0,3.0,48.0,18333.0,1146.0,coinafrique,,2026,2,2026-Q2
Location appartement - Agoè Demakpoèdans,LOCATION,Appartement,agoe,55000.0,1.0,16.0,55000.0,3438.0,coinafrique,,2026,2,2026-Q2
Location appartement de 02 pièces à l'étage à zanguera maco,LOCATION,Appartement,zanguera maco,55000.0,2.0,32.0,27500.0,1719.0,coinafrique,,2026,2,2026-Q2
Location appartement 2 pièces - Agoe anokoui,LOCATION,Appartement,anokui,52000.0,2.0,32.0,26000.0,1625.0,coinafrique,,2026,2,2026-Q2
Location appartement a Attiegou ceg,LOCATION,Appartement,attiegou,50000.0,1.0,16.0,50000.0,3125.0,coinafrique,,2026,2,2026-Q2
Location appartements 1 pièces - lomé,LOCATION,Appartement,lome,50000.0,1.0,16.0,50000.0,3125.0,coinafrique,,2026,2,2026-Q2
Location appartements 2 pièces - Lomé,LOCATION,Appartement,lome,50000.0,2.0,32.0,25000.0,1562.0,coinafrique,,2026,2,2026-Q2
Location appartement 2 pièces - Lomé Avepozo,LOCATION,Appartement,avepozo,50000.0,2.0,32.0,25000.0,1562.0,coinafrique,,2026,2,2026-Q2
Location appartement - Agoè,LOCATION,Appartement,agoe,50000.0,1.0,16.0,50000.0,3125.0,coinafrique,,2026,2,2026-Q2
Location appartement 3 pièces - Agoé zongo,LOCATION,Appartement,zongo,50000.0,3.0,48.0,16667.0,1042.0,coinafrique,,2026,2,2026-Q2
Location appartement de chambres salon wc douche cuisine interne a l'étage à Adidogomé Sagbado,LOCATION,Appartement,adidogome,50000.0,2.0,32.0,25000.0,1562.0,coinafrique,,2026,2,2026-Q2
Location appartement 2 pièces - Nanégbé,LOCATION,Appartement,nanegbe,50000.0,2.0,32.0,25000.0,1562.0,coinafrique,,2026,2,2026-Q2
Location appartement - Agoè anokui,LOCATION,Appartement,agoe,50000.0,1.0,16.0,50000.0,3125.0,coinafrique,,2026,2,2026-Q2
Location appartement 2 pièces - Cité Des Anges,LOCATION,Appartement,cite des anges,50000.0,2.0,32.0,25000.0,1562.0,coinafrique,,2026,2,2026-Q2
Location appartement - Amadahome,LOCATION,Appartement,amadahome,50000.0,2.0,32.0,25000.0,1562.0,coinafrique,,2026,2,2026-Q2
Location appartement a hedranawoé,LOCATION,Appartement,hedzranawoe,50000.0,2.0,32.0,25000.0,1562.0,coinafrique,,2026,2,2026-Q2
Location appartement 3 pièces a koffi panou,LOCATION,Appartement,koffi panou,50000.0,3.0,48.0,16667.0,1042.0,coinafrique,,2026,2,2026-Q2
Location appartement de chambre salon - Togo,LOCATION,Appartement,togo 2000,50000.0,2.0,32.0,25000.0,1562.0,coinafrique,,2026,2,2026-Q2
Location appartement chambres salon - Nyekonakpoe lycée français,LOCATION,Appartement,nyekonakpoe,45000.0,2.0,32.0,22500.0,1406.0,coinafrique,,2026,2,2026-Q2
Location appartement a Agoè athiémé,LOCATION,Appartement,agoe,45000.0,2.0,32.0,22500.0,1406.0,coinafrique,,2026,2,2026-Q2
Location appartement a Legbassito derrière carrefour napoléon,LOCATION,Appartement,legbassito,45000.0,2.0,32.0,22500.0,1406.0,coinafrique,,2026,2,2026-Q2
Location appartement à Legbassito Kové derrière carrefour Napoléon,LOCATION,Appartement,legbassito kove,45000.0,2.0,32.0,22500.0,1406.0,coinafrique,,2026,2,2026-Q2
Location appartement 2 pièces - Ségbé,LOCATION,Appartement,segbe,45000.0,2.0,32.0,22500.0,1406.0,coinafrique,,2026,2,2026-Q2
Location appartement chambre salon à Agoé camp de police,LOCATION,Appartement,camp de police,45000.0,2.0,32.0,22500.0,1406.0,coinafrique,,2026,2,2026-Q2
Location appartement 2 pièces - Agoe CCL,LOCATION,Appartement,agoe ccl,45000.0,2.0,32.0,22500.0,1406.0,coinafrique,,2026,2,2026-Q2
Location appartement à Agoè Koffi,LOCATION,Appartement,agoe,43500.0,2.0,32.0,21750.0,1359.0,coinafrique,,2026,2,2026-Q2
Location appartement à Agbalepedo,LOCATION,Appartement,agbalepedo,43000.0,2.0,32.0,21500.0,1344.0,coinafrique,,2026,2,2026-Q2
Location appartement a Tokoin sotede,LOCATION,Appartement,tokoin,40000.0,2.0,32.0,20000.0,1250.0,coinafrique,,2026,2,2026-Q2
Location appartement a Agbaledo rond point oeuf,LOCATION,Appartement,agbalepedo,40000.0,2.0,32.0,20000.0,1250.0,coinafrique,,2026,2,2026-Q2
Location appartement a Leo 2000,LOCATION,Appartement,leo 2000,40000.0,2.0,32.0,20000.0,1250.0,coinafrique,,2026,2,2026-Q2
Location appartement cour unique - Agoè,LOCATION,Appartement,agoe,40000.0,2.0,32.0,20000.0,1250.0,coinafrique,,2026,2,2026-Q2
Location appartement - Atilamonou,LOCATION,Appartement,atilamonou,40000.0,2.0,32.0,20000.0,1250.0,coinafrique,,2026,2,2026-Q2
Location appartement 2 pièces - Agoe Camp de Police,LOCATION,Appartement,camp de police,40000.0,2.0,32.0,20000.0,1250.0,coinafrique,,2026,2,2026-Q2
Location appartement 2 pièces - Nanegbé,LOCATION,Appartement,nanegbe,40000.0,2.0,32.0,20000.0,1250.0,coinafrique,,2026,2,2026-Q2
Location appartement - Amandahome,LOCATION,Appartement,amadahome,35000.0,2.0,32.0,17500.0,1094.0,coinafrique,,2026,2,2026-Q2
Location appartement 3 pièces - Atakpamé,LOCATION,Appartement,atakpame,35000.0,3.0,48.0,11667.0,729.0,coinafrique,,2026,2,2026-Q2
Location appartement 2 pièces - Lomé,LOCATION,Appartement,lome,35000.0,2.0,32.0,17500.0,1094.0,coinafrique,,2026,2,2026-Q2
Location appartement - Lomé,LOCATION,Appartement,lome,35000.0,1.0,16.0,35000.0,2188.0,coinafrique,,2026,2,2026-Q2
Location appartements 3pièces - Lomé,LOCATION,Appartement,lome,35000.0,3.0,48.0,11667.0,729.0,coinafrique,,2026,2,2026-Q2
Location appartement meublé 3 pièces - Lomé,LOCATION,Appartement,lome,35000.0,3.0,48.0,11667.0,729.0,coinafrique,,2026,2,2026-Q2
Location appartements 2 pièces - Lomé Attiégou,LOCATION,Appartement,attiegou,35000.0,2.0,32.0,17500.0,1094.0,coinafrique,,2026,2,2026-Q2
Location appartement a kegué antigagomé,LOCATION,Appartement,kegue antigagome,35000.0,1.0,16.0,35000.0,2188.0,coinafrique,,2026,2,2026-Q2
Location appartement meublé 4 pièces - Adidogome atilamonou,LOCATION,Appartement,atilamonou,30000.0,4.0,64.0,7500.0,469.0,coinafrique,,2026,2,2026-Q2
Location appartement a Agoè plateau,LOCATION,Appartement,agoe,30000.0,1.0,16.0,30000.0,1875.0,coinafrique,,2026,2,2026-Q2
Location appartements 1 pièces - Lomé,LOCATION,Appartement,lome,30000.0,1.0,16.0,30000.0,1875.0,coinafrique,,2026,2,2026-Q2
Location appartement - Legbassito,LOCATION,Appartement,legbassito,30000.0,1.0,16.0,30000.0,1875.0,coinafrique,,2026,2,2026-Q2
Location appartement - Agoe Logopé,LOCATION,Appartement,logope,30000.0,1.0,16.0,30000.0,1875.0,coinafrique,,2026,2,2026-Q2
Location appartement a Sogbossito,LOCATION,Appartement,sogbossito,30000.0,1.0,16.0,30000.0,1875.0,coinafrique,,2026,2,2026-Q2
Location appartement meublé - Sagbado Agotimé,LOCATION,Appartement,sagbado agotime,30000.0,1.0,8.0,30000.0,3750.0,coinafrique,,2026,2,2026-Q2
Location appartement meublé 4 pièces - Lomé,LOCATION,Appartement,lome,30000.0,4.0,64.0,7500.0,469.0,coinafrique,,2026,2,2026-Q2
Location appartement meublé - Lomé,LOCATION,Appartement,lome,30000.0,1.0,8.0,30000.0,3750.0,coinafrique,,2026,2,2026-Q2
Location appartements meublés 3 pièces - Lomé,LOCATION,Appartement,lome,30000.0,3.0,48.0,10000.0,625.0,coinafrique,,2026,2,2026-Q2
Location appartement meublé 3 pièces - Agoe Cacaveli,LOCATION,Appartement,cacaveli,25000.0,3.0,48.0,8333.0,521.0,coinafrique,,2026,2,2026-Q2
Location appartement meublés 2 pièces cour unique à Lomé,LOCATION,Appartement,lome,25000.0,2.0,32.0,12500.0,781.0,coinafrique,,2026,2,2026-Q2
Location appartements meublés 2 pièces - Lomé Kégué,LOCATION,Appartement,kegue,20000.0,2.0,32.0,10000.0,625.0,coinafrique,,2026,2,2026-Q2
Location appartements meublés 2 pièces - Lomé Hédzranawoé Aéroport,LOCATION,Appartement,hedzranawoe,20000.0,2.0,32.0,10000.0,625.0,coinafrique,,2026,2,2026-Q2
Location appartement 2 pièces - Lomé Adeticope,LOCATION,Appartement,adetikope,20000.0,2.0,32.0,10000.0,625.0,coinafrique,,2026,2,2026-Q2
Location appartement 2 pièces - Zanguera Maco,LOCATION,Appartement,zanguera maco,20000.0,2.0,32.0,10000.0,625.0,coinafrique,,2026,2,2026-Q2
Location appartement meublé - Baguida,LOCATION,Appartement,baguida,16900.0,1.0,8.0,16900.0,2112.0,coinafrique,,2026,2,2026-Q2
Location appartement meublé - Lomé,LOCATION,Appartement,lome,15000.0,1.0,8.0,15000.0,1875.0,coinafrique,,2026,2,2026-Q2
Location appartement - Avedji Rail,LOCATION,Appartement,avedji,15000.0,1.0,16.0,15000.0,938.0,coinafrique,,2026,2,2026-Q2
Location appartement meublé - Baguida / Avepozo,LOCATION,Appartement,baguida avepozo,13900.0,1.0,8.0,13900.0,1738.0,coinafrique,,2026,2,2026-Q2
Location appartement 1 pièces - Lomé Aéroport,LOCATION,Appartement,hedzranawoe aeroport,12500.0,1.0,16.0,12500.0,781.0,coinafrique,,2026,2,2026-Q2
Location appartements meublés - Togo 2000,LOCATION,Appartement,togo 2000,12000.0,1.0,8.0,12000.0,1500.0,coinafrique,,2026,2,2026-Q2
Location appartement à agoè athiémé,LOCATION,Appartement,agoe,12000.0,1.0,16.0,12000.0,750.0,coinafrique,,2026,2,2026-Q2
Location boutique à Agoe 2 Lions,LOCATION,Boutique,agoe,650000.0,5.0,100.0,130000.0,6500.0,coinafrique,,2026,2,2026-Q2
Location boutique - Baguida,LOCATION,Boutique,baguida,500000.0,5.0,100.0,100000.0,5000.0,coinafrique,,2026,2,2026-Q2
Location boutique - centre ville Lomé boulevard circulaire,LOCATION,Boutique,centre ville,450000.0,8.0,150.0,56250.0,3000.0,coinafrique,,2026,2,2026-Q2
Location boutique au bord du goudron à Ave - maria,LOCATION,Boutique,ave-maria,450000.0,5.0,100.0,90000.0,4500.0,coinafrique,,2026,2,2026-Q2
Location 3 boutiques à Boulevard,LOCATION,Boutique,boulevard 13 jan,400000.0,5.0,100.0,80000.0,4000.0,coinafrique,,2026,2,2026-Q2
Location boutique - Adewui,LOCATION,Boutique,adewui,350000.0,5.0,100.0,70000.0,3500.0,coinafrique,,2026,2,2026-Q2
Location boutiques au bord des pavée de Adewui,LOCATION,Boutique,adewui,350000.0,5.0,100.0,70000.0,3500.0,coinafrique,,2026,2,2026-Q2
Location boutique à Assigamé grand marché de lomé,LOCATION,Boutique,assigame,350000.0,5.0,100.0,70000.0,3500.0,coinafrique,,2026,2,2026-Q2
Location boutique à Assigamé grand marché de Lomé,LOCATION,Boutique,assigame,350000.0,5.0,100.0,70000.0,3500.0,coinafrique,,2026,2,2026-Q2
Location boutique à assigamé,LOCATION,Boutique,assigame,350000.0,5.0,100.0,70000.0,3500.0,coinafrique,,2026,2,2026-Q2
Location grande boutique à Adewui - Tokoin,LOCATION,Boutique,tokoin,350000.0,5.0,100.0,70000.0,3500.0,coinafrique,,2026,2,2026-Q2
Location boutique à Assivito,LOCATION,Boutique,assivito,350000.0,5.0,100.0,70000.0,3500.0,coinafrique,,2026,2,2026-Q2
Location boutique avec sanitaire au bord des pavés de Wuiti,LOCATION,Boutique,wuiti,300000.0,5.0,100.0,60000.0,3000.0,coinafrique,,2026,2,2026-Q2
Location boutique face au goudron à Totsi,LOCATION,Boutique,totsi,250000.0,5.0,100.0,50000.0,2500.0,coinafrique,,2026,2,2026-Q2
Location Boutique - Sanguéra,LOCATION,Boutique,zanguera,250000.0,5.0,100.0,50000.0,2500.0,coinafrique,,2026,2,2026-Q2
Location boutique au bord du goudron de Jean Paul 2 a 'Nukafu,LOCATION,Boutique,nukafu,250000.0,5.0,100.0,50000.0,2500.0,coinafrique,,2026,2,2026-Q2
Location boutique à Nukafu,LOCATION,Boutique,nukafu,200000.0,5.0,100.0,40000.0,2000.0,coinafrique,,2026,2,2026-Q2
Location restaurant de 300 m2 à Bé Yesuvito,LOCATION,Boutique,be yesuvito,200000.0,10.0,300.0,20000.0,667.0,coinafrique,,2026,2,2026-Q2
Location restaurant 300 m2 à Bé yesuvito,LOCATION,Boutique,be yesuvito,200000.0,10.0,300.0,20000.0,667.0,coinafrique,,2026,2,2026-Q2
Location boutique - Agbalepedo,LOCATION,Boutique,agbalepedo,200000.0,5.0,100.0,40000.0,2000.0,coinafrique,,2026,2,2026-Q2
Location boutiques - Agbaledo groupe C,LOCATION,Boutique,agbalepedo groupe c,150000.0,5.0,100.0,30000.0,1500.0,coinafrique,,2026,2,2026-Q2
Location boutique - Tokoin,LOCATION,Boutique,tokoin,150000.0,5.0,100.0,30000.0,1500.0,coinafrique,,2026,2,2026-Q2
Location grand local commercial en baie vitrée au bord du goudron à Agbalépedo - fan milk,LOCATION,Boutique,agbalepedo,120000.0,5.0,100.0,24000.0,1200.0,coinafrique,,2026,2,2026-Q2
Location boutique WC douche - Hedranawoé,LOCATION,Boutique,hedzranawoe,100000.0,2.0,36.0,50000.0,2778.0,coinafrique,,2026,2,2026-Q2
Location boutique avec wc douche cuisine a Hedranawoé station total au bord du goudron,LOCATION,Boutique,hedzranawoe station total,100000.0,2.0,36.0,50000.0,2778.0,coinafrique,,2026,2,2026-Q2
Location Boutique à Hedrzanawé,LOCATION,Boutique,hedzranawoe,100000.0,2.0,36.0,50000.0,2778.0,coinafrique,,2026,2,2026-Q2
Location boutique a Avedji Léo 2000,LOCATION,Boutique,avedji leo,100000.0,2.0,36.0,50000.0,2778.0,coinafrique,,2026,2,2026-Q2
Location boutique a Agoè logope,LOCATION,Boutique,agoe,100000.0,2.0,36.0,50000.0,2778.0,coinafrique,,2026,2,2026-Q2
Location boutique - Kégué,LOCATION,Boutique,kegue,100000.0,2.0,36.0,50000.0,2778.0,coinafrique,,2026,2,2026-Q2
Location boutique - Gbossimé,LOCATION,Boutique,gbonssime,70000.0,1.0,17.0,70000.0,4118.0,coinafrique,,2026,2,2026-Q2
Location boutique - Togo,LOCATION,Boutique,togo 2000,70000.0,1.0,18.0,70000.0,3889.0,coinafrique,,2026,2,2026-Q2
Location boutique staffée a djodjolé au bord de la rue de 28 m,LOCATION,Boutique,djidjole,50000.0,1.0,17.0,50000.0,2941.0,coinafrique,,2026,2,2026-Q2
Location boutique - Adidogomé,LOCATION,Boutique,adidogome,35000.0,1.0,16.0,35000.0,2188.0,coinafrique,,2026,2,2026-Q2
Location entrepôt avec bureaux à Agoé camp fir,LOCATION,Bureau,camp fir,70000000.0,3.0,600.0,23333333.0,116667.0,coinafrique,,2026,2,2026-Q2
Location bureaux & commerces 300 - lomé,LOCATION,Bureau,lome,1200000.0,3.0,220.0,400000.0,5455.0,coinafrique,,2026,2,2026-Q2
Location entrepôt avec bureau au bord du pavé de bè,LOCATION,Bureau,be,600000.0,3.0,200.0,200000.0,3000.0,coinafrique,,2026,2,2026-Q2
Location bureaux & commerces 250 - Lomé,LOCATION,Bureau,lome,350000.0,3.0,300.0,116667.0,1167.0,coinafrique,,2026,2,2026-Q2
Location bureaux & commerces 80m2 - Tokoin hôpital,LOCATION,Bureau,tokoin,350000.0,3.0,80.0,116667.0,4375.0,coinafrique,,2026,2,2026-Q2
Location bureau - Atikoumé,LOCATION,Bureau,atikoume,230000.0,3.0,50.0,76667.0,4600.0,coinafrique,,2026,2,2026-Q2
Location bureau - Atikoumé adinamoto,LOCATION,Bureau,atikoume adinamoto,230000.0,3.0,50.0,76667.0,4600.0,coinafrique,,2026,2,2026-Q2
Location bureaux & commerces - Lomé,LOCATION,Bureau,lome,230000.0,3.0,50.0,76667.0,4600.0,coinafrique,,2026,2,2026-Q2
Location bureaux et commerces - Hedjranawoé,LOCATION,Bureau,hedzranawoe,200000.0,3.0,50.0,66667.0,4000.0,coinafrique,,2026,2,2026-Q2
Location bureaux et commerces - Adidogomé,LOCATION,Bureau,adidogome,200000.0,3.0,50.0,66667.0,4000.0,coinafrique,,2026,2,2026-Q2
Location bureaux & commerces 001 - Lomé,LOCATION,Bureau,lome,150000.0,3.0,45.0,50000.0,3333.0,coinafrique,,2026,2,2026-Q2
Location bureaux & commerces 150 - lomé,LOCATION,Bureau,lome,150000.0,3.0,45.0,50000.0,3333.0,coinafrique,,2026,2,2026-Q2
Location bureau de 03 pièces - Agbalépédo,LOCATION,Bureau,agbalepedo,150000.0,3.0,36.0,50000.0,4167.0,coinafrique,,2026,2,2026-Q2
Location bureau 03 pièces au bord du pavé Adidoadin,LOCATION,Bureau,adidogome,150000.0,3.0,36.0,50000.0,4167.0,coinafrique,,2026,2,2026-Q2
Location bureau 02 hall au bord du goudron à Agbalepedo fan milk,LOCATION,Bureau,agbalepedo,120000.0,3.0,45.0,40000.0,2667.0,coinafrique,,2026,2,2026-Q2
Location bureaux et commerces - Kosigan 2,LOCATION,Bureau,koshigan 2,80000.0,3.0,40.0,26667.0,2000.0,coinafrique,,2026,2,2026-Q2
Location bureau - Lomé,LOCATION,Bureau,lome,70000.0,3.0,25.0,23333.0,2800.0,coinafrique,,2026,2,2026-Q2
Location bureaux et commerces - Lomé,LOCATION,Bureau,lome,54000.0,3.0,25.0,18000.0,2160.0,coinafrique,,2026,2,2026-Q2
Location bureaux et commerces - Adidogomé,LOCATION,Bureau,adidogome,35000.0,2.0,15.0,17500.0,2333.0,coinafrique,,2026,2,2026-Q2
Location bureaux et commerces - Agoē Atsanvé,LOCATION,Bureau,atsanve,25000.0,1.0,12.0,25000.0,2083.0,coinafrique,,2026,2,2026-Q2
Location maison 7 chambres salon + 2 à Sogbossito derrière coris banque,LOCATION,Chambre,sogbossito,600000.0,7.0,84.0,85714.0,7143.0,coinafrique,,2026,2,2026-Q2
Location meublé 2 chambres salon à Avédji limousine,LOCATION,Chambre,avedji,500000.0,2.0,24.0,250000.0,20833.0,coinafrique,,2026,2,2026-Q2
Location meublé 2 chambres salon à Minamadou,LOCATION,Chambre,minamadou,450000.0,2.0,24.0,225000.0,18750.0,coinafrique,,2026,2,2026-Q2
Location meublée 02 chambres salon à Cacavéli,LOCATION,Chambre,cacaveli,450000.0,2.0,24.0,225000.0,18750.0,coinafrique,,2026,2,2026-Q2
Location apparemment meublé 2 chambres salon - Bè kpota,LOCATION,Chambre,be,450000.0,2.0,24.0,225000.0,18750.0,coinafrique,,2026,2,2026-Q2
Location meublé Chambres salon à Agoè Sogbosito,LOCATION,Chambre,agoe,350000.0,2.0,100.0,175000.0,3500.0,coinafrique,,2026,2,2026-Q2
Location meublé chambre salon à Agoè 2lion,LOCATION,Chambre,agoe,350000.0,2.0,100.0,175000.0,3500.0,coinafrique,,2026,2,2026-Q2
Location cour unique haut standing 04 chambres salon à Djidjole donou,LOCATION,Chambre,djidjole donou,350000.0,4.0,48.0,87500.0,7292.0,coinafrique,,2026,2,2026-Q2
Location meublé chambres salon à Adidogomé,LOCATION,Chambre,adidogome,300000.0,2.0,120.0,150000.0,2500.0,coinafrique,,2026,2,2026-Q2
Location villa meublée chambres salon et studio à Zanguéra,LOCATION,Chambre,zanguera,300000.0,2.0,150.0,150000.0,2000.0,coinafrique,,2026,2,2026-Q2
Location studio meublé - Avedji Penthouse,LOCATION,Chambre Meuble,avedji penthouse,250000.0,2.0,24.0,125000.0,10417.0,coinafrique,,2026,2,2026-Q2
Location studio meublé à Avedji,LOCATION,Chambre Meuble,avedji,250000.0,2.0,24.0,125000.0,10417.0,coinafrique,,2026,2,2026-Q2
Location chambre salons meublé - Hedjranawoe lomé 2,LOCATION,Chambre,hedjranawoe lome 2,250000.0,7.0,600.0,35714.0,417.0,coinafrique,,2026,2,2026-Q2
Location studio meublé - Avedji,LOCATION,Chambre Meuble,avedji,230000.0,2.0,24.0,115000.0,9583.0,coinafrique,,2026,2,2026-Q2
Location cour unique 3 chambres salon à Hedranawoé non loin du goudron et de l'école Ayeqsou,LOCATION,Chambre,hedzranawoe,200000.0,3.0,36.0,66667.0,5556.0,coinafrique,,2026,2,2026-Q2
Location cour unique 3 chambres salon A Agoé carrefour pardon,LOCATION,Chambre,agoe,180000.0,3.0,36.0,60000.0,5000.0,coinafrique,,2026,2,2026-Q2
Location maison cour unique de 4 chambres salon à Avedji sun city,LOCATION,Chambre,avedji sun city,170000.0,4.0,48.0,42500.0,3542.0,coinafrique,,2026,2,2026-Q2
Location chambre salon - Avepozo Olibo,LOCATION,Chambre Meuble,avepozo olibo,150000.0,2.0,24.0,75000.0,6250.0,coinafrique,,2026,2,2026-Q2
Location cour unique 2 chambres salon à Bé Kpéhénou 150 m du goudron,LOCATION,Chambre,be kpehenou,150000.0,2.0,24.0,75000.0,6250.0,coinafrique,,2026,2,2026-Q2
Location studio meublé à kegué kpatcha haut standing,LOCATION,Chambre Meuble,kegue kpatcha,130000.0,2.0,24.0,65000.0,5417.0,coinafrique,,2026,2,2026-Q2
Location 2 chambres salon - Agoé Cacaveli,LOCATION,Chambre,cacaveli,120000.0,2.0,24.0,60000.0,5000.0,coinafrique,,2026,2,2026-Q2
Location cour unique 2 chambres salon à Adidogomé Assiyéyé,LOCATION,Chambre,adidogome,100000.0,2.0,24.0,50000.0,4167.0,coinafrique,,2026,2,2026-Q2
Location cour unique 3 chambres salon - Sogbossito,LOCATION,Chambre,sogbossito,100000.0,3.0,36.0,33333.0,2778.0,coinafrique,,2026,2,2026-Q2
Location cour unique de 2 chambres salon WC douche interne à Kegué échangeur,LOCATION,Chambre,kegue echangeur,80000.0,2.0,24.0,40000.0,3333.0,coinafrique,,2026,2,2026-Q2
Location chambre salon à Atikoumé,LOCATION,Chambre,atikoume,80000.0,2.0,24.0,40000.0,3333.0,coinafrique,,2026,2,2026-Q2
Location studio - Atikoumé,LOCATION,Chambre,atikoume,80000.0,2.0,24.0,40000.0,3333.0,coinafrique,,2026,2,2026-Q2
Location chambre salon à Avédji Amadahomè,LOCATION,Chambre,avedji,75000.0,2.0,24.0,37500.0,3125.0,coinafrique,,2026,2,2026-Q2
Location Chambre Salon - Atikoumé,LOCATION,Chambre,atikoume,70000.0,2.0,24.0,35000.0,2917.0,coinafrique,,2026,2,2026-Q2
Location 02 chambre salon - Togo,LOCATION,Chambre,togo 2000,70000.0,2.0,24.0,35000.0,2917.0,coinafrique,,2026,2,2026-Q2
Location chambre salon à Agoé Plateau,LOCATION,Chambre,plateau,65000.0,2.0,24.0,32500.0,2708.0,coinafrique,,2026,2,2026-Q2
Location chambres salon à Hedranawoe radio Maria,LOCATION,Chambre,hedzranawoe radio maria,65000.0,2.0,24.0,32500.0,2708.0,coinafrique,,2026,2,2026-Q2
Location 02 chambres salon à Zanguéra IPG,LOCATION,Chambre,zanguera,60000.0,2.0,24.0,30000.0,2500.0,coinafrique,,2026,2,2026-Q2
Location chambre salon à Leo 2000,LOCATION,Chambre,leo 2000,60000.0,2.0,24.0,30000.0,2500.0,coinafrique,,2026,2,2026-Q2
Location chambres salon à Avedji Assigomé,LOCATION,Chambre,avedji assigome,60000.0,2.0,24.0,30000.0,2500.0,coinafrique,,2026,2,2026-Q2
Location chambre - Adidogome Atilamonu,LOCATION,Chambre,atilamonou,60000.0,2.0,24.0,30000.0,2500.0,coinafrique,,2026,2,2026-Q2
Location 2 chambres salon scindé cour a l'étage à Agoé Bawara,LOCATION,Chambre,agoe,55000.0,2.0,24.0,27500.0,2292.0,coinafrique,,2026,2,2026-Q2
Location chambre salon WC douche cuisine interne à Kegué tshinga,LOCATION,Chambre,kegue tshinga,55000.0,2.0,24.0,27500.0,2292.0,coinafrique,,2026,2,2026-Q2
Location studio - Legbassito,LOCATION,Chambre,legbassito,50000.0,2.0,24.0,25000.0,2083.0,coinafrique,,2026,2,2026-Q2
Location studio - Attiegou CEG,LOCATION,Chambre,attiegou,50000.0,2.0,24.0,25000.0,2083.0,coinafrique,,2026,2,2026-Q2
Location studio haut standing à Ségbé,LOCATION,Chambre,segbe,50000.0,2.0,24.0,25000.0,2083.0,coinafrique,,2026,2,2026-Q2
Location local - Apedokoe,LOCATION,Chambre,apedokoe,50000.0,2.0,24.0,25000.0,2083.0,coinafrique,,2026,2,2026-Q2
Location chambre - Adidogome sagbado,LOCATION,Chambre,sagbado,50000.0,2.0,24.0,25000.0,2083.0,coinafrique,,2026,2,2026-Q2
Location chambre salon - Adidogomé,LOCATION,Chambre,adidogome,50000.0,2.0,24.0,25000.0,2083.0,coinafrique,,2026,2,2026-Q2
Location chambre - Lomé,LOCATION,Chambre,lome,50000.0,2.0,24.0,25000.0,2083.0,coinafrique,,2026,2,2026-Q2
Location studio - Amandahomé,LOCATION,Chambre,amadahome,50000.0,2.0,24.0,25000.0,2083.0,coinafrique,,2026,2,2026-Q2
Location studio - Nukafu,LOCATION,Chambre,nukafu,45000.0,2.0,24.0,22500.0,1875.0,coinafrique,,2026,2,2026-Q2
Location studio - Sogbossito,LOCATION,Chambre,sogbossito,45000.0,2.0,24.0,22500.0,1875.0,coinafrique,,2026,2,2026-Q2
Location pièce interne à vec cuisine américaine cap Amadahome,LOCATION,Chambre,amadahome,45000.0,2.0,24.0,22500.0,1875.0,coinafrique,,2026,2,2026-Q2
Location chambre salon WC douche cuisine interne à Sogbossito 2,LOCATION,Chambre,sogbossito,45000.0,2.0,24.0,22500.0,1875.0,coinafrique,,2026,2,2026-Q2
Location deux chambres salon cuisine et salle - Kohe,LOCATION,Chambre,kohe,40000.0,2.0,24.0,20000.0,1667.0,coinafrique,,2026,2,2026-Q2
Location chambre - Adidogomé Sagbado Agotimé,LOCATION,Chambre,adidogome,40000.0,2.0,24.0,20000.0,1667.0,coinafrique,,2026,2,2026-Q2
Location chambre salon - Wuiti,LOCATION,Chambre,wuiti,40000.0,2.0,24.0,20000.0,1667.0,coinafrique,,2026,2,2026-Q2
Location studio à Agoè athiémé,LOCATION,Chambre,agoe,35000.0,1.0,12.0,35000.0,2917.0,coinafrique,,2026,2,2026-Q2
Location chambre - Agoè Atchanve,LOCATION,Chambre,agoe,35000.0,1.0,12.0,35000.0,2917.0,coinafrique,,2026,2,2026-Q2
Location studio - Togo,LOCATION,Chambre,togo 2000,35000.0,1.0,12.0,35000.0,2917.0,coinafrique,,2026,2,2026-Q2
Location chambre - Lomé,LOCATION,Chambre,lome,30000.0,1.0,12.0,30000.0,2500.0,coinafrique,,2026,2,2026-Q2
Location chambres 2 pièces - Lomé,LOCATION,Chambre,lome,30000.0,2.0,24.0,15000.0,1250.0,coinafrique,,2026,2,2026-Q2
Location chambre - Avepozo Lomé,LOCATION,Chambre,avepozo lome,30000.0,1.0,12.0,30000.0,2500.0,coinafrique,,2026,2,2026-Q2
Location chambre salon wc douche cuisine interne + terrasse à Kegué O king's,LOCATION,Chambre,kegue o king s,30000.0,2.0,24.0,15000.0,1250.0,coinafrique,,2026,2,2026-Q2
Location studio - Togo,LOCATION,Chambre,togo 2000,25000.0,1.0,12.0,25000.0,2083.0,coinafrique,,2026,2,2026-Q2
Location large pièce avec sanitaire interne et cuisine à Agoè camp GP,LOCATION,Chambre,agoe,25000.0,1.0,12.0,25000.0,2083.0,coinafrique,,2026,2,2026-Q2
Location chambre - Kara,LOCATION,Chambre,kara,23000.0,1.0,12.0,23000.0,1917.0,coinafrique,,2026,2,2026-Q2
Location studio meublé - Totsi,LOCATION,Chambre,totsi,23000.0,1.0,12.0,23000.0,1917.0,coinafrique,,2026,2,2026-Q2
Location studio meublé avec cuisine - Hedrzanawé,LOCATION,Chambre,hedzranawoe,20000.0,1.0,12.0,20000.0,1667.0,coinafrique,,2026,2,2026-Q2
Location chambres - Grand marché de lomé,LOCATION,Chambre,assigame,17000.0,1.0,9.0,17000.0,1889.0,coinafrique,,2026,2,2026-Q2
Location chambre - Agbalepedo,LOCATION,Chambre,agbalepedo,17000.0,1.0,12.0,17000.0,1417.0,coinafrique,,2026,2,2026-Q2
Location studio meublé à Attiegou dva,LOCATION,Chambre,attiegou dva,15000.0,1.0,12.0,15000.0,1250.0,coinafrique,,2026,2,2026-Q2
Location chambre salon meublé - Togo,LOCATION,Chambre,togo 2000,15000.0,1.0,12.0,15000.0,1250.0,coinafrique,,2026,2,2026-Q2
Location studio meublé - Totsi,LOCATION,Chambre,totsi,15000.0,1.0,12.0,15000.0,1250.0,coinafrique,,2026,2,2026-Q2
Location studio Adidogomé,LOCATION,Chambre,adidogome,15000.0,1.0,12.0,15000.0,1250.0,coinafrique,,2026,2,2026-Q2
Location chambres - Lomégan,LOCATION,Chambre,lomegan,15000.0,1.0,12.0,15000.0,1250.0,coinafrique,,2026,2,2026-Q2
location chambres - Grand Marché De Lomé,LOCATION,Chambre,assigame,13000.0,1.0,9.0,13000.0,1444.0,coinafrique,,2026,2,2026-Q2
Location chambre - Grand Marché de Lomé,LOCATION,Chambre,assigame,12000.0,1.0,9.0,12000.0,1333.0,coinafrique,,2026,2,2026-Q2
Location entrepôt à Noukafu,LOCATION,Entrepot,nukafu,1700000000.0,1.0,500000.0,1700000000.0,3400.0,coinafrique,,2026,2,2026-Q2
Location entrepôt Bé rue de l'Ocam,LOCATION,Entrepot,be,200000000.0,1.0,10000.0,200000000.0,20000.0,coinafrique,,2026,2,2026-Q2
Location entrepôt Baguida,LOCATION,Entrepot,baguida,30000000.0,1.0,5000.0,30000000.0,6000.0,coinafrique,,2026,2,2026-Q2
Location magasin et entrepôt - zone portuaire,LOCATION,Entrepot,zone portuaire,16120000.0,1.0,2500.0,16120000.0,6448.0,coinafrique,,2026,2,2026-Q2
Location Entrepôt à Kpogan,LOCATION,Entrepot,kpogan,12000000.0,1.0,3000.0,12000000.0,4000.0,coinafrique,,2026,2,2026-Q2
Location magasins et entrepôts - Avepozo,LOCATION,Entrepot,avepozo,10537500.0,1.0,2500.0,10537500.0,4215.0,coinafrique,,2026,2,2026-Q2
Location Entrepôt à Kpogan),LOCATION,Entrepot,kpogan,8100000.0,1.0,1800.0,8100000.0,4500.0,coinafrique,,2026,2,2026-Q2
Location entrepôt à baguida,LOCATION,Entrepot,baguida,5200000.0,1.0,1900.0,5200000.0,2737.0,coinafrique,,2026,2,2026-Q2
Location hall - Klikamé au bord du goudron,LOCATION,Entrepot,klikame,2500000.0,1.0,1850.0,2500000.0,1351.0,coinafrique,,2026,2,2026-Q2
Location entrepôt - Aeroport,LOCATION,Entrepot,hedzranawoe aeroport,1500000.0,1.0,1700.0,1500000.0,882.0,coinafrique,,2026,2,2026-Q2
Location 2 Grand hall au 1er et 2eme étages - Atikoume',LOCATION,Entrepot,atikoume,1000000.0,1.0,690.0,1000000.0,1449.0,coinafrique,,2026,2,2026-Q2
Location Salle de conférence - Tokoin,LOCATION,Entrepot,tokoin,300000.0,1.0,390.0,300000.0,769.0,coinafrique,,2026,2,2026-Q2
Location entrepôt 100m² Tokoin casablanca au bord du goudron,LOCATION,Entrepot,tokoin,300000.0,1.0,100.0,300000.0,3000.0,coinafrique,,2026,2,2026-Q2
Location entrepôt ou magasin Tokoin Cassablanca au bord du goudron,LOCATION,Entrepot,tokoin,300000.0,1.0,650.0,300000.0,462.0,coinafrique,,2026,2,2026-Q2
Location magasin - 2 lions,LOCATION,Entrepot,2 lions,140000.0,1.0,650.0,140000.0,215.0,coinafrique,,2026,2,2026-Q2
Location immeuble locatif à Logopé,LOCATION,Immeuble,logope,12000000.0,6.0,650.0,2000000.0,18462.0,coinafrique,,2026,2,2026-Q2
Location immeuble à Atikoumé,LOCATION,Immeuble,atikoume,6000000.0,6.0,650.0,1000000.0,9231.0,coinafrique,,2026,2,2026-Q2
Location immeuble - Kégué somayaf au bord du goudron,LOCATION,Immeuble,kegue,4000000.0,6.0,650.0,666667.0,6154.0,coinafrique,,2026,2,2026-Q2
Location immeuble R+4 à Kegue,LOCATION,Immeuble,kegue,4000000.0,6.0,650.0,666667.0,6154.0,coinafrique,,2026,2,2026-Q2
Location immeubles - Agoe cacaveli,LOCATION,Immeuble,cacaveli,800000.0,6.0,650.0,133333.0,1231.0,coinafrique,,2026,2,2026-Q2
Immeuble de bureaux à Avédji Limousine,LOCATION,Immeuble,avedji,800000.0,6.0,600.0,133333.0,1333.0,coinafrique,,2026,2,2026-Q2
Location immeuble bureaux à Avédji limousine,LOCATION,Immeuble,avedji,800000.0,6.0,650.0,133333.0,1231.0,coinafrique,,2026,2,2026-Q2
Location immeuble - Agoè Cacaveli,LOCATION,Immeuble,agoe,750000.0,6.0,650.0,125000.0,1154.0,coinafrique,,2026,2,2026-Q2
Location immeuble a Agoé cacaveli,LOCATION,Immeuble,cacaveli,750000.0,6.0,650.0,125000.0,1154.0,coinafrique,,2026,2,2026-Q2
Location immeuble - Lomé,LOCATION,Immeuble,lome,750000.0,6.0,650.0,125000.0,1154.0,coinafrique,,2026,2,2026-Q2
Location immeuble r+2 à Cacavéli,LOCATION,Immeuble,cacaveli,750000.0,6.0,650.0,125000.0,1154.0,coinafrique,,2026,2,2026-Q2
Location immeubles - Agoè Cacaveli,LOCATION,Immeuble,agoe,750000.0,6.0,650.0,125000.0,1154.0,coinafrique,,2026,2,2026-Q2
Location immeuble - Agoè,LOCATION,Immeuble,agoe,600000.0,6.0,650.0,100000.0,923.0,coinafrique,,2026,2,2026-Q2
Location immeuble de 06 pièces - Togo 2000,LOCATION,Immeuble,togo 2000,500000.0,6.0,72.0,83333.0,6944.0,coinafrique,,2026,2,2026-Q2
Location 1 lot à Agoe Sogbossito,LOCATION,Terrain,sogbossito,35000000.0,1.0,600.0,35000000.0,58333.0,coinafrique,,2026,2,2026-Q2
Location terrains agricole 1200000 m² - Lomé,LOCATION,Terrain,lome,800000.0,1.0,1200000.0,800000.0,1.0,coinafrique,,2026,2,2026-Q2
Location villa duplex 6 pièces à la cité OUA,LOCATION,Villa,cite oua,1200000000.0,6.0,96.0,200000000.0,12500000.0,coinafrique,,2026,2,2026-Q2
Location villa duplex 6 pièces - Casablanca,LOCATION,Villa,casablanca,310000000.0,6.0,96.0,51666667.0,3229167.0,coinafrique,,2026,2,2026-Q2
Location villas 9 pièces - Kegue,LOCATION,Villa,kegue,300000000.0,9.0,144.0,33333333.0,2083333.0,coinafrique,,2026,2,2026-Q2
Location villa triplex 6 pièces - Tokoin casablanca,LOCATION,Villa,tokoin,250000000.0,6.0,96.0,41666667.0,2604167.0,coinafrique,,2026,2,2026-Q2
Location villa duplex avec piscine Agbalepedo,LOCATION,Villa,agbalepedo,195000000.0,12.0,2400.0,16250000.0,81250.0,coinafrique,,2026,2,2026-Q2
Location villa 5 pièces - Noukafu,LOCATION,Villa,nukafu,120000000.0,5.0,80.0,24000000.0,1500000.0,coinafrique,,2026,2,2026-Q2
Location villa 3 pièces - Adidogome cité mokpkokpo,LOCATION,Villa,adidogome,90000000.0,3.0,48.0,30000000.0,1875000.0,coinafrique,,2026,2,2026-Q2
Location villa duplex 7 pièces à Agoè adougba,LOCATION,Villa,agoe,65000000.0,7.0,112.0,9285714.0,580357.0,coinafrique,,2026,2,2026-Q2
Location villa3 pièces - Adidogome,LOCATION,Villa,adidogome,55000000.0,3.0,48.0,18333333.0,1145833.0,coinafrique,,2026,2,2026-Q2
Location villa 3pièces - Zanguera,LOCATION,Villa,zanguera,47000000.0,3.0,48.0,15666667.0,979167.0,coinafrique,,2026,2,2026-Q2
Location villa 2 pièces à Apessito,LOCATION,Villa,apessito,30000000.0,2.0,32.0,15000000.0,937500.0,coinafrique,,2026,2,2026-Q2
Location villa duplex 10 pièces + jardin - Togo 2000,LOCATION,Villa,togo 2000,22000000.0,10.0,160.0,2200000.0,137500.0,coinafrique,,2026,2,2026-Q2
Location maison 3 pièces à Sanguera,LOCATION,Villa,zanguera,13000000.0,3.0,48.0,4333333.0,270833.0,coinafrique,,2026,2,2026-Q2
Location villa duplex 6 pièces à la cité OUA,LOCATION,Villa,cite oua,3500000.0,6.0,96.0,583333.0,36458.0,coinafrique,,2026,2,2026-Q2
Location résidence à la Caisse,LOCATION,Villa,cite oua,2600000.0,9.0,200.0,288889.0,13000.0,coinafrique,,2026,2,2026-Q2
Location villa 5 pièces - Lomé,LOCATION,Villa,lome,2500000.0,5.0,80.0,500000.0,31250.0,coinafrique,,2026,2,2026-Q2
Location villa 5 pièces - Tokoin,LOCATION,Villa,tokoin,2500000.0,5.0,80.0,500000.0,31250.0,coinafrique,,2026,2,2026-Q2
Location villa duplex 11 pièces climatisée + jardin + piscine à Togo 2000,LOCATION,Villa,togo 2000,2200000.0,11.0,176.0,200000.0,12500.0,coinafrique,,2026,2,2026-Q2
Location villa cité la Caisse,LOCATION,Villa,cite oua,2200000.0,9.0,210.0,244444.0,10476.0,coinafrique,,2026,2,2026-Q2
Location villa 4pièces - La Caisse,LOCATION,Villa,cite oua,2200000.0,4.0,64.0,550000.0,34375.0,coinafrique,,2026,2,2026-Q2
Location villa avec piscine 03 pièces à la Caisse,LOCATION,Villa,cite oua,2200000.0,3.0,48.0,733333.0,45833.0,coinafrique,,2026,2,2026-Q2
Location villa à la citée OUA,LOCATION,Villa,cite oua,2000000.0,9.0,200.0,222222.0,10000.0,coinafrique,,2026,2,2026-Q2
Location villa 4 pièces - à la caisse,LOCATION,Villa,cite oua,2000000.0,4.0,64.0,500000.0,31250.0,coinafrique,,2026,2,2026-Q2
Location villa 4 pièces - cité la caisse,LOCATION,Villa,cite oua,2000000.0,4.0,64.0,500000.0,31250.0,coinafrique,,2026,2,2026-Q2
Location villa 5 pièces à la cité oua,LOCATION,Villa,cite oua,2000000.0,5.0,80.0,400000.0,25000.0,coinafrique,,2026,2,2026-Q2
Location villa duplex 4 pièces - Tokoin wuiti forever,LOCATION,Villa,tokoin,2000000.0,4.0,64.0,500000.0,31250.0,coinafrique,,2026,2,2026-Q2
Location résidence 10 pièces - Baguida,LOCATION,Villa,baguida,2000000.0,10.0,160.0,200000.0,12500.0,coinafrique,,2026,2,2026-Q2
Location villa 3 chambres salon Résidence de la caisse,LOCATION,Villa,caisse,2000000.0,3.0,48.0,666667.0,41667.0,coinafrique,,2026,2,2026-Q2
Location villa 4 pièces - Résidence de la caisse,LOCATION,Villa,residence de la caisse,2000000.0,4.0,64.0,500000.0,31250.0,coinafrique,,2026,2,2026-Q2
Location villa 4 pièces - cité caisse,LOCATION,Villa,cite oua,2000000.0,4.0,64.0,500000.0,31250.0,coinafrique,,2026,2,2026-Q2
Location villa avec piscine 4 pièces à Tokoin hôpital,LOCATION,Villa,tokoin,2000000.0,4.0,64.0,500000.0,31250.0,coinafrique,,2026,2,2026-Q2
Location villa meublée avec piscine de 3 pièces à kodjoviakopé,LOCATION,Villa Meuble,kodjoviakope,2000000.0,3.0,48.0,666667.0,41667.0,coinafrique,,2026,2,2026-Q2
Location villa 6 pièces - Kodjoviakope,LOCATION,Villa,kodjoviakope,1800000.0,6.0,96.0,300000.0,18750.0,coinafrique,,2026,2,2026-Q2
Location villa 6pièces - Togo,LOCATION,Villa,togo 2000,1800000.0,6.0,96.0,300000.0,18750.0,coinafrique,,2026,2,2026-Q2
Location villa 4chs à Totsi,LOCATION,Villa,totsi,1800000.0,5.0,82.0,360000.0,21951.0,coinafrique,,2026,2,2026-Q2
Location villa 5 pièces avec piscine à Casablanca,LOCATION,Villa,casablanca,1800000.0,5.0,80.0,360000.0,22500.0,coinafrique,,2026,2,2026-Q2
Location villa meublée 4 pièces à Nyékonakpoè,LOCATION,Villa Meuble,nyekonakpoe,1500000.0,4.0,64.0,375000.0,23438.0,coinafrique,,2026,2,2026-Q2
Location villa meublée 5 pièces à Baguida,LOCATION,Villa Meuble,baguida,1500000.0,5.0,80.0,300000.0,18750.0,coinafrique,,2026,2,2026-Q2
Location villa sous - sol avec piscine meublée de 5 pièces à Baguida,LOCATION,Villa Meuble,baguida,1500000.0,5.0,80.0,300000.0,18750.0,coinafrique,,2026,2,2026-Q2
Location villas 4 pièces - Lomé,LOCATION,Villa,lome,1300000.0,4.0,64.0,325000.0,20312.0,coinafrique,,2026,2,2026-Q2
Location villa 5 pièces + jardin et piscine - Tokoin protestant,LOCATION,Villa,tokoin,1300000.0,5.0,80.0,260000.0,16250.0,coinafrique,,2026,2,2026-Q2
Location villa piscine + jardin de 4 chambres salon à Tokoin,LOCATION,Villa,tokoin,1300000.0,4.0,64.0,325000.0,20312.0,coinafrique,,2026,2,2026-Q2
Location villa triplex 5 pièces - Kodjoviakope,LOCATION,Villa,kodjoviakope,1300000.0,5.0,80.0,260000.0,16250.0,coinafrique,,2026,2,2026-Q2
Location villa 3 pièces - Tokoin,LOCATION,Villa,tokoin,1300000.0,3.0,48.0,433333.0,27083.0,coinafrique,,2026,2,2026-Q2
Location villa 5 pièces à la citée caisse,LOCATION,Villa,cite caisse,1300000.0,5.0,80.0,260000.0,16250.0,coinafrique,,2026,2,2026-Q2
Location villa 6 pièces - Cité Millénium,LOCATION,Villa,cite millenium,1300000.0,6.0,96.0,216667.0,13542.0,coinafrique,,2026,2,2026-Q2
Location villa avec piscine de 04 pièces à Gtaà gta,LOCATION,Villa,gta,1300000.0,4.0,64.0,325000.0,20312.0,coinafrique,,2026,2,2026-Q2
Location villa duplex 5 pièces - Lomé,LOCATION,Villa,lome,1300000.0,5.0,80.0,260000.0,16250.0,coinafrique,,2026,2,2026-Q2
Location villa duplex meublé 7 pièces + piscine - Avenou,LOCATION,Villa Meuble,avenou,1200000.0,7.0,112.0,171429.0,10714.0,coinafrique,,2026,2,2026-Q2
Location villa 5 pièces à la résidence Caisse,LOCATION,Villa,residence caisse,1200000.0,5.0,80.0,240000.0,15000.0,coinafrique,,2026,2,2026-Q2
Location villa 07 pièces - Djidjolé,LOCATION,Villa,djidjole,1200000.0,7.0,112.0,171429.0,10714.0,coinafrique,,2026,2,2026-Q2
Location Maison de vacances 5 pièces - Adidogomé,LOCATION,Villa,adidogome,1200000.0,5.0,80.0,240000.0,15000.0,coinafrique,,2026,2,2026-Q2
Location villa meublée 4 pièces à Amadahome Ecobank,LOCATION,Villa Meuble,amadahome,1200000.0,4.0,64.0,300000.0,18750.0,coinafrique,,2026,2,2026-Q2
Location villa duplex de 04 pièces à Amadahome ecobank,LOCATION,Villa,amadahome,1200000.0,4.0,64.0,300000.0,18750.0,coinafrique,,2026,2,2026-Q2
Location villas 5 pièces - Lomé,LOCATION,Villa,lome,1100000.0,5.0,80.0,220000.0,13750.0,coinafrique,,2026,2,2026-Q2
Location villa duplex 10 pièces - Agoé,LOCATION,Villa,agoe,1100000.0,10.0,160.0,110000.0,6875.0,coinafrique,,2026,2,2026-Q2
Location villa duplex 6 pièces - Lomé,LOCATION,Villa,lome,1100000.0,6.0,96.0,183333.0,11458.0,coinafrique,,2026,2,2026-Q2
Location villa duplex 3 chambres salon piscine à Lomé,LOCATION,Villa,lome,1100000.0,3.0,48.0,366667.0,22917.0,coinafrique,,2026,2,2026-Q2
Location villa 7 pièces - Kégué fédération,LOCATION,Villa,kegue,1000000.0,7.0,112.0,142857.0,8929.0,coinafrique,,2026,2,2026-Q2
Location villa duplex 5 pièces - Hedranawoé,LOCATION,Villa,hedzranawoe,1000000.0,5.0,80.0,200000.0,12500.0,coinafrique,,2026,2,2026-Q2
Location villa duplex 6 pièces - Hedranawoé,LOCATION,Villa,hedzranawoe,1000000.0,6.0,96.0,166667.0,10417.0,coinafrique,,2026,2,2026-Q2
Location villas 5 pièces - Lomé,LOCATION,Villa,lome,1000000.0,5.0,80.0,200000.0,12500.0,coinafrique,,2026,2,2026-Q2
Location villa duplex 7 pièces - Adewui,LOCATION,Villa,adewui,1000000.0,7.0,112.0,142857.0,8929.0,coinafrique,,2026,2,2026-Q2
Location villa duplex 6 pièces - Hedranawoe,LOCATION,Villa,hedzranawoe,1000000.0,6.0,96.0,166667.0,10417.0,coinafrique,,2026,2,2026-Q2
Location villa 5 chambres cité Oua,LOCATION,Villa,cite oua,1000000.0,5.0,80.0,200000.0,12500.0,coinafrique,,2026,2,2026-Q2
Location villa duplex 12 pièces - Adewi,LOCATION,Villa,adewui,1000000.0,12.0,192.0,83333.0,5208.0,coinafrique,,2026,2,2026-Q2
Location villa 5pièces - La Caisse,LOCATION,Villa,cite oua,1000000.0,5.0,80.0,200000.0,12500.0,coinafrique,,2026,2,2026-Q2
Location villa duplex 4 pièces meublée + piscine et jardin a Baguida bateauvi,LOCATION,Villa Meuble,baguida,1000000.0,4.0,64.0,250000.0,15625.0,coinafrique,,2026,2,2026-Q2
Location villa 4 pièces à la Caisse,LOCATION,Villa,cite oua,1000000.0,4.0,64.0,250000.0,15625.0,coinafrique,,2026,2,2026-Q2
Location villa duplex 8 pièces - Hedranawoé,LOCATION,Villa,hedzranawoe,900000.0,8.0,128.0,112500.0,7031.0,coinafrique,,2026,2,2026-Q2
Location villa 4 chambres salon piscine - Hedranawoe,LOCATION,Villa,hedzranawoe,900000.0,4.0,64.0,225000.0,14062.0,coinafrique,,2026,2,2026-Q2
Location villa 4 pièces - Novissi,LOCATION,Villa,novissi,900000.0,4.0,64.0,225000.0,14062.0,coinafrique,,2026,2,2026-Q2
Location villa 5pièces avec piscine jardin - Hedranawoé tchinga,LOCATION,Villa,hedzranawoe tchinga,900000.0,5.0,80.0,180000.0,11250.0,coinafrique,,2026,2,2026-Q2
Location villa 8 pièces - Avenou,LOCATION,Villa,avenou,900000.0,8.0,128.0,112500.0,7031.0,coinafrique,,2026,2,2026-Q2
Location villa duplex 3 chambres salon à Tokoin Sotède,LOCATION,Villa,tokoin,900000.0,3.0,48.0,300000.0,18750.0,coinafrique,,2026,2,2026-Q2
Location villa 5 chambres à Wuiti,LOCATION,Villa,wuiti,900000.0,5.0,80.0,180000.0,11250.0,coinafrique,,2026,2,2026-Q2
Location villa 7 chambres - Togokme,LOCATION,Villa,togokome,850000.0,7.0,112.0,121429.0,7589.0,coinafrique,,2026,2,2026-Q2
Location villa 7 chambres - Togokome,LOCATION,Villa,togokome,850000.0,7.0,112.0,121429.0,7589.0,coinafrique,,2026,2,2026-Q2
Location villa meublée 3 pièces à Adidoadin,LOCATION,Villa Meuble,adidoadin,850000.0,3.0,48.0,283333.0,17708.0,coinafrique,,2026,2,2026-Q2
Location villa 5 pièces cour unique de 4 chambres - Rue de l'ocam,LOCATION,Villa,rue de locam,800000.0,5.0,80.0,160000.0,10000.0,coinafrique,,2026,2,2026-Q2
Location villa duplex jardin 4 chambres salon à Hedranawoé balcan,LOCATION,Villa,hedzranawoe balcan,800000.0,4.0,64.0,200000.0,12500.0,coinafrique,,2026,2,2026-Q2
Location villa meublée 5 pièces + piscine a Baguida,LOCATION,Villa Meuble,baguida,800000.0,5.0,80.0,160000.0,10000.0,coinafrique,,2026,2,2026-Q2
Location villa 7 pièces - Lomé,LOCATION,Villa,lome,800000.0,7.0,112.0,114286.0,7143.0,coinafrique,,2026,2,2026-Q2
Location villa duplex 8 pièces - kégué,LOCATION,Villa,kegue,800000.0,8.0,128.0,100000.0,6250.0,coinafrique,,2026,2,2026-Q2
Location villas 4 pièces - Lomé,LOCATION,Villa,lome,800000.0,4.0,64.0,200000.0,12500.0,coinafrique,,2026,2,2026-Q2
Location villa meublée 6 pièces - Agodeka,LOCATION,Villa Meuble,agodeka,800000.0,6.0,96.0,133333.0,8333.0,coinafrique,,2026,2,2026-Q2
Location villa 6 pièces - Kegue,LOCATION,Villa,kegue,800000.0,6.0,96.0,133333.0,8333.0,coinafrique,,2026,2,2026-Q2
Location villa 4 chambres salon + jardin à Kegué 14 villas,LOCATION,Villa,kegue,800000.0,4.0,64.0,200000.0,12500.0,coinafrique,,2026,2,2026-Q2
Location villa duplex 10 pièces - Vakpossito,LOCATION,Villa,vakpossito,800000.0,10.0,160.0,80000.0,5000.0,coinafrique,,2026,2,2026-Q2
Location villa meublée 4 pièces - cito - aéroport,LOCATION,Villa Meuble,hedzranawoe aeroport,800000.0,4.0,64.0,200000.0,12500.0,coinafrique,,2026,2,2026-Q2
Location villa 6pièces - Kegue,LOCATION,Villa,kegue,800000.0,6.0,96.0,133333.0,8333.0,coinafrique,,2026,2,2026-Q2
Location villa 3 chambres salon à Tokoin Nukafu,LOCATION,Villa,tokoin,800000.0,3.0,48.0,266667.0,16667.0,coinafrique,,2026,2,2026-Q2
Location villa duplex 6pièces - Kegue,LOCATION,Villa,kegue,800000.0,6.0,96.0,133333.0,8333.0,coinafrique,,2026,2,2026-Q2
Location villa 9 pièces - Gand Marché De Lomé,LOCATION,Villa,assigame,800000.0,9.0,144.0,88889.0,5556.0,coinafrique,,2026,2,2026-Q2
Location villa meublée 05 pièces à Baguida Luzolin,LOCATION,Villa Meuble,baguida luzolin,800000.0,5.0,80.0,160000.0,10000.0,coinafrique,,2026,2,2026-Q2
Location villa de 04 pièces à Avedji cito,LOCATION,Villa,avedji cito,800000.0,4.0,64.0,200000.0,12500.0,coinafrique,,2026,2,2026-Q2
Location villa 06 pièces à Hedzranawoe,LOCATION,Villa,hedzranawoe,800000.0,6.0,96.0,133333.0,8333.0,coinafrique,,2026,2,2026-Q2
Location villa meublée de 4 pièces avec piscine à adidogomé sagbado,LOCATION,Villa Meuble,adidogome,800000.0,4.0,64.0,200000.0,12500.0,coinafrique,,2026,2,2026-Q2
Location villa meublée 3 pièces à Agoé 2lion,LOCATION,Villa Meuble,agoe,800000.0,3.0,48.0,266667.0,16667.0,coinafrique,,2026,2,2026-Q2
Location villa 6pièces - Kégué 14 villa,LOCATION,Villa,kegue,800000.0,6.0,96.0,133333.0,8333.0,coinafrique,,2026,2,2026-Q2
Location villa duplex 4 chambres salon à Hôtel balkan,LOCATION,Villa,hotel balkan,800000.0,4.0,64.0,200000.0,12500.0,coinafrique,,2026,2,2026-Q2
Location villa duplex 5 pièces - Tokoin,LOCATION,Villa,tokoin,750000.0,5.0,80.0,150000.0,9375.0,coinafrique,,2026,2,2026-Q2
Location villa meublée 4 pièces – résidence à baguida,LOCATION,Villa Meuble,baguida,750000.0,4.0,64.0,187500.0,11719.0,coinafrique,,2026,2,2026-Q2
Location villa meublée de 03 pièces à Baguida,LOCATION,Villa Meuble,baguida,750000.0,3.0,48.0,250000.0,15625.0,coinafrique,,2026,2,2026-Q2
Villa meublée 3 chambres salon à Agoè 2 Lions,LOCATION,Villa Meuble,agoe,700000.0,3.0,600.0,233333.0,1167.0,coinafrique,,2026,2,2026-Q2
Location villa duplex 4 pièces - Novissi,LOCATION,Villa,novissi,700000.0,4.0,64.0,175000.0,10938.0,coinafrique,,2026,2,2026-Q2
Location villa 5 chambres à Tokoin forever,LOCATION,Villa,tokoin,700000.0,5.0,80.0,140000.0,8750.0,coinafrique,,2026,2,2026-Q2
Location villa duplex 3 chambres jardin à Novissi,LOCATION,Villa,novissi,700000.0,3.0,48.0,233333.0,14583.0,coinafrique,,2026,2,2026-Q2
Location villa 5 chambres 2 salon à Tokoin forever,LOCATION,Villa,tokoin,700000.0,5.0,80.0,140000.0,8750.0,coinafrique,,2026,2,2026-Q2
Location villa 6 pièces - Novissi,LOCATION,Villa,novissi,700000.0,6.0,96.0,116667.0,7292.0,coinafrique,,2026,2,2026-Q2
Location villa duplex 4 pièces - Lomé,LOCATION,Villa,lome,700000.0,4.0,64.0,175000.0,10938.0,coinafrique,,2026,2,2026-Q2
Location villa duplex 8 pièces - Hedjranawoé Sagboville,LOCATION,Villa,hedjranawoe sagboville,700000.0,8.0,128.0,87500.0,5469.0,coinafrique,,2026,2,2026-Q2
Location villa de 05 pièces à Hedzranawoe sagboville,LOCATION,Villa,hedzranawoe sagboville,700000.0,5.0,80.0,140000.0,8750.0,coinafrique,,2026,2,2026-Q2
Location villa 6 pièces avec piscine à kégué kpatcha,LOCATION,Villa,kegue,700000.0,6.0,96.0,116667.0,7292.0,coinafrique,,2026,2,2026-Q2
Location villa duplex 8 pièces a bailler a Agbolopedo,LOCATION,Villa,agbalepedo,650000.0,8.0,128.0,81250.0,5078.0,coinafrique,,2026,2,2026-Q2
Location villa 8pièces - Adidogomé wonyomé,LOCATION,Villa,adidogome,650000.0,8.0,128.0,81250.0,5078.0,coinafrique,,2026,2,2026-Q2
Location villa avec piscine de 04 pièces à ablogame,LOCATION,Villa,ablogame,650000.0,4.0,64.0,162500.0,10156.0,coinafrique,,2026,2,2026-Q2
Location villa 4 pièces à Djidjolé,LOCATION,Villa,djidjole,600000.0,4.0,64.0,150000.0,9375.0,coinafrique,,2026,2,2026-Q2
Location villa 8 pièces - Klikamé,LOCATION,Villa,klikame,600000.0,8.0,128.0,75000.0,4688.0,coinafrique,,2026,2,2026-Q2
Location villa duplex 8 pièces + jardin à Tokoin hôpital,LOCATION,Villa,tokoin,600000.0,8.0,128.0,75000.0,4688.0,coinafrique,,2026,2,2026-Q2
Location villa 2 pièces entreprise de l'union,LOCATION,Villa,entreprise l'union,600000.0,2.0,32.0,300000.0,18750.0,coinafrique,,2026,2,2026-Q2
Location villa duplex 08 pièces - Nukafu,LOCATION,Villa,nukafu,600000.0,8.0,128.0,75000.0,4688.0,coinafrique,,2026,2,2026-Q2
Location villa 5 pièces - Lomé,LOCATION,Villa,lome,600000.0,5.0,80.0,120000.0,7500.0,coinafrique,,2026,2,2026-Q2
Location villa triplex 10 pièces à Nyékonakpoe,LOCATION,Villa,nyekonakpoe,600000.0,10.0,160.0,60000.0,3750.0,coinafrique,,2026,2,2026-Q2
Location villa duplex 4 pièces - Agoè 2 Lion,LOCATION,Villa,agoe,600000.0,4.0,64.0,150000.0,9375.0,coinafrique,,2026,2,2026-Q2
Location villa triplex 10chambre 2 salon - Nyekonakpoè,LOCATION,Villa,nyekonakpoe,600000.0,10.0,160.0,60000.0,3750.0,coinafrique,,2026,2,2026-Q2
Location villa duplex 7 chambres salon à Agoé Sogbossito derrière coris banque,LOCATION,Villa,sogbossito,600000.0,7.0,112.0,85714.0,5357.0,coinafrique,,2026,2,2026-Q2
Location villa 2 lots avec piscine et jardin à Ablogamé Sarakawa,LOCATION,Villa,ablogame,600000.0,12.0,1200.0,50000.0,500.0,coinafrique,,2026,2,2026-Q2
Location villa 5 pièces - Noukafu,LOCATION,Villa,nukafu,600000.0,5.0,80.0,120000.0,7500.0,coinafrique,,2026,2,2026-Q2
Location villa duplex meuble 4 pièces - Agoè,LOCATION,Villa,agoe,600000.0,4.0,64.0,150000.0,9375.0,coinafrique,,2026,2,2026-Q2
Location villa 8 pièces à Adidogomé Ipg,LOCATION,Villa,adidogome,600000.0,8.0,128.0,75000.0,4688.0,coinafrique,,2026,2,2026-Q2
Location villa 4 pièces à Agbalepedo,LOCATION,Villa,agbalepedo,600000.0,4.0,64.0,150000.0,9375.0,coinafrique,,2026,2,2026-Q2
Location villa 3 pièces à Cité Mokpokpo,LOCATION,Villa,cite mokpokpo,600000.0,3.0,48.0,200000.0,12500.0,coinafrique,,2026,2,2026-Q2
Location villa de 06 pièces - Nukafu,LOCATION,Villa,nukafu,600000.0,6.0,96.0,100000.0,6250.0,coinafrique,,2026,2,2026-Q2
Location villa 05 pièces Atikoumé estao,LOCATION,Villa,atikoume,600000.0,5.0,80.0,120000.0,7500.0,coinafrique,,2026,2,2026-Q2
Location villa duplex 4 pièces - Tokoin Nukafu,LOCATION,Villa,tokoin,600000.0,4.0,64.0,150000.0,9375.0,coinafrique,,2026,2,2026-Q2
Location villa 11 pièces - Avenou,LOCATION,Villa,avenou,600000.0,11.0,176.0,54545.0,3409.0,coinafrique,,2026,2,2026-Q2
Location villa 4 pièces - Lomé,LOCATION,Villa,lome,600000.0,4.0,64.0,150000.0,9375.0,coinafrique,,2026,2,2026-Q2
Location villa meublée 4 pièces - Agoe 2 Lion,LOCATION,Villa Meuble,2 lions,600000.0,4.0,64.0,150000.0,9375.0,coinafrique,,2026,2,2026-Q2
Location villa duplex 7 pièces - Ablogamé,LOCATION,Villa,ablogame,600000.0,7.0,112.0,85714.0,5357.0,coinafrique,,2026,2,2026-Q2
Location villa de 8 pièces à adidogomé ipj,LOCATION,Villa,adidogome,600000.0,8.0,128.0,75000.0,4688.0,coinafrique,,2026,2,2026-Q2
Location villa 4 pièces - Lomé,LOCATION,Villa,lome,550000.0,4.0,64.0,137500.0,8594.0,coinafrique,,2026,2,2026-Q2
Location villa 11 pièces - Adidogomé,LOCATION,Villa,adidogome,550000.0,11.0,176.0,50000.0,3125.0,coinafrique,,2026,2,2026-Q2
Location villa de 8 pièces à avenou,LOCATION,Villa,avenou,550000.0,8.0,128.0,68750.0,4297.0,coinafrique,,2026,2,2026-Q2
Location villa 5 pièces de haut standing a Agoé Daliko,LOCATION,Villa,daliko,500000.0,5.0,80.0,100000.0,6250.0,coinafrique,,2026,2,2026-Q2
Location villa haute game 04 pièces Agoe Daliko,LOCATION,Villa,daliko,500000.0,4.0,64.0,125000.0,7812.0,coinafrique,,2026,2,2026-Q2
Location villa 5 pièces - Agoé Daliko,LOCATION,Villa,daliko,500000.0,5.0,80.0,100000.0,6250.0,coinafrique,,2026,2,2026-Q2
Location villa meublée 4 pièces - Agbalepedo,LOCATION,Villa Meuble,agbalepedo,500000.0,4.0,64.0,125000.0,7812.0,coinafrique,,2026,2,2026-Q2
Location villa 6 pièces Avénou,LOCATION,Villa,avenou,500000.0,6.0,96.0,83333.0,5208.0,coinafrique,,2026,2,2026-Q2
Location villa de 06 pièces - kégué,LOCATION,Villa,kegue,500000.0,6.0,96.0,83333.0,5208.0,coinafrique,,2026,2,2026-Q2
Location villa meublée 3 pièces - Tokoin Soted,LOCATION,Villa Meuble,tokoin,500000.0,3.0,48.0,166667.0,10417.0,coinafrique,,2026,2,2026-Q2
Location villa meublée 3 chambres salon à Avépozo,LOCATION,Villa Meuble,avepozo,500000.0,3.0,48.0,166667.0,10417.0,coinafrique,,2026,2,2026-Q2
Location villa - Kégué Kpatcha,LOCATION,Villa,kegue,500000.0,5.0,82.0,100000.0,6098.0,coinafrique,,2026,2,2026-Q2
Location villa 6 pièces - Kodjoviakope,LOCATION,Villa,kodjoviakope,500000.0,6.0,96.0,83333.0,5208.0,coinafrique,,2026,2,2026-Q2
Location villa 3 pièces - Agoè,LOCATION,Villa,agoe,500000.0,3.0,48.0,166667.0,10417.0,coinafrique,,2026,2,2026-Q2
Location villa duplex 4 pièces - Adidogomé,LOCATION,Villa,adidogome,500000.0,4.0,64.0,125000.0,7812.0,coinafrique,,2026,2,2026-Q2
Location villa meublé de 4 pièces à Kpogan,LOCATION,Villa Meuble,kpogan,450000.0,4.0,64.0,112500.0,7031.0,coinafrique,,2026,2,2026-Q2
Location villa meublée 3 pièces - Tokoin,LOCATION,Villa Meuble,tokoin,450000.0,3.0,48.0,150000.0,9375.0,coinafrique,,2026,2,2026-Q2
Location villa meublée 3 pièces - tokoin,LOCATION,Villa Meuble,tokoin,450000.0,3.0,48.0,150000.0,9375.0,coinafrique,,2026,2,2026-Q2
Location villa 6 pièces à Bailler - Kpogan Lomé,LOCATION,Villa,kpogan,450000.0,6.0,96.0,75000.0,4688.0,coinafrique,,2026,2,2026-Q2
Location villa meublée 3 pièces à adidogomé cité mokpokpo,LOCATION,Villa Meuble,adidogome,450000.0,3.0,48.0,150000.0,9375.0,coinafrique,,2026,2,2026-Q2
Location villa duplex 2 chambres salon Agoe lycée mairie,LOCATION,Villa,agoe,450000.0,2.0,32.0,225000.0,14062.0,coinafrique,,2026,2,2026-Q2
Location villa basse 3 chambres salon à Tokoin forever a,LOCATION,Villa,tokoin,450000.0,3.0,48.0,150000.0,9375.0,coinafrique,,2026,2,2026-Q2
Location Villa de 8 pièces à Tokoin Super Taco,LOCATION,Villa,tokoin,400000.0,8.0,128.0,50000.0,3125.0,coinafrique,,2026,2,2026-Q2
Location villa 4 pièces à Nyékonakpoé,LOCATION,Villa,nyekonakpoe,400000.0,4.0,64.0,100000.0,6250.0,coinafrique,,2026,2,2026-Q2
Location villa duplex de 5 pièces à Soviépé,LOCATION,Villa,soviepe,400000.0,5.0,80.0,80000.0,5000.0,coinafrique,,2026,2,2026-Q2
Location Villa de 8 pièces à Avépozo,LOCATION,Villa,avepozo,400000.0,8.0,128.0,50000.0,3125.0,coinafrique,,2026,2,2026-Q2
Location villa 3 chambres à Tokoin Forever,LOCATION,Villa,tokoin,400000.0,3.0,48.0,133333.0,8333.0,coinafrique,,2026,2,2026-Q2
Location villa base 4 chambres à Super taco,LOCATION,Villa,super taco,400000.0,4.0,64.0,100000.0,6250.0,coinafrique,,2026,2,2026-Q2
Location villa duplex 4 pièces haut standing a Agoé cacaveli,LOCATION,Villa,cacaveli,400000.0,4.0,64.0,100000.0,6250.0,coinafrique,,2026,2,2026-Q2
Location villa duplex 8 pièces - Agoé cacaveli,LOCATION,Villa,cacaveli,400000.0,8.0,128.0,50000.0,3125.0,coinafrique,,2026,2,2026-Q2
Location villa 5 pièces - Nyekonakpoe,LOCATION,Villa,nyekonakpoe,400000.0,5.0,80.0,80000.0,5000.0,coinafrique,,2026,2,2026-Q2
Location villa 3 chambre salon à Hedrzanwoé hôtel balkan,LOCATION,Villa,hedzranawoe,400000.0,3.0,48.0,133333.0,8333.0,coinafrique,,2026,2,2026-Q2
Location villa 5 pièces - Lomé,LOCATION,Villa,lome,400000.0,5.0,80.0,80000.0,5000.0,coinafrique,,2026,2,2026-Q2
Location villa 4 pièces a hedranawoé hôtel balkan,LOCATION,Villa,hedzranawoe hotel balkan,400000.0,4.0,64.0,100000.0,6250.0,coinafrique,,2026,2,2026-Q2
Location villa 4 pièces - Hedzranawoe,LOCATION,Villa,hedzranawoe,400000.0,4.0,64.0,100000.0,6250.0,coinafrique,,2026,2,2026-Q2
Location villa meublée 3 pièces - Agoè,LOCATION,Villa Meuble,agoe,400000.0,3.0,48.0,133333.0,8333.0,coinafrique,,2026,2,2026-Q2
Location mini villa 3 pièces - Agoè,LOCATION,Villa,agoe,400000.0,3.0,48.0,133333.0,8333.0,coinafrique,,2026,2,2026-Q2
Location villa meublée 4 pièces à Tokoin soted Lomé,LOCATION,Villa Meuble,tokoin,400000.0,4.0,64.0,100000.0,6250.0,coinafrique,,2026,2,2026-Q2
Location villa cour unique 4 chambres salon à Bé hôpital,LOCATION,Villa,be,400000.0,4.0,64.0,100000.0,6250.0,coinafrique,,2026,2,2026-Q2
Location villa 5 pièces - Agoè CEG Est,LOCATION,Villa,agoe,400000.0,5.0,80.0,80000.0,5000.0,coinafrique,,2026,2,2026-Q2
Location villa située juste derrière Mèche Amina,LOCATION,Villa,meche amina,400000.0,4.0,66.0,100000.0,6061.0,coinafrique,,2026,2,2026-Q2
Location villa duplex jardin de 5 pièces a Ablogamé sarakawa,LOCATION,Villa,ablogame,400000.0,5.0,80.0,80000.0,5000.0,coinafrique,,2026,2,2026-Q2
Location villa 5 pièces - Kégué,LOCATION,Villa,kegue,400000.0,5.0,80.0,80000.0,5000.0,coinafrique,,2026,2,2026-Q2
Location villa 4 chambres à Kegue,LOCATION,Villa,kegue,400000.0,4.0,64.0,100000.0,6250.0,coinafrique,,2026,2,2026-Q2
Location villa duplex 4 pièces - Adidoadon,LOCATION,Villa,adidoadin,350000.0,4.0,64.0,87500.0,5469.0,coinafrique,,2026,2,2026-Q2
Location villa basse 5 pièces - Tosti,LOCATION,Villa,totsi,350000.0,5.0,80.0,70000.0,4375.0,coinafrique,,2026,2,2026-Q2
Location villa meublée de 3 pieces à Baguida,LOCATION,Villa Meuble,baguida,350000.0,4.0,64.0,87500.0,5469.0,coinafrique,,2026,2,2026-Q2
Location villa 4 pièces a hedranawoe,LOCATION,Villa,hedzranawoe,350000.0,4.0,64.0,87500.0,5469.0,coinafrique,,2026,2,2026-Q2
Location villa 4 pièces - Lomé,LOCATION,Villa,lome,350000.0,4.0,64.0,87500.0,5469.0,coinafrique,,2026,2,2026-Q2
Location villa meublée 3 pièces - Baguida Cité BCEAO,LOCATION,Villa Meuble,baguida,350000.0,3.0,48.0,116667.0,7292.0,coinafrique,,2026,2,2026-Q2
Location villa duplex 4 chambres à Tokoin Doumassessé,LOCATION,Villa,tokoin,350000.0,4.0,64.0,87500.0,5469.0,coinafrique,,2026,2,2026-Q2
Location villa duplex 5 pièces - Adewui,LOCATION,Villa,adewui,350000.0,5.0,80.0,70000.0,4375.0,coinafrique,,2026,2,2026-Q2
Location villa 4 chambres salon à Casablanca a 20 m du goudron,LOCATION,Villa,casablanca,350000.0,4.0,64.0,87500.0,5469.0,coinafrique,,2026,2,2026-Q2
Location villa duplex cour unique 4 chambres à Lankouvi,LOCATION,Villa,lankouvi,350000.0,4.0,64.0,87500.0,5469.0,coinafrique,,2026,2,2026-Q2
Location villa 5 pièces a n'kafou,LOCATION,Villa,nukafu,350000.0,5.0,80.0,70000.0,4375.0,coinafrique,,2026,2,2026-Q2
Location villa 10 pièces - Hédzranawoé Station Yatt,LOCATION,Villa,hedzranawoe,350000.0,10.0,160.0,35000.0,2188.0,coinafrique,,2026,2,2026-Q2
Location villa duplex staffée de 06 chambres salon à Hedjranawoé - yatt&co à 100m du goudron,LOCATION,Villa,hedzranawoe,350000.0,6.0,96.0,58333.0,3646.0,coinafrique,,2026,2,2026-Q2
Location villa meublée 4pièces - Adidogomè,LOCATION,Villa Meuble,adidogome,350000.0,4.0,64.0,87500.0,5469.0,coinafrique,,2026,2,2026-Q2
Location mini villa meublée de 2 chambres salon - Agoe,LOCATION,Villa Meuble,agoe,350000.0,2.0,32.0,175000.0,10938.0,coinafrique,,2026,2,2026-Q2
Location villa 5 pièces - Kegué,LOCATION,Villa,kegue,350000.0,5.0,80.0,70000.0,4375.0,coinafrique,,2026,2,2026-Q2
Location villa duplex 5 pièces - Hedzranawoe,LOCATION,Villa,hedzranawoe,350000.0,5.0,80.0,70000.0,4375.0,coinafrique,,2026,2,2026-Q2
Location villa de 04 pièces à Nyekonakpoe,LOCATION,Villa,nyekonakpoe,350000.0,4.0,64.0,87500.0,5469.0,coinafrique,,2026,2,2026-Q2
Location villa de 8 pièces à Cerfer,LOCATION,Villa,cerfer,350000.0,8.0,128.0,43750.0,2734.0,coinafrique,,2026,2,2026-Q2
Location villas 3 pièces - lomé,LOCATION,Villa,lome,340000.0,3.0,48.0,113333.0,7083.0,coinafrique,,2026,2,2026-Q2
Location villa 4 pièces - Tokoin witti,LOCATION,Villa,tokoin,340000.0,4.0,64.0,85000.0,5312.0,coinafrique,,2026,2,2026-Q2
Location villa 4 pièces à Tokoin Wuiti,LOCATION,Villa,tokoin,340000.0,4.0,64.0,85000.0,5312.0,coinafrique,,2026,2,2026-Q2
Location villa meublé de chambres salon à Kpogan,LOCATION,Villa Meuble,kpogan,300000.0,6.0,96.0,50000.0,3125.0,coinafrique,,2026,2,2026-Q2
Location villa 5 pièces - Nukafu,LOCATION,Villa,nukafu,300000.0,5.0,80.0,60000.0,3750.0,coinafrique,,2026,2,2026-Q2
Location villa 4 pièces à Tokoin franciscain,LOCATION,Villa,tokoin,300000.0,4.0,64.0,75000.0,4688.0,coinafrique,,2026,2,2026-Q2
Location villa 6 pièces - Nukafou,LOCATION,Villa,nukafu,300000.0,6.0,96.0,50000.0,3125.0,coinafrique,,2026,2,2026-Q2
Location villa meublée 4 pièces à Adidogomé,LOCATION,Villa Meuble,adidogome,300000.0,4.0,64.0,75000.0,4688.0,coinafrique,,2026,2,2026-Q2
Location villas 5 pièces - lomé,LOCATION,Villa,lome,300000.0,5.0,80.0,60000.0,3750.0,coinafrique,,2026,2,2026-Q2
Location villa 4 pièces - Djidjole,LOCATION,Villa,djidjole,300000.0,4.0,64.0,75000.0,4688.0,coinafrique,,2026,2,2026-Q2
Location villa 8 pièces a Nukafu saint Joseph,LOCATION,Villa,nukafu saint joseph,300000.0,8.0,128.0,37500.0,2344.0,coinafrique,,2026,2,2026-Q2
Location villa jardin de 3 chambres salon à Totsi,LOCATION,Villa,totsi,300000.0,3.0,48.0,100000.0,6250.0,coinafrique,,2026,2,2026-Q2
Location villa 4 pièces - Adidogomé soviepé,LOCATION,Villa,adidogome,300000.0,4.0,64.0,75000.0,4688.0,coinafrique,,2026,2,2026-Q2
Location villa basse de 5 pièces - Baguida mairie,LOCATION,Villa,baguida mairie,300000.0,5.0,80.0,60000.0,3750.0,coinafrique,,2026,2,2026-Q2
Location villa 03 pièces Djidjolé,LOCATION,Villa,djidjole,300000.0,3.0,48.0,100000.0,6250.0,coinafrique,,2026,2,2026-Q2
Location villa 4 pièces - Djidjolé,LOCATION,Villa,djidjole,300000.0,4.0,64.0,75000.0,4688.0,coinafrique,,2026,2,2026-Q2
Location villa 4 pièces - Agoè Sogbossito,LOCATION,Villa,agoe,300000.0,4.0,64.0,75000.0,4688.0,coinafrique,,2026,2,2026-Q2
Location villa meublée 4 pièces - Adidogomé,LOCATION,Villa Meuble,adidogome,300000.0,4.0,64.0,75000.0,4688.0,coinafrique,,2026,2,2026-Q2
Location villa 4 pièces - Djidjole Susanne Aho,LOCATION,Villa,djidjole susanne aho,300000.0,4.0,64.0,75000.0,4688.0,coinafrique,,2026,2,2026-Q2
Location villa 03 pièces à Agoè Téléssou,LOCATION,Villa,agoe,300000.0,3.0,48.0,100000.0,6250.0,coinafrique,,2026,2,2026-Q2
Location villa 4 pièces - Kégué,LOCATION,Villa,kegue,300000.0,4.0,64.0,75000.0,4688.0,coinafrique,,2026,2,2026-Q2
Location villa 4 pièces - Lomé,LOCATION,Villa,lome,300000.0,4.0,64.0,75000.0,4688.0,coinafrique,,2026,2,2026-Q2
Location villa duplex 5 chambres salon à Kegué,LOCATION,Villa,kegue,280000.0,5.0,80.0,56000.0,3500.0,coinafrique,,2026,2,2026-Q2
Location villa 4 pièces - Attiegou,LOCATION,Villa,attiegou,280000.0,4.0,64.0,70000.0,4375.0,coinafrique,,2026,2,2026-Q2
Location villa 1 pièces - Lomé,LOCATION,Villa,lome,275000.0,1.0,16.0,275000.0,17188.0,coinafrique,,2026,2,2026-Q2
Location villas 5 pièces - lomé,LOCATION,Villa,lome,250000.0,5.0,80.0,50000.0,3125.0,coinafrique,,2026,2,2026-Q2
Location villa 6 pièces - Agbavi,LOCATION,Villa,agbavi,250000.0,6.0,96.0,41667.0,2604.0,coinafrique,,2026,2,2026-Q2
Location villa 8 pièces à Adidogomé,LOCATION,Villa,adidogome,250000.0,8.0,128.0,31250.0,1953.0,coinafrique,,2026,2,2026-Q2
Location villa 4 pièces à novissi,LOCATION,Villa,novissi,250000.0,4.0,64.0,62500.0,3906.0,coinafrique,,2026,2,2026-Q2
Location villa meublée 5 pièces à Agoè catholique d'atchanvédd 4,LOCATION,Villa Meuble,agoe,250000.0,5.0,80.0,50000.0,3125.0,coinafrique,,2026,2,2026-Q2
Location villa 5 pièces - Kpota,LOCATION,Villa,be kpota,250000.0,5.0,80.0,50000.0,3125.0,coinafrique,,2026,2,2026-Q2
Location cours unique de 03 pièces - Avedji - leo 2000,LOCATION,Villa,leo 2000,250000.0,3.0,48.0,83333.0,5208.0,coinafrique,,2026,2,2026-Q2
Location villa meublée 3 pièces - Adidogomé sagbado,LOCATION,Villa Meuble,adidogome,250000.0,3.0,48.0,83333.0,5208.0,coinafrique,,2026,2,2026-Q2
Location villa 4 pièces - Novissi,LOCATION,Villa,novissi,250000.0,4.0,600.0,62500.0,417.0,coinafrique,,2026,2,2026-Q2
Location villa 4 pièces - Agoè Minamadou,LOCATION,Villa,agoe,250000.0,4.0,64.0,62500.0,3906.0,coinafrique,,2026,2,2026-Q2
Location villa 6 pièces - Baguida Lome,LOCATION,Villa,baguida,250000.0,6.0,96.0,41667.0,2604.0,coinafrique,,2026,2,2026-Q2
Location villa cours unique 4 pièces à Agoe,LOCATION,Villa,agoe,250000.0,4.0,64.0,62500.0,3906.0,coinafrique,,2026,2,2026-Q2
Location villa 5 pièces a Nukafu,LOCATION,Villa,nukafu,250000.0,5.0,80.0,50000.0,3125.0,coinafrique,,2026,2,2026-Q2
Location villa 4pièces - Adidogome,LOCATION,Villa,adidogome,250000.0,4.0,64.0,62500.0,3906.0,coinafrique,,2026,2,2026-Q2
Location villa 5 chambres Nukafu,LOCATION,Villa,nukafu,250000.0,5.0,80.0,50000.0,3125.0,coinafrique,,2026,2,2026-Q2
Location villa - Baguida Lome,LOCATION,Villa,baguida,250000.0,5.0,82.0,50000.0,3049.0,coinafrique,,2026,2,2026-Q2
Location villa duplex 3 chambres salon + 2 dépendances à Avepozo,LOCATION,Villa,avepozo,250000.0,3.0,48.0,83333.0,5208.0,coinafrique,,2026,2,2026-Q2
Location villa 4 pièces - Agbalepedo Haac,LOCATION,Villa,agbalepedo,250000.0,4.0,64.0,62500.0,3906.0,coinafrique,,2026,2,2026-Q2
Location villa 03 pièces à Agoè Assiyeye,LOCATION,Villa,agoe,230000.0,3.0,48.0,76667.0,4792.0,coinafrique,,2026,2,2026-Q2
Location villa 4 chambres salon à Adidogomè Atigagomé,LOCATION,Villa,atigagome,220000.0,4.0,64.0,55000.0,3438.0,coinafrique,,2026,2,2026-Q2
Location Villa 4 pièces - Agoé,LOCATION,Villa,agoe,200000.0,4.0,64.0,50000.0,3125.0,coinafrique,,2026,2,2026-Q2
Location voiture 4 pièces - Attiegou,LOCATION,Villa,attiegou,200000.0,4.0,64.0,50000.0,3125.0,coinafrique,,2026,2,2026-Q2
Location villa 04 pièces - Tokoin Casablanca,LOCATION,Villa,tokoin,200000.0,4.0,64.0,50000.0,3125.0,coinafrique,,2026,2,2026-Q2
Location villa 4 pièces à avedji y au bord du goudron,LOCATION,Villa,avedji y,200000.0,4.0,64.0,50000.0,3125.0,coinafrique,,2026,2,2026-Q2
Location villa - Agoe docta lafia et China Mall,LOCATION,Villa,agoe docta lafia,200000.0,4.0,66.0,50000.0,3030.0,coinafrique,,2026,2,2026-Q2
Location villa 4 pièces à Hedranawoé station total,LOCATION,Villa,hedzranawoe station total,200000.0,4.0,64.0,50000.0,3125.0,coinafrique,,2026,2,2026-Q2
Location cours unique 4 pièces a Hedrzanawé,LOCATION,Villa,hedzranawoe,200000.0,4.0,64.0,50000.0,3125.0,coinafrique,,2026,2,2026-Q2
Location villa duplex cour unique duplex 3 chambres à Adidoadin non loin de l'hôtel concorde,LOCATION,Villa,adidoadin,200000.0,3.0,48.0,66667.0,4167.0,coinafrique,,2026,2,2026-Q2
Location villa 4 chambres salon à Hedranawoé Sagboville,LOCATION,Villa,hedzranawoe sagboville,200000.0,4.0,64.0,50000.0,3125.0,coinafrique,,2026,2,2026-Q2
Location villa duplex 3 chambres salon à Totsi Adidoadin,LOCATION,Villa,totsi,200000.0,3.0,48.0,66667.0,4167.0,coinafrique,,2026,2,2026-Q2
Location villa 5 chambres salon à Avépozo,LOCATION,Villa,avepozo,200000.0,5.0,80.0,40000.0,2500.0,coinafrique,,2026,2,2026-Q2
Location villa duplex 5 pièces - Adidoadin,LOCATION,Villa,adidoadin,200000.0,5.0,80.0,40000.0,2500.0,coinafrique,,2026,2,2026-Q2
Location villa cour unique CAP Zossimé,LOCATION,Villa,zossime,200000.0,4.0,66.0,50000.0,3030.0,coinafrique,,2026,2,2026-Q2
Location villa 4 pièces - Agoè,LOCATION,Villa,agoe,200000.0,4.0,64.0,50000.0,3125.0,coinafrique,,2026,2,2026-Q2
Location villa 4 pièces - Adidogomé,LOCATION,Villa,adidogome,200000.0,4.0,64.0,50000.0,3125.0,coinafrique,,2026,2,2026-Q2
Location villa 6 pièces - Hédzranawoè,LOCATION,Villa,hedzranawoe,200000.0,6.0,96.0,33333.0,2083.0,coinafrique,,2026,2,2026-Q2
Location villa 03 chambres salon - Hedzranawoe station total,LOCATION,Villa,hedzranawoe station total,200000.0,3.0,48.0,66667.0,4167.0,coinafrique,,2026,2,2026-Q2
Location villa 3 pièces - Lomé,LOCATION,Villa,lome,200000.0,3.0,48.0,66667.0,4167.0,coinafrique,,2026,2,2026-Q2
Location villa 4 pièces - Leo 2000,LOCATION,Villa,leo 2000,200000.0,4.0,64.0,50000.0,3125.0,coinafrique,,2026,2,2026-Q2
Location villa 4 pièces à Hedzranawoe Sagboville,LOCATION,Villa,hedzranawoe sagboville,200000.0,4.0,64.0,50000.0,3125.0,coinafrique,,2026,2,2026-Q2
Location villa 3 pièces a la cité Mokpokpo,LOCATION,Villa,cite mokpokpo,180000.0,3.0,48.0,60000.0,3750.0,coinafrique,,2026,2,2026-Q2
Location villa de 4 pièces à Agoè,LOCATION,Villa,agoe,180000.0,4.0,64.0,45000.0,2812.0,coinafrique,,2026,2,2026-Q2
Location villa basse 4 pièces - Vakpossito,LOCATION,Villa,vakpossito,180000.0,4.0,64.0,45000.0,2812.0,coinafrique,,2026,2,2026-Q2
Location villa 6 pièces a Attiegou savoir,LOCATION,Villa,attiegou savoir,180000.0,6.0,96.0,30000.0,1875.0,coinafrique,,2026,2,2026-Q2
Location villa 4 chambres salon WC à Za Avepozo,LOCATION,Villa,avepozo,180000.0,4.0,64.0,45000.0,2812.0,coinafrique,,2026,2,2026-Q2
Location villa 4 pièces a Agoé koffi panou,LOCATION,Villa,koffi panou,180000.0,4.0,64.0,45000.0,2812.0,coinafrique,,2026,2,2026-Q2
Location villa 3 chambres salon à Agoè bks2,LOCATION,Villa,agoe,170000.0,3.0,48.0,56667.0,3542.0,coinafrique,,2026,2,2026-Q2
Location villa 4 pièces à Agoè bks2,LOCATION,Villa,agoe,170000.0,4.0,64.0,42500.0,2656.0,coinafrique,,2026,2,2026-Q2
Location villas 3 pièces - Lomé,LOCATION,Villa,lome,160000.0,3.0,48.0,53333.0,3333.0,coinafrique,,2026,2,2026-Q2
Location villa 4 pièces - Amandahome,LOCATION,Villa,amadahome,160000.0,4.0,64.0,40000.0,2500.0,coinafrique,,2026,2,2026-Q2
Location villa 4 pièces - Agoe Koffi Panou,LOCATION,Villa,koffi panou,160000.0,4.0,64.0,40000.0,2500.0,coinafrique,,2026,2,2026-Q2
Location villa 3 pièces - Agoè Legbassito,LOCATION,Villa,agoe,160000.0,3.0,48.0,53333.0,3333.0,coinafrique,,2026,2,2026-Q2
Location villa 5 pièces à Entreprise l'union,LOCATION,Villa,entreprise l'union,150000.0,5.0,80.0,30000.0,1875.0,coinafrique,,2026,2,2026-Q2
Location Cour Unique 4 pièces à Avédji,LOCATION,Villa,avedji,150000.0,4.0,64.0,37500.0,2344.0,coinafrique,,2026,2,2026-Q2
Location villa 5 pièces - Kegué tingamé,LOCATION,Villa,kegue tingame,150000.0,5.0,80.0,30000.0,1875.0,coinafrique,,2026,2,2026-Q2
Location villa 3 pièces - Lomé,LOCATION,Villa,lome,150000.0,3.0,48.0,50000.0,3125.0,coinafrique,,2026,2,2026-Q2
Location villas 2 pièces - Lomé,LOCATION,Villa,lome,150000.0,2.0,32.0,75000.0,4688.0,coinafrique,,2026,2,2026-Q2
Location villa de 4 pièces à Adidogomé,LOCATION,Villa,adidogome,150000.0,4.0,64.0,37500.0,2344.0,coinafrique,,2026,2,2026-Q2
Location villa 5 pièces - Kodjoviakope,LOCATION,Villa,kodjoviakope,150000.0,5.0,80.0,30000.0,1875.0,coinafrique,,2026,2,2026-Q2
Location villa 5 pièces - Agoé,LOCATION,Villa,agoe,150000.0,5.0,80.0,30000.0,1875.0,coinafrique,,2026,2,2026-Q2
Location villa 4 pièces avec jardin à Agoè fil o park,LOCATION,Villa,agoe,150000.0,4.0,64.0,37500.0,2344.0,coinafrique,,2026,2,2026-Q2
Location villa 5 pièces a Avedji sun,LOCATION,Villa,avedji sun,150000.0,5.0,80.0,30000.0,1875.0,coinafrique,,2026,2,2026-Q2
Location villa 3 pièces - Agodékè Ceg Abalovie,LOCATION,Villa,agodeka,150000.0,3.0,48.0,50000.0,3125.0,coinafrique,,2026,2,2026-Q2
Location villa cour unique 4 pièces à Kegué hôtel Maximum,LOCATION,Villa,kegue hotel maximum,150000.0,4.0,64.0,37500.0,2344.0,coinafrique,,2026,2,2026-Q2
Location villa 2 chambres salon WC douche cuisine interne a hedranawoé cito aéroport,LOCATION,Villa,hedzranawoe aeroport,150000.0,2.0,32.0,75000.0,4688.0,coinafrique,,2026,2,2026-Q2
Location villa 4 pièces - Agoe cool catché,LOCATION,Villa,cool catche,150000.0,4.0,64.0,37500.0,2344.0,coinafrique,,2026,2,2026-Q2
Location appartenant meublé à Tokoin soted,LOCATION,Villa Meuble,tokoin,150000.0,4.0,64.0,37500.0,2344.0,coinafrique,,2026,2,2026-Q2
Location villa 3 pièces a Kegué oqueens,LOCATION,Villa,kegue oqueens,150000.0,3.0,48.0,50000.0,3125.0,coinafrique,,2026,2,2026-Q2
Location villa 3 pièces a Djidjolé Suzanne Aho,LOCATION,Villa,djidjole,150000.0,3.0,48.0,50000.0,3125.0,coinafrique,,2026,2,2026-Q2
Location villa 3 chambres salon tout interne avec un grand espace libre à agoè - atsanvé non loin du goudron,LOCATION,Villa,agoe,150000.0,3.0,48.0,50000.0,3125.0,coinafrique,,2026,2,2026-Q2
Location cour unique à Sagbado Logoté,LOCATION,Villa,sagbado logote,150000.0,4.0,66.0,37500.0,2273.0,coinafrique,,2026,2,2026-Q2
"Location villa 7 pièces - Lomé,",LOCATION,Villa,lome,150000.0,7.0,112.0,21429.0,1339.0,coinafrique,,2026,2,2026-Q2
Location villa 4 pièces - Lomé Hedzanawoe,LOCATION,Villa,hedzranawoe,150000.0,4.0,64.0,37500.0,2344.0,coinafrique,,2026,2,2026-Q2
Location villa 3 pièces - Keguer Oqueens,LOCATION,Villa,kegue r oqueens,150000.0,3.0,48.0,50000.0,3125.0,coinafrique,,2026,2,2026-Q2
Location villa 03 pièces à zanguera en face de l'école madonne,LOCATION,Villa,zanguera,150000.0,3.0,48.0,50000.0,3125.0,coinafrique,,2026,2,2026-Q2
Location cour unique 3 pièces à Agbalépédo,LOCATION,Villa,agbalepedo,140000.0,3.0,48.0,46667.0,2917.0,coinafrique,,2026,2,2026-Q2
Location villa 3 pièces - Agbalepedo,LOCATION,Villa,agbalepedo,140000.0,3.0,48.0,46667.0,2917.0,coinafrique,,2026,2,2026-Q2
Location villa 5 pièces a kegué derrière somayaf,LOCATION,Villa,kegue,140000.0,5.0,80.0,28000.0,1750.0,coinafrique,,2026,2,2026-Q2
Location villa 3 pièces à Avedji Léo 2000,LOCATION,Villa,avedji leo,140000.0,3.0,48.0,46667.0,2917.0,coinafrique,,2026,2,2026-Q2
Location villa 4 pièces - Agoe Logope,LOCATION,Villa,logope,135000.0,4.0,64.0,33750.0,2109.0,coinafrique,,2026,2,2026-Q2
Location villa - Dagué,LOCATION,Villa,dague,130000.0,4.0,66.0,32500.0,1970.0,coinafrique,,2026,2,2026-Q2
Location villa cour unique 3 chambres salon Avepozo,LOCATION,Villa,avepozo,130000.0,3.0,48.0,43333.0,2708.0,coinafrique,,2026,2,2026-Q2
Location villa 4 pièces à Agoe,LOCATION,Villa,agoe,130000.0,4.0,64.0,32500.0,2031.0,coinafrique,,2026,2,2026-Q2
Location villa 5 pièces - Sagbado Lankouvi,LOCATION,Villa,sagbado lankouvi,120000.0,5.0,80.0,24000.0,1500.0,coinafrique,,2026,2,2026-Q2
Location Villa 4 pièces - Zossimé,LOCATION,Villa,zossime,120000.0,4.0,64.0,30000.0,1875.0,coinafrique,,2026,2,2026-Q2
Location villa 3 pièces - Lomé,LOCATION,Villa,lome,120000.0,3.0,48.0,40000.0,2500.0,coinafrique,,2026,2,2026-Q2
Location mini villa 3 pièces - Agoè Sogbossito,LOCATION,Villa,agoe,120000.0,3.0,48.0,40000.0,2500.0,coinafrique,,2026,2,2026-Q2
Location maison - Baguida devego,LOCATION,Villa,baguida devego,120000.0,2.0,35.0,60000.0,3429.0,coinafrique,,2026,2,2026-Q2
Location villa 4pièces - Zossimé,LOCATION,Villa,zossime,120000.0,4.0,64.0,30000.0,1875.0,coinafrique,,2026,2,2026-Q2
Location villa 2 chambres salon + dépendance à Klobateme,LOCATION,Villa,klobateme,110000.0,2.0,32.0,55000.0,3438.0,coinafrique,,2026,2,2026-Q2
Location villas 2 pièces - Lomé,LOCATION,Villa,lome,105000.0,2.0,32.0,52500.0,3281.0,coinafrique,,2026,2,2026-Q2
Location mini villa interne + petit jardin Aablogamé,LOCATION,Villa,ablogame,100000.0,3.0,51.0,33333.0,1961.0,coinafrique,,2026,2,2026-Q2
Location maisons de vacances 6 pièces - Adidogomé,LOCATION,Villa,adidogome,100000.0,6.0,96.0,16667.0,1042.0,coinafrique,,2026,2,2026-Q2
Location mini villa de 4 pièces à kegué kpatcha,LOCATION,Villa,kegue kpatcha,100000.0,4.0,64.0,25000.0,1562.0,coinafrique,,2026,2,2026-Q2
Location mini villa 3 pièces - Adidogomè atilamonou,LOCATION,Villa,atilamonou,100000.0,3.0,48.0,33333.0,2083.0,coinafrique,,2026,2,2026-Q2
Location villa chambres salon - Agoe Ora queens,LOCATION,Villa,ora queens,100000.0,3.0,51.0,33333.0,1961.0,coinafrique,,2026,2,2026-Q2
Location villa 3 pièces - Lomé,LOCATION,Villa,lome,100000.0,3.0,48.0,33333.0,2083.0,coinafrique,,2026,2,2026-Q2
Location villa 3 pièces - FIH Immobilier met à votre disposition une villa nouvellement construite à Agoè Sogbossito,LOCATION,Villa,agoe,100000.0,3.0,48.0,33333.0,2083.0,coinafrique,,2026,2,2026-Q2
Location villa meublé 6 pièces - aéroport international,LOCATION,Villa Meuble,hedzranawoe aeroport,100000.0,6.0,96.0,16667.0,1042.0,coinafrique,,2026,2,2026-Q2
Location mini villa 3pièces - Agbalepedo,LOCATION,Villa,agbalepedo,100000.0,3.0,48.0,33333.0,2083.0,coinafrique,,2026,2,2026-Q2
Location villa 3 pièces - Adétikopé,LOCATION,Villa,adetikope,100000.0,3.0,48.0,33333.0,2083.0,coinafrique,,2026,2,2026-Q2
Location villa 3 pièces - Agoe sogbossito,LOCATION,Villa,sogbossito,85000.0,3.0,48.0,28333.0,1771.0,coinafrique,,2026,2,2026-Q2
Location villa 4 pièces - Agoé sogbossito,LOCATION,Villa,sogbossito,85000.0,4.0,64.0,21250.0,1328.0,coinafrique,,2026,2,2026-Q2
Location villa 4 pièces - Lomé,LOCATION,Villa,lome,85000.0,4.0,64.0,21250.0,1328.0,coinafrique,,2026,2,2026-Q2
Location villa 3 pièces - Amadahomé IPG Rail,LOCATION,Villa,amadahome,85000.0,3.0,48.0,28333.0,1771.0,coinafrique,,2026,2,2026-Q2
Location Villa de 4 pièces à Agoè Logopé,LOCATION,Villa,agoe,80000.0,4.0,64.0,20000.0,1250.0,coinafrique,,2026,2,2026-Q2
Location mini villa 3 pièces - derrière l'église catholique de totsi,LOCATION,Villa,totsi,80000.0,3.0,48.0,26667.0,1667.0,coinafrique,,2026,2,2026-Q2
Location villa 4 pièces - Léo 2000,LOCATION,Villa,leo 2000,80000.0,4.0,64.0,20000.0,1250.0,coinafrique,,2026,2,2026-Q2
Location villa 4 pièces - Lomé,LOCATION,Villa,lome,80000.0,4.0,64.0,20000.0,1250.0,coinafrique,,2026,2,2026-Q2
Location villa 3pièces - Assigomé,LOCATION,Villa,assigome,80000.0,3.0,48.0,26667.0,1667.0,coinafrique,,2026,2,2026-Q2
Location villa 3 pièces - Adidogomé Amadahomé,LOCATION,Villa,adidogome,80000.0,3.0,48.0,26667.0,1667.0,coinafrique,,2026,2,2026-Q2
Location villa 3 pièces - Kladjeme,LOCATION,Villa,kladjeme,80000.0,3.0,48.0,26667.0,1667.0,coinafrique,,2026,2,2026-Q2
Location villa 4 pièces a agoé adjoudba,LOCATION,Villa,adjougba,80000.0,4.0,64.0,20000.0,1250.0,coinafrique,,2026,2,2026-Q2
Location villa 3 pièces - Lomé,LOCATION,Villa,lome,60000.0,3.0,48.0,20000.0,1250.0,coinafrique,,2026,2,2026-Q2
Location villa 4 pièces - Agoe Legbassito,LOCATION,Villa,legbassito,60000.0,4.0,64.0,15000.0,938.0,coinafrique,,2026,2,2026-Q2
Location villa 2 pièces à Avedji,LOCATION,Villa,avedji,60000.0,2.0,32.0,30000.0,1875.0,coinafrique,,2026,2,2026-Q2
Location villa 3 pièces - Atakpamé,LOCATION,Villa,atakpame,55000.0,3.0,48.0,18333.0,1146.0,coinafrique,,2026,2,2026-Q2
Location villa chambre salon à Agbavie côté plage,LOCATION,Villa,agbavi cote plage,50000.0,2.0,32.0,25000.0,1562.0,coinafrique,,2026,2,2026-Q2
Location villas meublée de 5 pièces - lomé,LOCATION,Villa Meuble,lome,40000.0,5.0,80.0,8000.0,500.0,coinafrique,,2026,2,2026-Q2
Location villa meublée 6 pièces - Agoe Carrefour Kpogbli,LOCATION,Villa Meuble,agoe,40000.0,6.0,96.0,6667.0,417.0,coinafrique,,2026,2,2026-Q2
Vente bar - auberge à Kegué,VENTE,Bar,kugue,35000000.0,,300.0,,116667.0,coinafrique,,2026,2,2026-Q2
Vente bar auberge sur un d'élu lot angle ruz à kegué kpatcha non loin du goudron,VENTE,Bar,kegue kpatcha,35000000.0,,600.0,,58333.0,coinafrique,,2026,2,2026-Q2
Vente restaurant face au goudron Leo 2000,VENTE,Bar,leo 2000,4800000.0,,600.0,,8000.0,coinafrique,,2026,2,2026-Q2
Vente boutique alimentation - Adidogomé logoté.,VENTE,Boutique,adidogome,1300000.0,,150.0,,8667.0,coinafrique,,2026,2,2026-Q2
Vente école 10 classes à Agoe Sogbosito,VENTE,Ecole,sogbosito,60000000.0,,600.0,,100000.0,coinafrique,,2026,2,2026-Q2
Vente entrepôt à Lomé noukafu,VENTE,Entrepot,nukafu,1700000000.0,,600.0,,2833333.0,coinafrique,,2026,2,2026-Q2
Vente grand entrepôt à Nukafu hôpital de l'aéroport,VENTE,Entrepot,nukafu,1700000000.0,,900.0,,1888889.0,coinafrique,,2026,2,2026-Q2
Vente entrepôt dans la zone portuaire,VENTE,Entrepot,zone portuaire,350000000.0,,600.0,,583333.0,coinafrique,,2026,2,2026-Q2
Entrepôt sur 1003 m² à Akodessewa non loin du port,VENTE,Entrepot,akodessewa,350000000.0,,1003.0,,348953.0,coinafrique,,2026,2,2026-Q2
Vente entrepôt à Lomé Akodéssewa,VENTE,Entrepot,akodessewa,150000000.0,,600.0,,250000.0,coinafrique,,2026,2,2026-Q2
Entrepôt (baguida),VENTE,Entrepot,baguida,15000000.0,,600.0,,25000.0,coinafrique,,2026,2,2026-Q2
Vente hotel 2 lots à Alogavi,VENTE,Hotel,alogavi,600000000.0,,1200.0,,500000.0,coinafrique,,2026,2,2026-Q2
Vente hôtel - Alogavi,VENTE,Hotel,alogavi,600000000.0,,600.0,,1000000.0,coinafrique,,2026,2,2026-Q2
Vente hôtel à Djidjole,VENTE,Hotel,djidjole,500000000.0,,600.0,,833333.0,coinafrique,,2026,2,2026-Q2
Vente hôtel 4 lots à Djidjole,VENTE,Hotel,djidjole,450000000.0,,2400.0,,187500.0,coinafrique,,2026,2,2026-Q2
Vente hôtel sur un site balnéaire au bord du lac Togo à Ekpui - Togoville.,VENTE,Hotel,togoville,450000000.0,,600.0,,750000.0,coinafrique,,2026,2,2026-Q2
Vente hôtel - Adidogomé,VENTE,Hotel,adidogome,180000000.0,,600.0,,300000.0,coinafrique,,2026,2,2026-Q2
Vente immeuble - Agoe,VENTE,Immeuble,agoe,2000000000.0,,600.0,,3333333.0,coinafrique,,2026,2,2026-Q2
Vente immeuble Bourd du boulevard du mono,VENTE,Immeuble,boulevard 13 jan,1900000000.0,,600.0,,3166667.0,coinafrique,,2026,2,2026-Q2
Vente immeuble à but locatif Baguida,VENTE,Immeuble,baguida,850000000.0,,600.0,,1416667.0,coinafrique,,2026,2,2026-Q2
Vente immeuble à Baguida,VENTE,Immeuble,baguida,850000000.0,,600.0,,1416667.0,coinafrique,,2026,2,2026-Q2
Vente immeuble - Baguida,VENTE,Immeuble,baguida,850000000.0,,600.0,,1416667.0,coinafrique,,2026,2,2026-Q2
Vente immeubles - Baguida,VENTE,Immeuble,baguida,850000000.0,,600.0,,1416667.0,coinafrique,,2026,2,2026-Q2
Vente immeuble en au bord de goudron à Adidogome,VENTE,Immeuble,adidogome,750000000.0,,600.0,,1250000.0,coinafrique,,2026,2,2026-Q2
Vente immeuble à Klikamé,VENTE,Immeuble,klikame,750000000.0,,600.0,,1250000.0,coinafrique,,2026,2,2026-Q2
Vente immeuble à Kpalimé (kloto),VENTE,Immeuble,kpalime,750000000.0,,600.0,,1250000.0,coinafrique,,2026,2,2026-Q2
Vente immeuble R+4 bâti sur 603m² bien situé à Klikame,VENTE,Immeuble,klikame,750000000.0,,603.0,,1243781.0,coinafrique,,2026,2,2026-Q2
Vente immeuble R+4 Klikame,VENTE,Immeuble,klikame,750000000.0,,600.0,,1250000.0,coinafrique,,2026,2,2026-Q2
Vente immeuble commercial à Adidogome,VENTE,Immeuble,adidogome,750000000.0,,600.0,,1250000.0,coinafrique,,2026,2,2026-Q2
Vente immeuble - Zanguera,VENTE,Immeuble,zanguera,490000000.0,,600.0,,816667.0,coinafrique,,2026,2,2026-Q2
Vente immeuble Badja,VENTE,Immeuble,badja,450000000.0,,600.0,,750000.0,coinafrique,,2026,2,2026-Q2
Vente immeuble à Zanguera,VENTE,Immeuble,zanguera,450000000.0,,600.0,,750000.0,coinafrique,,2026,2,2026-Q2
Vente immeuble à djidjole,VENTE,Immeuble,djidjole,450000000.0,,600.0,,750000.0,coinafrique,,2026,2,2026-Q2
Vente immeuble - Nukafu togocel,VENTE,Immeuble,nukafu togocel,450000000.0,,600.0,,750000.0,coinafrique,,2026,2,2026-Q2
Vente immeubles à Adidogome Awatamé,VENTE,Immeuble,awatame,400000000.0,,600.0,,666667.0,coinafrique,,2026,2,2026-Q2
Vente immeuble commercial à Tokoin ramco,VENTE,Immeuble,tokoin,350000000.0,,600.0,,583333.0,coinafrique,,2026,2,2026-Q2
Vente immeuble à Tokoin ramco,VENTE,Immeuble,tokoin,350000000.0,,600.0,,583333.0,coinafrique,,2026,2,2026-Q2
Vente immeuble 1 lot à Adidogome,VENTE,Immeuble,adidogome,350000000.0,,600.0,,583333.0,coinafrique,,2026,2,2026-Q2
Vente immeuble - Adidogome,VENTE,Immeuble,adidogome,350000000.0,,600.0,,583333.0,coinafrique,,2026,2,2026-Q2
Vente immeuble - Novissi,VENTE,Immeuble,novissi,300000000.0,,600.0,,500000.0,coinafrique,,2026,2,2026-Q2
Vente immeuble à Agbanlepedo,VENTE,Immeuble,agbalepedo,300000000.0,,600.0,,500000.0,coinafrique,,2026,2,2026-Q2
Vente immeuble R+2 au cœur de la ville de Baguida,VENTE,Immeuble,baguida,300000000.0,,600.0,,500000.0,coinafrique,,2026,2,2026-Q2
Vente immeuble à Baguida,VENTE,Immeuble,baguida,300000000.0,,600.0,,500000.0,coinafrique,,2026,2,2026-Q2
Vente immeuble - Monument de la colombe de la paix,VENTE,Immeuble,nukafu,270000000.0,,600.0,,450000.0,coinafrique,,2026,2,2026-Q2
Vente immeuble r+1 et r+2 à Totsi,VENTE,Immeuble,totsi,250000000.0,,600.0,,416667.0,coinafrique,,2026,2,2026-Q2
Vente immeuble BÈ Rue de L'OCAM derrière la station d'essence Total,VENTE,Immeuble,be,250000000.0,,600.0,,416667.0,coinafrique,,2026,2,2026-Q2
Vente immeuble à Lomé Adidoadin,VENTE,Immeuble,adidoadin,200000000.0,,600.0,,333333.0,coinafrique,,2026,2,2026-Q2
Vente immeuble au bord de goudron à Totsi,VENTE,Immeuble,totsi,200000000.0,,600.0,,333333.0,coinafrique,,2026,2,2026-Q2
Vente immeuble Ablogamé ecobank,VENTE,Immeuble,ablogame,180000000.0,,600.0,,300000.0,coinafrique,,2026,2,2026-Q2
Vente immeuble à tokoin doulassamé,VENTE,Immeuble,tokoin,150000000.0,,600.0,,250000.0,coinafrique,,2026,2,2026-Q2
Vente immeubles - Adidogomé,VENTE,Immeuble,adidogome,130000000.0,,600.0,,216667.0,coinafrique,,2026,2,2026-Q2
Vente immeuble - bretelle attikoum,VENTE,Immeuble,attikoume,120000000.0,,600.0,,200000.0,coinafrique,,2026,2,2026-Q2
Vente immeuble à but locatif Agoe Logope,VENTE,Immeuble,logope,120000000.0,,600.0,,200000.0,coinafrique,,2026,2,2026-Q2
Vente immeuble à Agoè logope,VENTE,Immeuble,agoe,120000000.0,,600.0,,200000.0,coinafrique,,2026,2,2026-Q2
Vente immeubles R+2 - Kpogan Sonal,VENTE,Immeuble,kpogan sonal,120000000.0,,600.0,,200000.0,coinafrique,,2026,2,2026-Q2
Vente immeuble 3 lots collés à,VENTE,Immeuble,amadahome,110000000.0,,1800.0,,61111.0,coinafrique,,2026,2,2026-Q2
Vente immeuble à but locatif Agoe leo 2000,VENTE,Immeuble,leo 2000,95000000.0,,600.0,,158333.0,coinafrique,,2026,2,2026-Q2
Vente immeuble sise à Gbonssimé,VENTE,Immeuble,gbonssime,80000000.0,,600.0,,133333.0,coinafrique,,2026,2,2026-Q2
Vente immeuble - Lomé,VENTE,Immeuble,lome,52000000.0,,600.0,,86667.0,coinafrique,,2026,2,2026-Q2
Vente immeubles 5 pièces à Kpogan Agodeke),VENTE,Immeuble,kpogan,32000000.0,5.0,600.0,,53333.0,coinafrique,,2026,2,2026-Q2
Vente immeuble à raser - Agoè adougba au bord du goudron du contournement,VENTE,Immeuble,agoe,25000000.0,,600.0,,41667.0,coinafrique,,2026,2,2026-Q2
Vente immeuble - Mission tove,VENTE,Immeuble,mission tove,16000000.0,,600.0,,26667.0,coinafrique,,2026,2,2026-Q2
Vente immeubles inachevés - Agokpanou,VENTE,Immeuble,agokpanou,7800000.0,,600.0,,13000.0,coinafrique,,2026,2,2026-Q2
Vente station d'essence à Adeticope,VENTE,Station Service,adetikope,800000000.0,,900.0,,888889.0,coinafrique,,2026,2,2026-Q2
Terrain 6 lots clôturé cité Oua,VENTE,Terrain,cite oua,1800000000.0,,3600.0,,500000.0,coinafrique,,2026,2,2026-Q2
Terrain 8 lots face au goudron Noukafu - Hountigome,VENTE,Terrain,hountigome,1500000000.0,,4800.0,,312500.0,coinafrique,,2026,2,2026-Q2
Terrain 1 lot à Assigame,VENTE,Terrain,assigame,1500000000.0,,600.0,,2500000.0,coinafrique,,2026,2,2026-Q2
Terrain 36 ha - Totokpoé,VENTE,Terrain,totokpoe,1440000000.0,,360000.0,,4000.0,coinafrique,,2026,2,2026-Q2
Terrain agricole - Badja,VENTE,Terrain,badja,1272000000.0,,600.0,,2120000.0,coinafrique,,2026,2,2026-Q2
Terain 8 lots à Lomé Hountigomé,VENTE,Terrain,hountigome,1200000000.0,,4800.0,,250000.0,coinafrique,,2026,2,2026-Q2
Terrain 8 lots - Hountigomé,VENTE,Terrain,hountigome,1200000000.0,,4800.0,,250000.0,coinafrique,,2026,2,2026-Q2
Terrain 8 lots - Hedzranawoe,VENTE,Terrain,hedzranawoe,1200000000.0,,4800.0,,250000.0,coinafrique,,2026,2,2026-Q2
Terrain 4 lots clôturé cité Oua,VENTE,Terrain,cite oua,1200000000.0,,2400.0,,500000.0,coinafrique,,2026,2,2026-Q2
Terrain 300 lots - Anié Awatere,VENTE,Terrain,anie awatere,1050000000.0,,300.0,,3500000.0,coinafrique,,2026,2,2026-Q2
Terrain 42 ha - Kpomé,VENTE,Terrain,kpome,1050000000.0,,600.0,,1750000.0,coinafrique,,2026,2,2026-Q2
Vente grande école sur 3000m² à Adidogomé,VENTE,Terrain,adidogome,1000000000.0,,3000.0,,333333.0,coinafrique,,2026,2,2026-Q2
Terrain - Ville de lomé,VENTE,Terrain,lome,950000000.0,,600.0,,1583333.0,coinafrique,,2026,2,2026-Q2
Terrain 1 lot - grand marché de Lomé,VENTE,Terrain,assigame,900000000.0,,600.0,,1500000.0,coinafrique,,2026,2,2026-Q2
Terrain 1 lot et 1/2 angle rue grand marché de Lomé,VENTE,Terrain,assigame,900000000.0,,600.0,,1500000.0,coinafrique,,2026,2,2026-Q2
Terrain 1 lot 1/2 - Assigamé,VENTE,Terrain,assigame,900000000.0,,300.0,,3000000.0,coinafrique,,2026,2,2026-Q2
Terrain 6 lots collés avec tf à kodjoviakope,VENTE,Terrain,kodjoviakope,900000000.0,,3600.0,,250000.0,coinafrique,,2026,2,2026-Q2
Terrain 2 lots à Decon steven clash,VENTE,Terrain,dekon seven class,900000000.0,,1200.0,,750000.0,coinafrique,,2026,2,2026-Q2
Terrain 6 lots à kodjoviakopé,VENTE,Terrain,kodjoviakope,900000000.0,,3600.0,,250000.0,coinafrique,,2026,2,2026-Q2
Terrain 6 lots - Lomé Kodjoviakope,VENTE,Terrain,kodjoviakope,900000000.0,,3600.0,,250000.0,coinafrique,,2026,2,2026-Q2
Terrain 6 lots clôturer - Kodjoviakope,VENTE,Terrain,kodjoviakope,900000000.0,,3600.0,,250000.0,coinafrique,,2026,2,2026-Q2
Terrain 2 lots collés en plein grand marché Abattoir,VENTE,Terrain,centre ville,800000000.0,,1200.0,,666667.0,coinafrique,,2026,2,2026-Q2
Terrain 10 lots à Baguida,VENTE,Terrain,baguida,800000000.0,,6000.0,,133333.0,coinafrique,,2026,2,2026-Q2
Terrain 4lots à Kodjoviakopé,VENTE,Terrain,kodjoviakope,800000000.0,,2400.0,,333333.0,coinafrique,,2026,2,2026-Q2
Vente terain 1399m² - Dekon,VENTE,Terrain,dekon,750000000.0,,1399.0,,536097.0,coinafrique,,2026,2,2026-Q2
Terrain 2 lots collés à Nyekonakpoè,VENTE,Terrain,nyekonakpoe,700000000.0,,1200.0,,583333.0,coinafrique,,2026,2,2026-Q2
Terrain 2 lots collés au bord du goudron ST Joseph centre - ville de Lomé,VENTE,Terrain,lome,700000000.0,,1200.0,,583333.0,coinafrique,,2026,2,2026-Q2
Terrain 2 lots collés au bord du goudron ST Joseph,VENTE,Terrain,nukafu,700000000.0,,1200.0,,583333.0,coinafrique,,2026,2,2026-Q2
Terrain 1 lot à Togo,VENTE,Terrain,togo 2000,700000000.0,,600.0,,1166667.0,coinafrique,,2026,2,2026-Q2
Terrain presqu'un lot et demi à Dekon,VENTE,Terrain,dekon,650000000.0,,600.0,,1083333.0,coinafrique,,2026,2,2026-Q2
Terrain à Baguida,VENTE,Terrain,baguida,650000000.0,,600.0,,1083333.0,coinafrique,,2026,2,2026-Q2
Terrain 01 lot - Decon,VENTE,Terrain,dekon,650000000.0,,600.0,,1083333.0,coinafrique,,2026,2,2026-Q2
Terrain 2H - Tsévié,VENTE,Terrain,tsevie,624000000.0,,600.0,,1040000.0,coinafrique,,2026,2,2026-Q2
Terrain 560 m² - Grand Marché,VENTE,Terrain,assigame,600000000.0,,560.0,,1071429.0,coinafrique,,2026,2,2026-Q2
Terrain 1 lot - Grand marché,VENTE,Terrain,assigame,600000000.0,,600.0,,1000000.0,coinafrique,,2026,2,2026-Q2
Terrain 1 lot grand marché de Lomé pharmacie Vitalis,VENTE,Terrain,lome,600000000.0,,600.0,,1000000.0,coinafrique,,2026,2,2026-Q2
Terrain 5 ha à Noepe,VENTE,Terrain,noepe,600000000.0,,600.0,,1000000.0,coinafrique,,2026,2,2026-Q2
Terrain 1 lot - Lomé,VENTE,Terrain,lome,600000000.0,,600.0,,1000000.0,coinafrique,,2026,2,2026-Q2
Terrain 560m² - Asigamé grand rex,VENTE,Terrain,asigame grand rex,600000000.0,,560.0,,1071429.0,coinafrique,,2026,2,2026-Q2
Terrain 2 lots collés à kodjoviakope au bord de goudron,VENTE,Terrain,kodjoviakope,600000000.0,,1200.0,,500000.0,coinafrique,,2026,2,2026-Q2
Terrain 3 lots - Cacaveli,VENTE,Terrain,cacaveli,600000000.0,,1800.0,,333333.0,coinafrique,,2026,2,2026-Q2
Terrain 3 lots - Agoe cacaveli,VENTE,Terrain,cacaveli,600000000.0,,1800.0,,333333.0,coinafrique,,2026,2,2026-Q2
Terrain 3 lot 1/4 à Agoe cacaveli au bord du goudron,VENTE,Terrain,cacaveli,600000000.0,,1800.0,,333333.0,coinafrique,,2026,2,2026-Q2
Terrain 3 lots - 1/4 lot au bord du goudron à Cacavéli,VENTE,Terrain,cacaveli,600000000.0,,1950.0,,307692.0,coinafrique,,2026,2,2026-Q2
Terrain 2 lots à la cité Caisse,VENTE,Terrain,cite caisse,600000000.0,,1200.0,,500000.0,coinafrique,,2026,2,2026-Q2
Terrain 1 lot et demi à la Caisse,VENTE,Terrain,cite oua,600000000.0,,600.0,,1000000.0,coinafrique,,2026,2,2026-Q2
Terrain 2 lots clôturé cité Oua,VENTE,Terrain,cite oua,600000000.0,,1200.0,,500000.0,coinafrique,,2026,2,2026-Q2
Terrain 17 lot collés à Adetikope,VENTE,Terrain,adetikope,595000000.0,,10200.0,,58333.0,coinafrique,,2026,2,2026-Q2
Terrain 2 lots collés avec tf à la citée caisse,VENTE,Terrain,cite caisse,575000000.0,,1200.0,,479167.0,coinafrique,,2026,2,2026-Q2
Terrains 2 lots à la Caisse,VENTE,Terrain,cite oua,575000000.0,,1200.0,,479167.0,coinafrique,,2026,2,2026-Q2
Terrain 10 lots à Zanguéra,VENTE,Terrain,zanguera,550000000.0,,6000.0,,91667.0,coinafrique,,2026,2,2026-Q2
Terrain 10lots à Zanguera,VENTE,Terrain,zanguera,550000000.0,,6000.0,,91667.0,coinafrique,,2026,2,2026-Q2
"Terrain 273,50ha à Tchékpo",VENTE,Terrain,tchekpo,547000000.0,,2730000.0,,200.0,coinafrique,,2026,2,2026-Q2
Terrain 2 lots et 1/4 collés 1383m² Au bord du boulevard 13 janvier,VENTE,Terrain,adidoadin,530000000.0,,1200.0,,441667.0,coinafrique,,2026,2,2026-Q2
Terrain 100 lots - Djagblé,VENTE,Terrain,djagble,500000000.0,,60000.0,,8333.0,coinafrique,,2026,2,2026-Q2
Terrain 2 lots ouvert sur deux voie Kodjoviakope,VENTE,Terrain,kodjoviakope,500000000.0,,1200.0,,416667.0,coinafrique,,2026,2,2026-Q2
Terrain 1 lot à Freau Jardin,VENTE,Terrain,freau jardin,500000000.0,,600.0,,833333.0,coinafrique,,2026,2,2026-Q2
Terrain au bord du goudron à Noukafou,VENTE,Terrain,nukafu,500000000.0,,600.0,,833333.0,coinafrique,,2026,2,2026-Q2
Vente terain 703m² - freau jardin centre ville,VENTE,Terrain,freau jardin,500000000.0,,703.0,,711238.0,coinafrique,,2026,2,2026-Q2
Terrain 1lot à Dékon,VENTE,Terrain,dekon,500000000.0,,600.0,,833333.0,coinafrique,,2026,2,2026-Q2
Terrain 2lots à Kodjoviakope,VENTE,Terrain,kodjoviakope,500000000.0,,1200.0,,416667.0,coinafrique,,2026,2,2026-Q2
Terrain 2 lots à Kodjoviakopé,VENTE,Terrain,kodjoviakope,500000000.0,,1200.0,,416667.0,coinafrique,,2026,2,2026-Q2
Terrain 1 lot et ¼ à kodjoviakopé,VENTE,Terrain,kodjoviakope,500000000.0,,600.0,,833333.0,coinafrique,,2026,2,2026-Q2
Terrain 33 lots collés à Akepe,VENTE,Terrain,akepe,495000000.0,,19800.0,,25000.0,coinafrique,,2026,2,2026-Q2
Terrain 19lots à Akepe,VENTE,Terrain,akepe,475000000.0,,11400.0,,41667.0,coinafrique,,2026,2,2026-Q2
Vente domaine - Badja,VENTE,Terrain,badja,450000000.0,,50000.0,,9000.0,coinafrique,,2026,2,2026-Q2
Terrain 2½ lots collés - Adidogome,VENTE,Terrain,adidogome,450000000.0,,600.0,,750000.0,coinafrique,,2026,2,2026-Q2
Terrain 2 lots - Adidogomé,VENTE,Terrain,adidogome,450000000.0,,1200.0,,375000.0,coinafrique,,2026,2,2026-Q2
Terrain 4 lots à Djidjole,VENTE,Terrain,djidjole,450000000.0,,2400.0,,187500.0,coinafrique,,2026,2,2026-Q2
Terrain 4 lots marché - Agoè assiyéyé,VENTE,Terrain,agoe,450000000.0,,2400.0,,187500.0,coinafrique,,2026,2,2026-Q2
Terrain TF 3 lots à Segbé,VENTE,Terrain,segbe,440000000.0,,1800.0,,244444.0,coinafrique,,2026,2,2026-Q2
Terrain 8 lots collés à Ségbé,VENTE,Terrain,segbe,440000000.0,,4800.0,,91667.0,coinafrique,,2026,2,2026-Q2
Terrain 2 lots face au boulevard mono Kodjoviakope,VENTE,Terrain,kodjoviakope,420000000.0,,1200.0,,350000.0,coinafrique,,2026,2,2026-Q2
Terrain 2 lots à Kodjoviakope,VENTE,Terrain,kodjoviakope,420000000.0,,1200.0,,350000.0,coinafrique,,2026,2,2026-Q2
Terrain 4 lots - Baguida,VENTE,Terrain,baguida,420000000.0,,2400.0,,175000.0,coinafrique,,2026,2,2026-Q2
Terrain 27 lot face à la mer Agbodrafo,VENTE,Terrain,agbodrafo,405000000.0,,16200.0,,25000.0,coinafrique,,2026,2,2026-Q2
Terrain 1 lot - Fléau jardin,VENTE,Terrain,fleau jardin,400000000.0,,600.0,,666667.0,coinafrique,,2026,2,2026-Q2
Terrain 4lots collés - Agoé,VENTE,Terrain,agoe,400000000.0,,2400.0,,166667.0,coinafrique,,2026,2,2026-Q2
Terrain 3/4 lot - Dekon,VENTE,Terrain,dekon,400000000.0,,2400.0,,166667.0,coinafrique,,2026,2,2026-Q2
Terrain 3/4 lot angle rue face au boulevard 13 janvier Dekon,VENTE,Terrain,boulevard 13 jan,400000000.0,,2400.0,,166667.0,coinafrique,,2026,2,2026-Q2
Terrain 1 lot à Amoutivé,VENTE,Terrain,amoutieve,400000000.0,,600.0,,666667.0,coinafrique,,2026,2,2026-Q2
Terrain 6 collés - Baguida,VENTE,Terrain,baguida,400000000.0,,3600.0,,111111.0,coinafrique,,2026,2,2026-Q2
Terrain 3000m² 5 lots à Lomé Tokoin Sebevito à côté de l'EPP Sébevito,VENTE,Terrain,tokoin,400000000.0,,3000.0,,133333.0,coinafrique,,2026,2,2026-Q2
Terrain 2 lots - Dekon,VENTE,Terrain,dekon,400000000.0,,1200.0,,333333.0,coinafrique,,2026,2,2026-Q2
Terrain 6 lots collés Baguida luixolin,VENTE,Terrain,baguida,400000000.0,,3600.0,,111111.0,coinafrique,,2026,2,2026-Q2
Terrain 6 lots - Baguida,VENTE,Terrain,baguida,400000000.0,,3600.0,,111111.0,coinafrique,,2026,2,2026-Q2
Terrain 2lots à Dekon,VENTE,Terrain,dekon,400000000.0,,1200.0,,333333.0,coinafrique,,2026,2,2026-Q2
Terrain 5 lots 3231m² clôturés - Tokoin,VENTE,Terrain,tokoin,400000000.0,,3000.0,,133333.0,coinafrique,,2026,2,2026-Q2
Terrain 1 lot - Amoutieve,VENTE,Terrain,amoutieve,390000000.0,,600.0,,650000.0,coinafrique,,2026,2,2026-Q2
Terrain 1 lot bord de goudron Amoutive - colomb de la paix,VENTE,Terrain,colombe de la paix,390000000.0,,600.0,,650000.0,coinafrique,,2026,2,2026-Q2
Terrain 1 lot angle rue face au goudron Amoutive,VENTE,Terrain,amoutieve,390000000.0,,600.0,,650000.0,coinafrique,,2026,2,2026-Q2
Terrain 6 lots angle rue face au pavé et 90 m du goudron Avenou,VENTE,Terrain,avenou,390000000.0,,3600.0,,108333.0,coinafrique,,2026,2,2026-Q2
Terrain 2 lot & 1/2 à Avedji,VENTE,Terrain,avedji,380000000.0,,300.0,,1266667.0,coinafrique,,2026,2,2026-Q2
Terrain 2 lots - Avédji,VENTE,Terrain,avedji,380000000.0,,1200.0,,316667.0,coinafrique,,2026,2,2026-Q2
Terrain TF à Apedokoe Zanguera.,VENTE,Terrain,apedokoe,360000000.0,,600.0,,600000.0,coinafrique,,2026,2,2026-Q2
Terrain - 326m² - Atikpodji,VENTE,Terrain,atikpodji,350000000.0,,326.0,,1073620.0,coinafrique,,2026,2,2026-Q2
Terrain 1 lot angle rue cité la Caisse,VENTE,Terrain,caisse,350000000.0,,600.0,,583333.0,coinafrique,,2026,2,2026-Q2
Terrain 4 lots - cité oua,VENTE,Terrain,cite oua,350000000.0,,2400.0,,145833.0,coinafrique,,2026,2,2026-Q2
Terrain 2 lots à agbalepedo,VENTE,Terrain,agbalepedo,350000000.0,,1200.0,,291667.0,coinafrique,,2026,2,2026-Q2
Terrain 2 lots collés à Agbalepedo,VENTE,Terrain,agbalepedo,350000000.0,,1200.0,,291667.0,coinafrique,,2026,2,2026-Q2
Terrain 2 lots collés clôturés à Agbalepedo,VENTE,Terrain,agbalepedo,350000000.0,,1200.0,,291667.0,coinafrique,,2026,2,2026-Q2
Terrain 1003m² à Akodéssewa,VENTE,Terrain,akodessewa,350000000.0,,1003.0,,348953.0,coinafrique,,2026,2,2026-Q2
Terrain 3000m2 - Tokoin,VENTE,Terrain,tokoin,350000000.0,,3000.0,,116667.0,coinafrique,,2026,2,2026-Q2
Terrain à Zone portuaire Akodessewa,VENTE,Terrain,akodessewa,350000000.0,,600.0,,583333.0,coinafrique,,2026,2,2026-Q2
Terrain 5 lots à Tokoin,VENTE,Terrain,tokoin,350000000.0,,3000.0,,116667.0,coinafrique,,2026,2,2026-Q2
Terrain 30lots - Klobateme,VENTE,Terrain,klobateme,330000000.0,,18000.0,,18333.0,coinafrique,,2026,2,2026-Q2
Terrain à Adetikopé kpotavé,VENTE,Terrain,adetikope kpotave,330000000.0,,600.0,,550000.0,coinafrique,,2026,2,2026-Q2
Terrain 5 lots angle rue face au pavé et 90 m du goudron Avenou,VENTE,Terrain,avenou,325000000.0,,3000.0,,108333.0,coinafrique,,2026,2,2026-Q2
Terrain 25 lot face à la mer Kpeme à côté du CEG,VENTE,Terrain,kpeme,312500000.0,,15000.0,,20833.0,coinafrique,,2026,2,2026-Q2
Terrain 24 lots à Kpala,VENTE,Terrain,kpala,312000000.0,,14400.0,,21667.0,coinafrique,,2026,2,2026-Q2
Terrain 4 lots collés - Cité Oua,VENTE,Terrain,cite oua,310000000.0,,2400.0,,129167.0,coinafrique,,2026,2,2026-Q2
Terrain 1 lot sur boulevard du 13 janvier,VENTE,Terrain,boulevard 13 jan,300000000.0,,600.0,,500000.0,coinafrique,,2026,2,2026-Q2
Terrain 3 lots - Agbalepedo,VENTE,Terrain,agbalepedo,300000000.0,,1800.0,,166667.0,coinafrique,,2026,2,2026-Q2
Terrain 30 lots - Noepe,VENTE,Terrain,noepe,300000000.0,,18000.0,,16667.0,coinafrique,,2026,2,2026-Q2
Terrain 3/2 lot - Agbalepedo,VENTE,Terrain,agbalepedo,300000000.0,,1200.0,,250000.0,coinafrique,,2026,2,2026-Q2
Terrain 3 lots & 1/2 ouvert sur deux voies Agbalepedo,VENTE,Terrain,agbalepedo,300000000.0,,300.0,,1000000.0,coinafrique,,2026,2,2026-Q2
Vente maison 802 m² à Tokoin Soted,VENTE,Terrain,tokoin,300000000.0,,802.0,,374065.0,coinafrique,,2026,2,2026-Q2
Terrain 8 lots à la cité Oua,VENTE,Terrain,cite oua,300000000.0,,4800.0,,62500.0,coinafrique,,2026,2,2026-Q2
Terrain 1 lot & 1/2 à Cité la Caisse),VENTE,Terrain,caisse,300000000.0,,300.0,,1000000.0,coinafrique,,2026,2,2026-Q2
Terrain 6 lots TF à Kegue Koffi panou,VENTE,Terrain,kegue koffi panou,300000000.0,,3600.0,,83333.0,coinafrique,,2026,2,2026-Q2
Terrain 3a38 ca à Dékon,VENTE,Terrain,dekon,300000000.0,,600.0,,500000.0,coinafrique,,2026,2,2026-Q2
Terrain 01 lot en ville ancien Lonato,VENTE,Terrain,lonato,300000000.0,,600.0,,500000.0,coinafrique,,2026,2,2026-Q2
Terrain - Akodésséwa,VENTE,Terrain,akodessewa,300000000.0,,600.0,,500000.0,coinafrique,,2026,2,2026-Q2
Terrain 4 lots à Attiégou derrière Togo 2000,VENTE,Terrain,attiegou,300000000.0,,2400.0,,125000.0,coinafrique,,2026,2,2026-Q2
Terrain 443m² à Assigamé,VENTE,Terrain,assigame,300000000.0,,443.0,,677201.0,coinafrique,,2026,2,2026-Q2
Terrain 10 hectares à Agbata,VENTE,Terrain,agbata,300000000.0,,100000.0,,3000.0,coinafrique,,2026,2,2026-Q2
Parcelle 1/2 lot - Déckon boulevard du 13 janvier,VENTE,Terrain,boulevard 13 jan,300000000.0,,300.0,,1000000.0,coinafrique,,2026,2,2026-Q2
Terrain à 4842m² à Agoe,VENTE,Terrain,agoe,280000000.0,,4842.0,,57827.0,coinafrique,,2026,2,2026-Q2
Terrain 8 lots à 70 m du goudron Agoe zongo,VENTE,Terrain,zongo,280000000.0,,4800.0,,58333.0,coinafrique,,2026,2,2026-Q2
Terrain presqu'un lot à Bè,VENTE,Terrain,be,280000000.0,,600.0,,466667.0,coinafrique,,2026,2,2026-Q2
Terrain 1 lot angle rue face au goudron Bé pour station d'essence,VENTE,Terrain,be,280000000.0,,600.0,,466667.0,coinafrique,,2026,2,2026-Q2
Terrain 1/2 face au boulevard Dekon,VENTE,Terrain,deckon,280000000.0,,300.0,,933333.0,coinafrique,,2026,2,2026-Q2
"Terrain 1/2 lot, soit 321m² à Dekon",VENTE,Terrain,dekon,280000000.0,,300.0,,933333.0,coinafrique,,2026,2,2026-Q2
Terrain TF à Déckon,VENTE,Terrain,deckon,280000000.0,,600.0,,466667.0,coinafrique,,2026,2,2026-Q2
Terrain 06lots - Kégue,VENTE,Terrain,kegue,276000000.0,,3600.0,,76667.0,coinafrique,,2026,2,2026-Q2
Terrain 6 lots à Kegue Koffi panou,VENTE,Terrain,kegue koffi panou,276000000.0,,3600.0,,76667.0,coinafrique,,2026,2,2026-Q2
Terrain 1¼ lot - Cité caisse,VENTE,Terrain,cite oua,275000000.0,,600.0,,458333.0,coinafrique,,2026,2,2026-Q2
Terrain 1 lot et demi à la Caisse,VENTE,Terrain,cite oua,275000000.0,,600.0,,458333.0,coinafrique,,2026,2,2026-Q2
Terrain 11lots à Adetikopé,VENTE,Terrain,adetikope,275000000.0,,6600.0,,41667.0,coinafrique,,2026,2,2026-Q2
Terrain 2 lots & 1/4 angle rue et face au goudron Kegue,VENTE,Terrain,kegue,270000000.0,,1350.0,,200000.0,coinafrique,,2026,2,2026-Q2
Terrain 2 lots 1/2 à Boulevard,VENTE,Terrain,boulevard 13 jan,270000000.0,,300.0,,900000.0,coinafrique,,2026,2,2026-Q2
Terrain 12 lots à Legbassito bokpokpo,VENTE,Terrain,legbassito bokpokpo,264000000.0,,7200.0,,36667.0,coinafrique,,2026,2,2026-Q2
Terrain 7564m² à Agoe Legbassito,VENTE,Terrain,legbassito,264000000.0,,7564.0,,34902.0,coinafrique,,2026,2,2026-Q2
Terrain 7564m² clôturés TF à Légbassito Bokpoko,VENTE,Terrain,legbassito,264000000.0,,7564.0,,34902.0,coinafrique,,2026,2,2026-Q2
Terrain 4 lots - Gbossime,VENTE,Terrain,gbonssime,260000000.0,,2400.0,,108333.0,coinafrique,,2026,2,2026-Q2
Terrain 4lots - Gbossime,VENTE,Terrain,gbonssime,260000000.0,,2400.0,,108333.0,coinafrique,,2026,2,2026-Q2
Terrain 4 lots angle rue face au pavé et 90 m du goudron Avenou,VENTE,Terrain,avenou,260000000.0,,2400.0,,108333.0,coinafrique,,2026,2,2026-Q2
Terrain 14 lot a 300 m du goudron - Adetikope à côté de l'usine voltic),VENTE,Terrain,adetikope,252000000.0,,8400.0,,30000.0,coinafrique,,2026,2,2026-Q2
Terrain 1/2 lot - Nyekonakpoe,VENTE,Terrain,nyekonakpoe,250000000.0,,300.0,,833333.0,coinafrique,,2026,2,2026-Q2
Terrain 2000m² - Agoè sogbossito,VENTE,Terrain,agoe,250000000.0,,2000.0,,125000.0,coinafrique,,2026,2,2026-Q2
Terrain 326m² à Nyekonakpoè,VENTE,Terrain,nyekonakpoe,250000000.0,,326.0,,766871.0,coinafrique,,2026,2,2026-Q2
Terrain 2000m² - Agoe sogbossito,VENTE,Terrain,sogbossito,250000000.0,,2000.0,,125000.0,coinafrique,,2026,2,2026-Q2
Terrain 3 lots et ⅓ à Agoè sogbossito,VENTE,Terrain,agoe,250000000.0,,1800.0,,138889.0,coinafrique,,2026,2,2026-Q2
Terrain 3 lots et 1/3 à 150 m du goudron et face à une voie de 50 m (agoe sogbossito),VENTE,Terrain,sogbossito,250000000.0,,2000.0,,125000.0,coinafrique,,2026,2,2026-Q2
Terrain 3 lots à Agoè Sogbossito,VENTE,Terrain,agoe,250000000.0,,1800.0,,138889.0,coinafrique,,2026,2,2026-Q2
Terrain 3 lots à Noukafou,VENTE,Terrain,nukafu,250000000.0,,1800.0,,138889.0,coinafrique,,2026,2,2026-Q2
Terrain à Sogbossito,VENTE,Terrain,sogbossito,250000000.0,,600.0,,416667.0,coinafrique,,2026,2,2026-Q2
Terrain 4 lot & 1/2 baguida Bateauvi,VENTE,Terrain,baguida,250000000.0,,300.0,,833333.0,coinafrique,,2026,2,2026-Q2
Terrain 1 lot et ¾ à Akodessewa,VENTE,Terrain,akodessewa,250000000.0,,600.0,,416667.0,coinafrique,,2026,2,2026-Q2
Terrain 3/4 de lot soit 430m² à Adoboukomé,VENTE,Terrain,adoboukome,250000000.0,,430.0,,581395.0,coinafrique,,2026,2,2026-Q2
Terrain à Akodessewa,VENTE,Terrain,akodessewa,250000000.0,,600.0,,416667.0,coinafrique,,2026,2,2026-Q2
Terrain 10ha à Avedji,VENTE,Terrain,avedji,250000000.0,,100000.0,,2500.0,coinafrique,,2026,2,2026-Q2
Terrain 947m² à Kégué,VENTE,Terrain,kegue,250000000.0,,947.0,,263992.0,coinafrique,,2026,2,2026-Q2
Terrain 1 lot et demi à Nyekonakpoè,VENTE,Terrain,nyekonakpoe,250000000.0,,600.0,,416667.0,coinafrique,,2026,2,2026-Q2
Terrain à Lomé Togo,VENTE,Terrain,lome,250000000.0,,600.0,,416667.0,coinafrique,,2026,2,2026-Q2
Terrain 3/4 lot - Agoè,VENTE,Terrain,agoe,240000000.0,,2400.0,,100000.0,coinafrique,,2026,2,2026-Q2
Terrain 3 lot face au goudron - Hedzranawoe tinga,VENTE,Terrain,hedzranawoe tinga,240000000.0,,1800.0,,133333.0,coinafrique,,2026,2,2026-Q2
Terrain 6 lots - Kegué Zogbé,VENTE,Terrain,kegue zogbe,240000000.0,,3600.0,,66667.0,coinafrique,,2026,2,2026-Q2
Terrain 2 lots au bord du goudron à Agoè,VENTE,Terrain,agoe,240000000.0,,1200.0,,200000.0,coinafrique,,2026,2,2026-Q2
Terrain 2 lots à Agoè,VENTE,Terrain,agoe,240000000.0,,1200.0,,200000.0,coinafrique,,2026,2,2026-Q2
Terrain 1/2 lot face au goudron angle rue cité Renaissance,VENTE,Terrain,cite renaissance,235000000.0,,300.0,,783333.0,coinafrique,,2026,2,2026-Q2
Terrain 2 lot ouvert sur deux voies Nyekonakpoe,VENTE,Terrain,nyekonakpoe,230000000.0,,1200.0,,191667.0,coinafrique,,2026,2,2026-Q2
Terrain 4 lots à Adetikopé au bord du goudron lomé cinkassé,VENTE,Terrain,adetikope,228000000.0,,2400.0,,95000.0,coinafrique,,2026,2,2026-Q2
Terrain TF 4 lots collés à Adeticope,VENTE,Terrain,adetikope,228000000.0,,2400.0,,95000.0,coinafrique,,2026,2,2026-Q2
Terrain 2 lots ½ angles de rues à Bè +Château,VENTE,Terrain,be,225000000.0,,1200.0,,187500.0,coinafrique,,2026,2,2026-Q2
Terrain 28lots collés - Zanguera,VENTE,Terrain,zanguera,224000000.0,,16800.0,,13333.0,coinafrique,,2026,2,2026-Q2
Terrain 16lots collés à Davié,VENTE,Terrain,davie,224000000.0,,9600.0,,23333.0,coinafrique,,2026,2,2026-Q2
Terrain 1 lot face au goudron Kodjoviakope administratif,VENTE,Terrain,kodjoviakope,220000000.0,,600.0,,366667.0,coinafrique,,2026,2,2026-Q2
Terrain 4 lots ouvert sur 2 voies Baguida à côté de la cité Boad,VENTE,Terrain,baguida,220000000.0,,2400.0,,91667.0,coinafrique,,2026,2,2026-Q2
Terrain 10lots à Adétikopé,VENTE,Terrain,adetikope,220000000.0,,6000.0,,36667.0,coinafrique,,2026,2,2026-Q2
Terrain 680 m² - Atikpodi,VENTE,Terrain,atikpodi,220000000.0,,680.0,,323529.0,coinafrique,,2026,2,2026-Q2
Terrain 2 lot 3/4 1600m² à Agoe Sogbossito,VENTE,Terrain,sogbossito,220000000.0,,1200.0,,183333.0,coinafrique,,2026,2,2026-Q2
Terrain 4 lots - Agoè,VENTE,Terrain,agoe,212500000.0,,2400.0,,88542.0,coinafrique,,2026,2,2026-Q2
Terrain 4 lot - Adetikope,VENTE,Terrain,adetikope,200000000.0,,2400.0,,83333.0,coinafrique,,2026,2,2026-Q2
Terrain 3 lots et 3/4 lot - Kégué,VENTE,Terrain,kegue,200000000.0,,1800.0,,111111.0,coinafrique,,2026,2,2026-Q2
"Terrain 3,75 lots à kégué",VENTE,Terrain,kegue,200000000.0,,45000.0,,4444.0,coinafrique,,2026,2,2026-Q2
Terrain 3 lots & 3/4 face au goudron ouvert sur 4 angle rue Togo 2000 - Kegue,VENTE,Terrain,kegue,200000000.0,,1800.0,,111111.0,coinafrique,,2026,2,2026-Q2
Terrain 4 lots 2358m² à Adeticope,VENTE,Terrain,adetikope,200000000.0,,2400.0,,83333.0,coinafrique,,2026,2,2026-Q2
Terrain 1 lot 1/4 - Casablanca,VENTE,Terrain,casablanca,200000000.0,,600.0,,333333.0,coinafrique,,2026,2,2026-Q2
Terrain 1/2 lot - Amadahomé,VENTE,Terrain,amadahome,200000000.0,,300.0,,666667.0,coinafrique,,2026,2,2026-Q2
Terrain 1lot à Novissi,VENTE,Terrain,novissi,200000000.0,,600.0,,333333.0,coinafrique,,2026,2,2026-Q2
Terrain 1 lot au goudron du boulevard Jean paul 2 à Novissi.,VENTE,Terrain,novissi,200000000.0,,600.0,,333333.0,coinafrique,,2026,2,2026-Q2
Terrain 1 lot à Novissi,VENTE,Terrain,novissi,200000000.0,,600.0,,333333.0,coinafrique,,2026,2,2026-Q2
Terrain 1 lot face au boulevard jean Paul 2 Novissi,VENTE,Terrain,novissi,200000000.0,,600.0,,333333.0,coinafrique,,2026,2,2026-Q2
Terrain 1 lot face au goudron Novissi boulevard jean Paul,VENTE,Terrain,novissi,200000000.0,,600.0,,333333.0,coinafrique,,2026,2,2026-Q2
Terrain 1 lot a Novissi,VENTE,Terrain,novissi,200000000.0,,600.0,,333333.0,coinafrique,,2026,2,2026-Q2
Terrain TF à à Adoboukomé,VENTE,Terrain,adoboukome,200000000.0,,600.0,,333333.0,coinafrique,,2026,2,2026-Q2
Terrain TF 10a 98ca au bord du goudron qui mène a l'école Française,VENTE,Terrain,nyekonakpoe,200000000.0,,100000.0,,2000.0,coinafrique,,2026,2,2026-Q2
Terrain 14 lots - Klobateme,VENTE,Terrain,klobateme,196000000.0,,8400.0,,23333.0,coinafrique,,2026,2,2026-Q2
Terrain 3 lots angle rue face au pavé et 90 m du goudron Avenou,VENTE,Terrain,avenou,195000000.0,,1800.0,,108333.0,coinafrique,,2026,2,2026-Q2
Terrain 3 lots clôturé à Attiegou,VENTE,Terrain,attiegou,195000000.0,,1800.0,,108333.0,coinafrique,,2026,2,2026-Q2
Terrain 2 lots angle rue face au goudron Djidjole apres Obu,VENTE,Terrain,djidjole,190000000.0,,1200.0,,158333.0,coinafrique,,2026,2,2026-Q2
Terrain 2 lot à Djidjolé,VENTE,Terrain,djidjole,190000000.0,,1200.0,,158333.0,coinafrique,,2026,2,2026-Q2
Terrain 2 lots à Djidjole,VENTE,Terrain,djidjole,190000000.0,,1200.0,,158333.0,coinafrique,,2026,2,2026-Q2
Terrain 1 lot à Agoè Assiyéyé,VENTE,Terrain,agoe,185000000.0,,600.0,,308333.0,coinafrique,,2026,2,2026-Q2
Terrain 10 lots collés - Agbavi,VENTE,Terrain,agbavi,180000000.0,,6000.0,,30000.0,coinafrique,,2026,2,2026-Q2
Terrain 10 lots collés de 6025 m² - Agbavi,VENTE,Terrain,agbavi,180000000.0,,6000.0,,30000.0,coinafrique,,2026,2,2026-Q2
Terrain 3/4 - Dekon,VENTE,Terrain,dekon,180000000.0,,450.0,,400000.0,coinafrique,,2026,2,2026-Q2
Terrain 2 lots - Adidogomé,VENTE,Terrain,adidogome,180000000.0,,1200.0,,150000.0,coinafrique,,2026,2,2026-Q2
Terrain 2 lot face au goudron ouvert sur deux voies - Adidogomé apedokoe,VENTE,Terrain,adidogome,180000000.0,,1200.0,,150000.0,coinafrique,,2026,2,2026-Q2
Parcelle - Agbavi,VENTE,Terrain,agbavi,180000000.0,,600.0,,300000.0,coinafrique,,2026,2,2026-Q2
Terrain 1/2 lot - Monte Cristo,VENTE,Terrain,monte cristo,180000000.0,,300.0,,600000.0,coinafrique,,2026,2,2026-Q2
Terrain 2 lots coller soit 1204m² à Agbalépedo,VENTE,Terrain,agbalepedo,180000000.0,,1200.0,,150000.0,coinafrique,,2026,2,2026-Q2
Terrain 12 lots collés Aképédo,VENTE,Terrain,akepe,180000000.0,,7200.0,,25000.0,coinafrique,,2026,2,2026-Q2
Terrain 1433m² à Bè Château,VENTE,Terrain,be,180000000.0,,1433.0,,125611.0,coinafrique,,2026,2,2026-Q2
Terrain 2 lot & 1/2 - Tokoin wuiti,VENTE,Terrain,tokoin,180000000.0,,300.0,,600000.0,coinafrique,,2026,2,2026-Q2
Terrain 2 collés soit 1000m² - Tokoin Ramco,VENTE,Terrain,tokoin,180000000.0,,1000.0,,180000.0,coinafrique,,2026,2,2026-Q2
Terrain 2 lots et ½ 14a 70 çà WITI juste en face du CEG Tokoin EST,VENTE,Terrain,tokoin,180000000.0,,1200.0,,150000.0,coinafrique,,2026,2,2026-Q2
Terrain 1 lot & 1/2 lot angle rue - Noukafu pharmacie du peuple,VENTE,Terrain,nukafu,175000000.0,,900.0,,194444.0,coinafrique,,2026,2,2026-Q2
Terrain 1/2 lot - Noukafou,VENTE,Terrain,nukafu,175000000.0,,300.0,,583333.0,coinafrique,,2026,2,2026-Q2
Terrain 5 lots - Lomé,VENTE,Terrain,lome,175000000.0,,3000.0,,58333.0,coinafrique,,2026,2,2026-Q2
"Terrain 8,75 Lots collés à Davié",VENTE,Terrain,davie,175000000.0,,45000.0,,3889.0,coinafrique,,2026,2,2026-Q2
Terrain 1/2 lot - Adidogomé,VENTE,Terrain,adidogome,170000000.0,,300.0,,566667.0,coinafrique,,2026,2,2026-Q2
Terrain 2 lots angle rue face au goudron Adidoadin,VENTE,Terrain,adidoadin,170000000.0,,1200.0,,141667.0,coinafrique,,2026,2,2026-Q2
Terrain 2 lots à Avenou Kouvahey,VENTE,Terrain,avenou,170000000.0,,1200.0,,141667.0,coinafrique,,2026,2,2026-Q2
Terrain 2 lots - Avenou kouvahey,VENTE,Terrain,avenou,170000000.0,,1200.0,,141667.0,coinafrique,,2026,2,2026-Q2
Terrain 1/2 lot clôturé - Adidogomé,VENTE,Terrain,adidogome,170000000.0,,300.0,,566667.0,coinafrique,,2026,2,2026-Q2
Terrain 2 lots - Avenou Kouvahey,VENTE,Terrain,avenou,170000000.0,,1200.0,,141667.0,coinafrique,,2026,2,2026-Q2
Terrain 2 lots - Avenou,VENTE,Terrain,avenou,170000000.0,,1200.0,,141667.0,coinafrique,,2026,2,2026-Q2
Terrain 10 lots - Akepe,VENTE,Terrain,akepe,170000000.0,,6000.0,,28333.0,coinafrique,,2026,2,2026-Q2
Terrain 1 lot & 1/2 à Adidogome Douane,VENTE,Terrain,douane,170000000.0,,300.0,,566667.0,coinafrique,,2026,2,2026-Q2
Terrain 1 lot & 1/2 à Adidogomé,VENTE,Terrain,adidogome,170000000.0,,300.0,,566667.0,coinafrique,,2026,2,2026-Q2
Terrain 2lots et demi à Avenou Kouvahey,VENTE,Terrain,avenou,170000000.0,,1200.0,,141667.0,coinafrique,,2026,2,2026-Q2
Terrain 02 lots et demi 1429m² à Avenou Kouvahey,VENTE,Terrain,avenou,170000000.0,,1200.0,,141667.0,coinafrique,,2026,2,2026-Q2
Terrain 01 lot et 1/2 de terrain clôturé à Adidogomé douane,VENTE,Terrain,adidogome,170000000.0,,300.0,,566667.0,coinafrique,,2026,2,2026-Q2
Terrain 01 lot 1/4 au bord du goudron de Segbe.,VENTE,Terrain,segbe,170000000.0,,750.0,,226667.0,coinafrique,,2026,2,2026-Q2
Terrain 1lot à Adidogome,VENTE,Terrain,adidogome,170000000.0,,600.0,,283333.0,coinafrique,,2026,2,2026-Q2
Terrain 9 lots collé à Davie,VENTE,Terrain,davie,162000000.0,,5400.0,,30000.0,coinafrique,,2026,2,2026-Q2
Parcelle 2 lots à Avedji,VENTE,Terrain,avedji,160000000.0,,600.0,,266667.0,coinafrique,,2026,2,2026-Q2
Terrain 2 lots angle rue face au goudron Totsi,VENTE,Terrain,totsi,160000000.0,,1200.0,,133333.0,coinafrique,,2026,2,2026-Q2
Terrain 10 lots - Akepe,VENTE,Terrain,akepe,160000000.0,,6000.0,,26667.0,coinafrique,,2026,2,2026-Q2
Terrain 2 lots - Togblekopé,VENTE,Terrain,togblekope,160000000.0,,1200.0,,133333.0,coinafrique,,2026,2,2026-Q2
Terrain 1 lot et 3/4 lot - Totsi,VENTE,Terrain,totsi,160000000.0,,600.0,,266667.0,coinafrique,,2026,2,2026-Q2
Terrain 2 lots collés - Tosti,VENTE,Terrain,totsi,160000000.0,,1200.0,,133333.0,coinafrique,,2026,2,2026-Q2
Terrain 2 lots - Avedji,VENTE,Terrain,avedji,160000000.0,,1200.0,,133333.0,coinafrique,,2026,2,2026-Q2
Terrain 20 lots - Tsevie Kpali,VENTE,Terrain,tsevie kpali,160000000.0,,12000.0,,13333.0,coinafrique,,2026,2,2026-Q2
Terrain 2 lots face au goudron Agoe legbassito,VENTE,Terrain,legbassito,160000000.0,,1200.0,,133333.0,coinafrique,,2026,2,2026-Q2
Terrain 1229m² à Avedji,VENTE,Terrain,avedji,160000000.0,,1229.0,,130187.0,coinafrique,,2026,2,2026-Q2
Terrain 4 lot à Baguida,VENTE,Terrain,baguida,160000000.0,,2400.0,,66667.0,coinafrique,,2026,2,2026-Q2
Terrain 8 lots à Kpalume,VENTE,Terrain,kpalime,160000000.0,,4800.0,,33333.0,coinafrique,,2026,2,2026-Q2
Terrain 798m² 4 lots Baguida l'espace aérée de la BCEAO,VENTE,Terrain,baguida,160000000.0,,798.0,,200501.0,coinafrique,,2026,2,2026-Q2
Terrain 4 lots - Sagbado,VENTE,Terrain,sagbado,160000000.0,,2400.0,,66667.0,coinafrique,,2026,2,2026-Q2
Terrain 4 lots à 700 m du goudron Adidogome Sagbado,VENTE,Terrain,sagbado,160000000.0,,2400.0,,66667.0,coinafrique,,2026,2,2026-Q2
Terrain 3/4 lot Nukafu au bord du goudron,VENTE,Terrain,nukafu,160000000.0,,2400.0,,66667.0,coinafrique,,2026,2,2026-Q2
Terrain 4 lots - entreprises d’union,VENTE,Terrain,entreprise de l'union,160000000.0,,2400.0,,66667.0,coinafrique,,2026,2,2026-Q2
Terrain 1/2m² à Adidogome,VENTE,Terrain,adidogome,160000000.0,,300.0,,533333.0,coinafrique,,2026,2,2026-Q2
Terrain 2 lots à agoè sogbossito,VENTE,Terrain,agoe,160000000.0,,1200.0,,133333.0,coinafrique,,2026,2,2026-Q2
Terrain 2 lots - Djidjole,VENTE,Terrain,djidjole,160000000.0,,1200.0,,133333.0,coinafrique,,2026,2,2026-Q2
Terrain 2 lots - Adidoadin,VENTE,Terrain,adidoadin,160000000.0,,1200.0,,133333.0,coinafrique,,2026,2,2026-Q2
Terrain 1 lot à Agoè assiyeye,VENTE,Terrain,agoe,160000000.0,,600.0,,266667.0,coinafrique,,2026,2,2026-Q2
Terrain 6 lots collés à Adetikope,VENTE,Terrain,adetikope,156000000.0,,3600.0,,43333.0,coinafrique,,2026,2,2026-Q2
Terrain 1 lot - Tokoin Wuiti,VENTE,Terrain,tokoin,150000000.0,,600.0,,250000.0,coinafrique,,2026,2,2026-Q2
Terrain 10 lots - Adetikope,VENTE,Terrain,adetikope,150000000.0,,6000.0,,25000.0,coinafrique,,2026,2,2026-Q2
Terrain 08 lots - Zone Aéroport,VENTE,Terrain,hedzranawoe aeroport,150000000.0,,4800.0,,31250.0,coinafrique,,2026,2,2026-Q2
Terrain 5 lots au bord du lac Togo,VENTE,Terrain,lac togo,150000000.0,,3000.0,,50000.0,coinafrique,,2026,2,2026-Q2
Terrain 2 lots - Adidoadin,VENTE,Terrain,adidoadin,150000000.0,,1200.0,,125000.0,coinafrique,,2026,2,2026-Q2
Terrain à Baguida,VENTE,Terrain,baguida,150000000.0,,600.0,,250000.0,coinafrique,,2026,2,2026-Q2
Terrain 1 lot à Tokoin,VENTE,Terrain,tokoin,150000000.0,,600.0,,250000.0,coinafrique,,2026,2,2026-Q2
Terrain 10 lots à Adetikope,VENTE,Terrain,adetikope,150000000.0,,6000.0,,25000.0,coinafrique,,2026,2,2026-Q2
Terrain 2 lots collés - Adidoadin,VENTE,Terrain,adidoadin,150000000.0,,1200.0,,125000.0,coinafrique,,2026,2,2026-Q2
Terrain TF 2 lots à Hedranawoé,VENTE,Terrain,hedzranawoe,150000000.0,,1200.0,,125000.0,coinafrique,,2026,2,2026-Q2
Terrain 3/4 lot - Dekon,VENTE,Terrain,dekon,150000000.0,,2400.0,,62500.0,coinafrique,,2026,2,2026-Q2
Terrain 8 lots au bord de goudron de Tokoin - aéroport,VENTE,Terrain,tokoin,150000000.0,,4800.0,,31250.0,coinafrique,,2026,2,2026-Q2
Terrain 8 lots à Noukafu,VENTE,Terrain,nukafu,150000000.0,,4800.0,,31250.0,coinafrique,,2026,2,2026-Q2
Terrain 1 lot à Tokoin wuiti,VENTE,Terrain,tokoin,150000000.0,,600.0,,250000.0,coinafrique,,2026,2,2026-Q2
Terrain 1 lot - Tokoin,VENTE,Terrain,tokoin,150000000.0,,600.0,,250000.0,coinafrique,,2026,2,2026-Q2
Terrain 1 lot - Wuiti,VENTE,Terrain,wuiti,150000000.0,,600.0,,250000.0,coinafrique,,2026,2,2026-Q2
Terrain 1 lot - Tokoin wuti,VENTE,Terrain,tokoin,150000000.0,,600.0,,250000.0,coinafrique,,2026,2,2026-Q2
Terrain 1 lot - Aéroport,VENTE,Terrain,hedzranawoe aeroport,150000000.0,,600.0,,250000.0,coinafrique,,2026,2,2026-Q2
Terrain 2 lot & 1/4 à 50 m du goudron Agbalepedo,VENTE,Terrain,agbalepedo,150000000.0,,1350.0,,111111.0,coinafrique,,2026,2,2026-Q2
Terrain 1 lot & 1/2 face au goudron Agbalepedo,VENTE,Terrain,agbalepedo,150000000.0,,300.0,,500000.0,coinafrique,,2026,2,2026-Q2
Terrain TF à Zanguera Akepedo Jérusalem,VENTE,Terrain,zanguera akepedo jerusalem,150000000.0,,600.0,,250000.0,coinafrique,,2026,2,2026-Q2
Terrain 2 lots à Agbalepedo,VENTE,Terrain,agbalepedo,150000000.0,,1200.0,,125000.0,coinafrique,,2026,2,2026-Q2
Terrain 10 lots collés Agbalépédo sotopla au bord du goudron,VENTE,Terrain,agbalepedo,150000000.0,,6000.0,,25000.0,coinafrique,,2026,2,2026-Q2
Terrain 02 lots clôturés à Baguida,VENTE,Terrain,baguida,150000000.0,,1200.0,,125000.0,coinafrique,,2026,2,2026-Q2
Terrain 02 lots à Baguida cité b0ad,VENTE,Terrain,baguida,150000000.0,,1200.0,,125000.0,coinafrique,,2026,2,2026-Q2
Terrain 1 lot & 1/4 à Baguida,VENTE,Terrain,baguida,150000000.0,,600.0,,250000.0,coinafrique,,2026,2,2026-Q2
Terrain 2 lot & 1/4 à Agbalepedo,VENTE,Terrain,agbalepedo,150000000.0,,1350.0,,111111.0,coinafrique,,2026,2,2026-Q2
Terrain 2 lots - Baguida,VENTE,Terrain,baguida,150000000.0,,1200.0,,125000.0,coinafrique,,2026,2,2026-Q2
Terrain 2 lots face au goudron Adidoadin,VENTE,Terrain,adidoadin,150000000.0,,1200.0,,125000.0,coinafrique,,2026,2,2026-Q2
Terrain 10 lot à Apessito,VENTE,Terrain,apessito,150000000.0,,6000.0,,25000.0,coinafrique,,2026,2,2026-Q2
Terrain 2 lots 1/2 collés à Agoè - assiyéyé,VENTE,Terrain,agoe,150000000.0,,300.0,,500000.0,coinafrique,,2026,2,2026-Q2
Terrain à Hanoukope,VENTE,Terrain,hanoukope,150000000.0,,600.0,,250000.0,coinafrique,,2026,2,2026-Q2
Terrain 5 lots collés au bord du lac Togo à Kpessi,VENTE,Terrain,kpessi,150000000.0,,3000.0,,50000.0,coinafrique,,2026,2,2026-Q2
Terrain à Agoe Assiyéyé,VENTE,Terrain,assiyeye,150000000.0,,600.0,,250000.0,coinafrique,,2026,2,2026-Q2
Terrains 2lots collés bien positionnés pour construire les - À kodessewa/zone portuaire,VENTE,Terrain,akodessewa,150000000.0,,1200.0,,125000.0,coinafrique,,2026,2,2026-Q2
Terrain 1 Lot et demi collés à Agbalepedo,VENTE,Terrain,agbalepedo,150000000.0,,600.0,,250000.0,coinafrique,,2026,2,2026-Q2
Terrain 2 lots à Abloganmè Kotokoukondji,VENTE,Terrain,ablogame,150000000.0,,1200.0,,125000.0,coinafrique,,2026,2,2026-Q2
Terrain 760m² à Kodjoviakopé,VENTE,Terrain,kodjoviakope,150000000.0,,760.0,,197368.0,coinafrique,,2026,2,2026-Q2
"Terrain 10 lots collés à Agoè État - Major,",VENTE,Terrain,agoe,150000000.0,,6000.0,,25000.0,coinafrique,,2026,2,2026-Q2
Terrain 2 lots à Baguida cité boad,VENTE,Terrain,baguida,150000000.0,,1200.0,,125000.0,coinafrique,,2026,2,2026-Q2
Terrain 1 hectare à Zanguéra akepedo,VENTE,Terrain,zanguera,150000000.0,,10000.0,,15000.0,coinafrique,,2026,2,2026-Q2
Terrain TF Agoè Cacavéli,VENTE,Terrain,agoe,150000000.0,,600.0,,250000.0,coinafrique,,2026,2,2026-Q2
Terrain 3 lots 1/4 1926m² à Baguida,VENTE,Terrain,baguida,150000000.0,,1950.0,,76923.0,coinafrique,,2026,2,2026-Q2
Terrain 2 lots collés clôturés - à Djidjole Batomè,VENTE,Terrain,djidjole batome,150000000.0,,1200.0,,125000.0,coinafrique,,2026,2,2026-Q2
Terrain 1ha à Zanguera,VENTE,Terrain,zanguera,150000000.0,,10000.0,,15000.0,coinafrique,,2026,2,2026-Q2
Terrain 2 lots collés clôturés Adidoadin,VENTE,Terrain,adidoadin,150000000.0,,1200.0,,125000.0,coinafrique,,2026,2,2026-Q2
Terrain à Agbalépédo,VENTE,Terrain,agbalepedo,150000000.0,,600.0,,250000.0,coinafrique,,2026,2,2026-Q2
Terrains 10 lots à Akepedo avec titre foncier,VENTE,Terrain,akepedo,150000000.0,,6000.0,,25000.0,coinafrique,,2026,2,2026-Q2
Terrain 2 lots à Adidoadin,VENTE,Terrain,adidoadin,150000000.0,,1200.0,,125000.0,coinafrique,,2026,2,2026-Q2
Terrain 2 lots à Agbalépédo,VENTE,Terrain,agbalepedo,150000000.0,,1200.0,,125000.0,coinafrique,,2026,2,2026-Q2
Terrain 10lots à Akepedo,VENTE,Terrain,akepedo,150000000.0,,6000.0,,25000.0,coinafrique,,2026,2,2026-Q2
Terrain 1200m² à Cité Boad,VENTE,Terrain,cite boad,150000000.0,,1200.0,,125000.0,coinafrique,,2026,2,2026-Q2
Terrain 2 lots colés Baguida dans la cité BOAD,VENTE,Terrain,baguida,150000000.0,,1200.0,,125000.0,coinafrique,,2026,2,2026-Q2
Terrain 3 lots 1/4 1926m² à Baguida,VENTE,Terrain,baguida,150000000.0,,1800.0,,83333.0,coinafrique,,2026,2,2026-Q2
Terrain à a Tsikplonou - Kondi,VENTE,Terrain,kondi,140000000.0,,600.0,,233333.0,coinafrique,,2026,2,2026-Q2
Terrain 2 lots à Adidogome madiba,VENTE,Terrain,madiba,140000000.0,,1200.0,,116667.0,coinafrique,,2026,2,2026-Q2
Terrain 4 lots à 70 m du goudron Agoe Zongo,VENTE,Terrain,zongo,140000000.0,,2400.0,,58333.0,coinafrique,,2026,2,2026-Q2
Terrain 2 lots à Adidogomé Madiba,VENTE,Terrain,adidogome,140000000.0,,1200.0,,116667.0,coinafrique,,2026,2,2026-Q2
Terrain 1012 m² - Grand Marché De Lomé,VENTE,Terrain,assigame,140000000.0,,1012.0,,138340.0,coinafrique,,2026,2,2026-Q2
Terrain 1 lot et 3/4 soit 1010m² à Kégué,VENTE,Terrain,kegue,140000000.0,,600.0,,233333.0,coinafrique,,2026,2,2026-Q2
Terrain 2 lots angle rue a 200 m du goudron Hedzranawoe,VENTE,Terrain,hedzranawoe,140000000.0,,1200.0,,116667.0,coinafrique,,2026,2,2026-Q2
Terrain 4 lots collés à Avepozo,VENTE,Terrain,avepozo,140000000.0,,2400.0,,58333.0,coinafrique,,2026,2,2026-Q2
Terrain 1 lot & 3/4 face au goudron Kegue,VENTE,Terrain,kegue,140000000.0,,600.0,,233333.0,coinafrique,,2026,2,2026-Q2
Terrain 2 lots avec 2 chambres salon - Kégué,VENTE,Terrain,kegue,140000000.0,2.0,1200.0,,116667.0,coinafrique,,2026,2,2026-Q2
Terrain 4 lot a 40 m du goudron Segbe douane,VENTE,Terrain,segbe,140000000.0,,2400.0,,58333.0,coinafrique,,2026,2,2026-Q2
Terrain 750m²à agoé assiyeye,VENTE,Terrain,assiyeye,140000000.0,,750.0,,186667.0,coinafrique,,2026,2,2026-Q2
"Terrain TF 1,25 lots 804m² - à Agoe Assiyeye",VENTE,Terrain,assiyeye,140000000.0,,15000.0,,9333.0,coinafrique,,2026,2,2026-Q2
Terrain lot+1/4 bien clôturés et positionné au bord du boulevard à Agoè - assiyeye,VENTE,Terrain,agoe,140000000.0,,150.0,,933333.0,coinafrique,,2026,2,2026-Q2
Terrain 91ha à Wahala,VENTE,Terrain,wahala,136500000.0,,910000.0,,150.0,coinafrique,,2026,2,2026-Q2
Terrain 600 m² - Agoè,VENTE,Terrain,agoe,135000000.0,,600.0,,225000.0,coinafrique,,2026,2,2026-Q2
Terrain 600m²au bord du goudron à Agoe Assiyeye,VENTE,Terrain,assiyeye,135000000.0,,600.0,,225000.0,coinafrique,,2026,2,2026-Q2
Terrain 27 lots - Lilikopé,VENTE,Terrain,lilikope,135000000.0,,16200.0,,8333.0,coinafrique,,2026,2,2026-Q2
Terrain TF à Tokoin Adewi,VENTE,Terrain,tokoin,135000000.0,,600.0,,225000.0,coinafrique,,2026,2,2026-Q2
Terrain 9lots collés à Djable Gbamakope,VENTE,Terrain,djagble gbamakope,135000000.0,,5400.0,,25000.0,coinafrique,,2026,2,2026-Q2
Terrain 1 lot - Tokoin doumassesse,VENTE,Terrain,tokoin,130000000.0,,600.0,,216667.0,coinafrique,,2026,2,2026-Q2
Terrain 1 lot - Adidogomee,VENTE,Terrain,adidogome,130000000.0,,600.0,,216667.0,coinafrique,,2026,2,2026-Q2
Terrain 1lot - Adéwiu,VENTE,Terrain,adewui,130000000.0,,600.0,,216667.0,coinafrique,,2026,2,2026-Q2
Terrain à Adewui,VENTE,Terrain,adewui,130000000.0,,600.0,,216667.0,coinafrique,,2026,2,2026-Q2
Terrain 1 lot - Dékon,VENTE,Terrain,dekon,130000000.0,,600.0,,216667.0,coinafrique,,2026,2,2026-Q2
Terrain 1lot - Tokoin,VENTE,Terrain,tokoin,130000000.0,,600.0,,216667.0,coinafrique,,2026,2,2026-Q2
Terrain 1 lot à Tokoin adewui,VENTE,Terrain,tokoin,130000000.0,,600.0,,216667.0,coinafrique,,2026,2,2026-Q2
Terrain cloturé à Kara,VENTE,Terrain,kara,130000000.0,,600.0,,216667.0,coinafrique,,2026,2,2026-Q2
Terrain 1 lot à Tokoin wuiti,VENTE,Terrain,tokoin,130000000.0,,600.0,,216667.0,coinafrique,,2026,2,2026-Q2
Terrain 2 lots clôturés à Hedjanawoe derrière la pharmacie BA,VENTE,Terrain,hedzranawoe,130000000.0,,1200.0,,108333.0,coinafrique,,2026,2,2026-Q2
Terrain 2 lots TF à carrefour Kpala,VENTE,Terrain,kpala,130000000.0,,1200.0,,108333.0,coinafrique,,2026,2,2026-Q2
Terrain 1 lot - Tokoin,VENTE,Terrain,tokoin,130000000.0,,600.0,,216667.0,coinafrique,,2026,2,2026-Q2
Terrain 1 lot clôturé + 3 boutiques - Adéwui,VENTE,Terrain,adewui,130000000.0,,600.0,,216667.0,coinafrique,,2026,2,2026-Q2
Terrain 2 lots - Lomé,VENTE,Terrain,lome,130000000.0,,1200.0,,108333.0,coinafrique,,2026,2,2026-Q2
Terrain à Tokoin Adewui,VENTE,Terrain,tokoin,130000000.0,,600.0,,216667.0,coinafrique,,2026,2,2026-Q2
Terrain 2 lots angle rue face au pavé et 90 m du goudron Avenou,VENTE,Terrain,avenou,130000000.0,,1200.0,,108333.0,coinafrique,,2026,2,2026-Q2
Terrain 2 lots à Hedzranawoe,VENTE,Terrain,hedzranawoe,130000000.0,,1200.0,,108333.0,coinafrique,,2026,2,2026-Q2
Terrain 1 lot 663m² à Adewui,VENTE,Terrain,adewui,130000000.0,,600.0,,216667.0,coinafrique,,2026,2,2026-Q2
Terrain 1 lot vide face au goudron Adewui 3k,VENTE,Terrain,adewui,130000000.0,,600.0,,216667.0,coinafrique,,2026,2,2026-Q2
Terrain 3/4 lot face au goudron 3K (pharmacie Kisito,VENTE,Terrain,kisito,130000000.0,,2400.0,,54167.0,coinafrique,,2026,2,2026-Q2
Terrain 2 lots collés à Adetikope,VENTE,Terrain,adetikope,130000000.0,,1200.0,,108333.0,coinafrique,,2026,2,2026-Q2
Terrain 2lots à Adjidogome Logoté,VENTE,Terrain,logote,130000000.0,,1200.0,,108333.0,coinafrique,,2026,2,2026-Q2
Terrain 2 lots clôturé Attiegou),VENTE,Terrain,attiegou,130000000.0,,1200.0,,108333.0,coinafrique,,2026,2,2026-Q2
Terrain 01 lot à Adewui,VENTE,Terrain,adewui,130000000.0,,600.0,,216667.0,coinafrique,,2026,2,2026-Q2
Terrain 2 lots Hedzranawoe école socrate,VENTE,Terrain,hedzranawoe,130000000.0,,1200.0,,108333.0,coinafrique,,2026,2,2026-Q2
Terain 1200m² - Hedranawoé,VENTE,Terrain,hedzranawoe,130000000.0,,1200.0,,108333.0,coinafrique,,2026,2,2026-Q2
Terrain 1 lot à Adetikopé,VENTE,Terrain,adetikope,130000000.0,,600.0,,216667.0,coinafrique,,2026,2,2026-Q2
Terrain 3 lots à 150 m du goudron Baguida plage,VENTE,Terrain,plage,130000000.0,,1800.0,,72222.0,coinafrique,,2026,2,2026-Q2
Terrain 8 lots colles clôturés à Kpalime,VENTE,Terrain,kpalime,130000000.0,,4800.0,,27083.0,coinafrique,,2026,2,2026-Q2
Terrain 1 lot à à Agoè Minamadou,VENTE,Terrain,agoe,130000000.0,,600.0,,216667.0,coinafrique,,2026,2,2026-Q2
Terrain 1lot àAgoé Assiyiyé,VENTE,Terrain,assiyeye,130000000.0,,600.0,,216667.0,coinafrique,,2026,2,2026-Q2
"Terrain TF 2 lot Tokoin à Bové,",VENTE,Terrain,tokoin,130000000.0,,1200.0,,108333.0,coinafrique,,2026,2,2026-Q2
Terrain 1 lot soit 600m² juste avant le feu tricolore du Grand Rond Point TOTAL Minamadou,VENTE,Terrain,minamadou,130000000.0,,600.0,,216667.0,coinafrique,,2026,2,2026-Q2
Terrain 1 lot - Agoe Assiyéyé,VENTE,Terrain,assiyeye,130000000.0,,600.0,,216667.0,coinafrique,,2026,2,2026-Q2
Terrain 3 lots à Baguida,VENTE,Terrain,baguida,130000000.0,,1800.0,,72222.0,coinafrique,,2026,2,2026-Q2
Terrain 1/ 4 de lot a dekon,VENTE,Terrain,dekon,130000000.0,,150.0,,866667.0,coinafrique,,2026,2,2026-Q2
Terrain 02 Lots collés nu Hedranaw0e,VENTE,Terrain,hedzranawoe,130000000.0,,1200.0,,108333.0,coinafrique,,2026,2,2026-Q2
Terrain 1 lot & 1/4 face au goudron Agbalepedo (carrefour bodjona,VENTE,Terrain,agbalepedo,125000000.0,,750.0,,166667.0,coinafrique,,2026,2,2026-Q2
Terrain 625m² à Ahanoukopé,VENTE,Terrain,hanoukope,120000000.0,,625.0,,192000.0,coinafrique,,2026,2,2026-Q2
Terrain 4 lots - Agoè,VENTE,Terrain,agoe,120000000.0,,2400.0,,50000.0,coinafrique,,2026,2,2026-Q2
Terrain 1/2 lot - Caisse,VENTE,Terrain,caisse,120000000.0,,300.0,,400000.0,coinafrique,,2026,2,2026-Q2
Terrain 2 lots angle rue face au goudron Adetikope zone pia,VENTE,Terrain,adetikope,120000000.0,,1200.0,,100000.0,coinafrique,,2026,2,2026-Q2
Terrain 2 lots collés avec TF au bord de goudron à Lomegan,VENTE,Terrain,lomegan,120000000.0,,1200.0,,100000.0,coinafrique,,2026,2,2026-Q2
Terrain 4 lots - Lomé,VENTE,Terrain,lome,120000000.0,,2400.0,,50000.0,coinafrique,,2026,2,2026-Q2
Terrain 2 lots TF à côté de TV2,VENTE,Terrain,tv2,120000000.0,,1200.0,,100000.0,coinafrique,,2026,2,2026-Q2
Terrain 2 lots à Agoè tv2,VENTE,Terrain,agoe,120000000.0,,1200.0,,100000.0,coinafrique,,2026,2,2026-Q2
Terrain 10 lots - Nimagnan,VENTE,Terrain,nimagnan,120000000.0,,6000.0,,20000.0,coinafrique,,2026,2,2026-Q2
Terrain 2 lots clôturé - Tokoin,VENTE,Terrain,tokoin,120000000.0,,1200.0,,100000.0,coinafrique,,2026,2,2026-Q2
Terrain 8 lots - Ségbé,VENTE,Terrain,segbe,120000000.0,,4800.0,,25000.0,coinafrique,,2026,2,2026-Q2
"Terrain 4,50 lots à Lomé Baguida - Gbogbome",VENTE,Terrain,baguida gbogbome,120000000.0,,30000.0,,4000.0,coinafrique,,2026,2,2026-Q2
Terrain 3 lots - Davié,VENTE,Terrain,davie,120000000.0,,1800.0,,66667.0,coinafrique,,2026,2,2026-Q2
Terrain 1/2 lot angle rue face au goudron cité la renaissance Caisse,VENTE,Terrain,renaissance caisse,120000000.0,,300.0,,400000.0,coinafrique,,2026,2,2026-Q2
Terrain - Cité de la Renaissance,VENTE,Terrain,cite renaissance,120000000.0,,600.0,,200000.0,coinafrique,,2026,2,2026-Q2
Terrain 4 lots - Apessito,VENTE,Terrain,apessito,120000000.0,,2400.0,,50000.0,coinafrique,,2026,2,2026-Q2
Terrain 2 lots angle - rue hedzranawoe aéroport,VENTE,Terrain,hedzranawoe aeroport,120000000.0,,1200.0,,100000.0,coinafrique,,2026,2,2026-Q2
Terrain 2 lots et demi à Agbalepedo,VENTE,Terrain,agbalepedo,120000000.0,,1200.0,,100000.0,coinafrique,,2026,2,2026-Q2
Terrain 547m² à Casablanca Lomé Kpalimé,VENTE,Terrain,casablanca,120000000.0,,547.0,,219378.0,coinafrique,,2026,2,2026-Q2
Terrain 2 lots - Agoè tv2,VENTE,Terrain,agoe,120000000.0,,1200.0,,100000.0,coinafrique,,2026,2,2026-Q2
Terrain 2 lots angle rue face au goudron Adetikope Pia,VENTE,Terrain,adetikope,120000000.0,,1200.0,,100000.0,coinafrique,,2026,2,2026-Q2
Terrain 3/4 lots à Casablaca,VENTE,Terrain,casablanca,120000000.0,,2400.0,,50000.0,coinafrique,,2026,2,2026-Q2
"Terrain 4,50 Lots collés clôturés à à Gbodjome",VENTE,Terrain,gbodjome,120000000.0,,30000.0,,4000.0,coinafrique,,2026,2,2026-Q2
Terrain 2 lots - Adetikopé,VENTE,Terrain,adetikope,120000000.0,,1200.0,,100000.0,coinafrique,,2026,2,2026-Q2
Terrain 02 lots collés á Adidogomé Madiba,VENTE,Terrain,adidogome,120000000.0,,1200.0,,100000.0,coinafrique,,2026,2,2026-Q2
Terrain 1/2 lots - Cité Oua,VENTE,Terrain,cite oua,120000000.0,,300.0,,400000.0,coinafrique,,2026,2,2026-Q2
Terrain 1/2 lot cité oua,VENTE,Terrain,cite oua,120000000.0,,300.0,,400000.0,coinafrique,,2026,2,2026-Q2
Vente terrain 355m² cité OUA,VENTE,Terrain,cite oua,120000000.0,,355.0,,338028.0,coinafrique,,2026,2,2026-Q2
Terrain 1 lot & 1/4 angle rue face au goudron Kodjoviakope,VENTE,Terrain,kodjoviakope,120000000.0,,750.0,,160000.0,coinafrique,,2026,2,2026-Q2
Terrain 355m³ clôturé Cité oua,VENTE,Terrain,cite oua,120000000.0,,600.0,,200000.0,coinafrique,,2026,2,2026-Q2
Terrain clôturé 355m² - Cité Oua,VENTE,Terrain,cite oua,120000000.0,,355.0,,338028.0,coinafrique,,2026,2,2026-Q2
Terrain 02 lots et demi à Bè arigho,VENTE,Terrain,be,120000000.0,,1200.0,,100000.0,coinafrique,,2026,2,2026-Q2
Terrain 1 lot 900m² à Adidogome sagbado,VENTE,Terrain,sagbado,120000000.0,,600.0,,200000.0,coinafrique,,2026,2,2026-Q2
Terrain 1/2 lot - Cité Oua,VENTE,Terrain,cite oua,120000000.0,,300.0,,400000.0,coinafrique,,2026,2,2026-Q2
Terrain à Tsevie,VENTE,Terrain,tsevie,120000000.0,,600.0,,200000.0,coinafrique,,2026,2,2026-Q2
Terrain 1 lot TF à Adewui,VENTE,Terrain,adewui,120000000.0,,600.0,,200000.0,coinafrique,,2026,2,2026-Q2
Terrain 4 lots Stevie à côté de la direction de togocel ou yass - togo,VENTE,Terrain,togo 2000,120000000.0,,2400.0,,50000.0,coinafrique,,2026,2,2026-Q2
Terrain ½ lot à Tokoin hôpital au bord du goudron,VENTE,Terrain,tokoin,120000000.0,,600.0,,200000.0,coinafrique,,2026,2,2026-Q2
Terrain 2 lots collés à Agoè Assiyéyé,VENTE,Terrain,agoe,120000000.0,,1200.0,,100000.0,coinafrique,,2026,2,2026-Q2
Terrain 1 lots 685 m³ - Noukafou,VENTE,Terrain,nukafu,120000000.0,,600.0,,200000.0,coinafrique,,2026,2,2026-Q2
Terrain 685 m² - Boulevard,VENTE,Terrain,boulevard 13 jan,120000000.0,,685.0,,175182.0,coinafrique,,2026,2,2026-Q2
Terrain 2 lots à Adidogomé,VENTE,Terrain,adidogome,120000000.0,,1200.0,,100000.0,coinafrique,,2026,2,2026-Q2
Terrain 4lots à Lomé Dapaong,VENTE,Terrain,dapaong,120000000.0,,2400.0,,50000.0,coinafrique,,2026,2,2026-Q2
Terrain 1 lot à noukafu,VENTE,Terrain,nukafu,120000000.0,,600.0,,200000.0,coinafrique,,2026,2,2026-Q2
Terrain 1 lot à avédji limousine,VENTE,Terrain,avedji,120000000.0,,600.0,,200000.0,coinafrique,,2026,2,2026-Q2
Terrain 7 lots à Djagblé,VENTE,Terrain,djagble,119000000.0,,4200.0,,28333.0,coinafrique,,2026,2,2026-Q2
Terrain 1 lot et 1/3 collés 800m² à Agoe Sogbossito,VENTE,Terrain,sogbossito,115000000.0,,800.0,,143750.0,coinafrique,,2026,2,2026-Q2
Terrain 1 lot et 1/3 face au goudron à Agoe Sogbossito,VENTE,Terrain,sogbossito,115000000.0,,800.0,,143750.0,coinafrique,,2026,2,2026-Q2
Terrain 1 lot + 1/3 lot - Sogbossito au bord du goudron,VENTE,Terrain,sogbossito,115000000.0,,800.0,,143750.0,coinafrique,,2026,2,2026-Q2
Terrain 1lot à Adewui,VENTE,Terrain,adewui,115000000.0,,600.0,,191667.0,coinafrique,,2026,2,2026-Q2
Terrain 2 lots angle rue à 200 m du goudron Hedzranawoe,VENTE,Terrain,hedzranawoe,114000000.0,,1200.0,,95000.0,coinafrique,,2026,2,2026-Q2
Terrain 2 lots collés - Attiégou,VENTE,Terrain,attiegou,110000000.0,,1200.0,,91667.0,coinafrique,,2026,2,2026-Q2
Terrain 4 lots - Kpoga,VENTE,Terrain,kpogan,110000000.0,,2400.0,,45833.0,coinafrique,,2026,2,2026-Q2
Terrain 2 lots collés - Kegue,VENTE,Terrain,kegue,110000000.0,,1200.0,,91667.0,coinafrique,,2026,2,2026-Q2
Terrain 2 lots collés 1200m² à Kegue,VENTE,Terrain,kegue,110000000.0,,1200.0,,91667.0,coinafrique,,2026,2,2026-Q2
Terrain 1 lot - 1/3 lot - Agoè,VENTE,Terrain,agoe,110000000.0,,800.0,,137500.0,coinafrique,,2026,2,2026-Q2
Terrain 2 lots à Lomé Attiégou,VENTE,Terrain,attiegou,110000000.0,,1200.0,,91667.0,coinafrique,,2026,2,2026-Q2
Terrain 1 lot et 3/4 à 400 m goudron Attiegôu dva,VENTE,Terrain,attiegou dva,110000000.0,,600.0,,183333.0,coinafrique,,2026,2,2026-Q2
Terrain 3 lots - Adidogomé,VENTE,Terrain,adidogome,110000000.0,,1800.0,,61111.0,coinafrique,,2026,2,2026-Q2
Terrain 12 ha 02ca - Hanoukopé,VENTE,Terrain,hanoukope,110000000.0,,120000.0,,917.0,coinafrique,,2026,2,2026-Q2
"Terrain 1 lot à Agoé assiyiyé, non loin du marché",VENTE,Terrain,assiyeye,110000000.0,,600.0,,183333.0,coinafrique,,2026,2,2026-Q2
Terrain 600m² à Sanguera,VENTE,Terrain,zanguera,110000000.0,,600.0,,183333.0,coinafrique,,2026,2,2026-Q2
Terrain 2 lots à zanguéra,VENTE,Terrain,zanguera,110000000.0,,1200.0,,91667.0,coinafrique,,2026,2,2026-Q2
"Terrain 2,5 lots angle à Légbassito Madjikpeto",VENTE,Terrain,legbassito,107500000.0,,3000.0,,35833.0,coinafrique,,2026,2,2026-Q2
Terrain 3 lots - Agoè anonkui,VENTE,Terrain,agoe,105000000.0,,1800.0,,58333.0,coinafrique,,2026,2,2026-Q2
"Terrain 2,5 lot - Legbassito",VENTE,Terrain,legbassito,105000000.0,,3000.0,,35000.0,coinafrique,,2026,2,2026-Q2
Terrain 2 lots à la Agoè Légbassito Avinato,VENTE,Terrain,agoe,105000000.0,,1200.0,,87500.0,coinafrique,,2026,2,2026-Q2
Terrain 5 lots à Djagblé klobatème,VENTE,Terrain,djagble klobateme,100000000.0,,3000.0,,33333.0,coinafrique,,2026,2,2026-Q2
Terrain 3 lots à Adetikope,VENTE,Terrain,adetikope,100000000.0,,1800.0,,55556.0,coinafrique,,2026,2,2026-Q2
Terrain 2 lots - Akato Viepe,VENTE,Terrain,akato viepe,100000000.0,,1200.0,,83333.0,coinafrique,,2026,2,2026-Q2
Terrain 1 lot - Lomé - Ahanoukopé,VENTE,Terrain,hanoukope,100000000.0,,600.0,,166667.0,coinafrique,,2026,2,2026-Q2
Terrain 1 lot - Bord du goudron côté Mocrofinance,VENTE,Terrain,boulevard 13 jan,100000000.0,,600.0,,166667.0,coinafrique,,2026,2,2026-Q2
Terrain 4 lots à Agoè assiyeye,VENTE,Terrain,agoe,100000000.0,,2400.0,,41667.0,coinafrique,,2026,2,2026-Q2
Terrain 1 lot 625m² à Ahanoukopé marché,VENTE,Terrain,hanoukope,100000000.0,,600.0,,166667.0,coinafrique,,2026,2,2026-Q2
Terrain 1 lot à Ahanoukopé marché,VENTE,Terrain,hanoukope,100000000.0,,600.0,,166667.0,coinafrique,,2026,2,2026-Q2
Terrain 1 lot à Tokoin hôpital,VENTE,Terrain,tokoin,100000000.0,,600.0,,166667.0,coinafrique,,2026,2,2026-Q2
Terrain 1 lot angle rue Tokoin hôpital,VENTE,Terrain,tokoin,100000000.0,,600.0,,166667.0,coinafrique,,2026,2,2026-Q2
Terrain 5 lots à Akato,VENTE,Terrain,akato,100000000.0,,3000.0,,33333.0,coinafrique,,2026,2,2026-Q2
Terrain 711m² à Tokoin eda oba,VENTE,Terrain,tokoin,100000000.0,,711.0,,140647.0,coinafrique,,2026,2,2026-Q2
Terrain 5 lots - Akato,VENTE,Terrain,akato,100000000.0,,3000.0,,33333.0,coinafrique,,2026,2,2026-Q2
Terrain 4 lots Agoe assiyéyé marché,VENTE,Terrain,assiyeye,100000000.0,,2400.0,,41667.0,coinafrique,,2026,2,2026-Q2
Terrain 700 m² - Lome adéwui,VENTE,Terrain,adewui,100000000.0,,700.0,,142857.0,coinafrique,,2026,2,2026-Q2
Terrain TF 4 lots collés à Segbe Klémé,VENTE,Terrain,segbe kleme,100000000.0,,2400.0,,41667.0,coinafrique,,2026,2,2026-Q2
Terrain 1 lot à Agoè carrefour la source au bord du goudron,VENTE,Terrain,agoe,100000000.0,,600.0,,166667.0,coinafrique,,2026,2,2026-Q2
Terrain 2 lots à Legbassito,VENTE,Terrain,legbassito,100000000.0,,1200.0,,83333.0,coinafrique,,2026,2,2026-Q2
Terrain 1 lot au bord des pavés Adéwi carrefour - eameau,VENTE,Terrain,eameau,100000000.0,,600.0,,166667.0,coinafrique,,2026,2,2026-Q2
Terrain 1 lot - Nukafu,VENTE,Terrain,nukafu,100000000.0,,600.0,,166667.0,coinafrique,,2026,2,2026-Q2
Terrain 1191m² à Legbassito,VENTE,Terrain,legbassito,100000000.0,,1191.0,,83963.0,coinafrique,,2026,2,2026-Q2
Terrain 1lot à Agbalepedo,VENTE,Terrain,agbalepedo,100000000.0,,600.0,,166667.0,coinafrique,,2026,2,2026-Q2
Parcelle 04 lots - 2 voies face marché agoè assiyéyé,VENTE,Terrain,agoe,100000000.0,,2400.0,,41667.0,coinafrique,,2026,2,2026-Q2
Terrain 1lot à Tokoin Cassablanca,VENTE,Terrain,tokoin,100000000.0,,600.0,,166667.0,coinafrique,,2026,2,2026-Q2
Terrain à Lomé Togo,VENTE,Terrain,lome,100000000.0,,600.0,,166667.0,coinafrique,,2026,2,2026-Q2
Terrain 02 lots collés à Legbassito,VENTE,Terrain,legbassito,100000000.0,,1200.0,,83333.0,coinafrique,,2026,2,2026-Q2
Terrain 3 lot et 1/4 collé situé à Legbassito Madjikpeto,VENTE,Terrain,legbassito madjikpeto,97000000.0,,1800.0,,53889.0,coinafrique,,2026,2,2026-Q2
Terrain 1 lot - Adidoadin,VENTE,Terrain,adidoadin,96000000.0,,600.0,,160000.0,coinafrique,,2026,2,2026-Q2
Terrain 1 lot à Adidoadin,VENTE,Terrain,adidoadin,96000000.0,,600.0,,160000.0,coinafrique,,2026,2,2026-Q2
Terrain 2 lots à Agoe Assiyeye,VENTE,Terrain,assiyeye,95000000.0,,1200.0,,79167.0,coinafrique,,2026,2,2026-Q2
Terrain 2 lots 1200m² clôturés à Agoe Assiyeyé,VENTE,Terrain,assiyeye,95000000.0,,1200.0,,79167.0,coinafrique,,2026,2,2026-Q2
Terrain 506 m² - Tokoin,VENTE,Terrain,tokoin,95000000.0,,506.0,,187747.0,coinafrique,,2026,2,2026-Q2
Terrain 2 lots collés au bord non du marché Agoè assiyeye,VENTE,Terrain,agoe,95000000.0,,1200.0,,79167.0,coinafrique,,2026,2,2026-Q2
Terrain 1 lot au bord de goudron à Avedji limoisine,VENTE,Terrain,avedji limoisine,95000000.0,,600.0,,158333.0,coinafrique,,2026,2,2026-Q2
Terrain 2 lots collés à Agoè Assiyéyé,VENTE,Terrain,agoe,95000000.0,,1200.0,,79167.0,coinafrique,,2026,2,2026-Q2
Terrain 1 lot clôturé - Agoè,VENTE,Terrain,agoe,95000000.0,,600.0,,158333.0,coinafrique,,2026,2,2026-Q2
Terrain 606m² à Agoe carrefour la source,VENTE,Terrain,agoe,95000000.0,,606.0,,156766.0,coinafrique,,2026,2,2026-Q2
Terrain 1 lot - Agbalapodo,VENTE,Terrain,agbalepedo,95000000.0,,600.0,,158333.0,coinafrique,,2026,2,2026-Q2
Terrain 1lot et 1/4 face au goudron Baguida,VENTE,Terrain,baguida,95000000.0,,750.0,,126667.0,coinafrique,,2026,2,2026-Q2
Terrain 2 lots carrefour bleu agoe assiyeye,VENTE,Terrain,assiyeye,95000000.0,,1200.0,,79167.0,coinafrique,,2026,2,2026-Q2
Terrain 1lot à à Bè,VENTE,Terrain,be,95000000.0,,600.0,,158333.0,coinafrique,,2026,2,2026-Q2
Terrain 1 lot à à Avédji Limousine,VENTE,Terrain,avedji,95000000.0,,600.0,,158333.0,coinafrique,,2026,2,2026-Q2
Terrain 1 lot à Avédji Limousine,VENTE,Terrain,avedji,95000000.0,,600.0,,158333.0,coinafrique,,2026,2,2026-Q2
Terrain 1 lot clôturé à 200 m du goudron Dekon terrain vito,VENTE,Terrain,dekon,95000000.0,,600.0,,158333.0,coinafrique,,2026,2,2026-Q2
Terrain 1lot à Nyekonakpoè,VENTE,Terrain,nyekonakpoe,95000000.0,,600.0,,158333.0,coinafrique,,2026,2,2026-Q2
Terrain 1 lot à Nyekonakpoè,VENTE,Terrain,nyekonakpoe,95000000.0,,600.0,,158333.0,coinafrique,,2026,2,2026-Q2
Terrain 1lot et demi en - Kara chaminade,VENTE,Terrain,kara chaminade,95000000.0,,600.0,,158333.0,coinafrique,,2026,2,2026-Q2
Terrain clôturé 1 lot à à Agbalepedo,VENTE,Terrain,agbalepedo,90000000.0,,600.0,,150000.0,coinafrique,,2026,2,2026-Q2
Terrain 1 lot angle rue face au pavé Be Kpota,VENTE,Terrain,be kpota,90000000.0,,600.0,,150000.0,coinafrique,,2026,2,2026-Q2
Terrain 1 lot - Adewui,VENTE,Terrain,adewui,90000000.0,,600.0,,150000.0,coinafrique,,2026,2,2026-Q2
Terrain 1 lot à Tokoin forever à 100 m de goudron,VENTE,Terrain,tokoin,90000000.0,,600.0,,150000.0,coinafrique,,2026,2,2026-Q2
Terrain 2 lots à Adidogomé Amadahomé,VENTE,Terrain,adidogome,90000000.0,,1200.0,,75000.0,coinafrique,,2026,2,2026-Q2
Terrain 2 lots - Adidogomé,VENTE,Terrain,adidogome,90000000.0,,1200.0,,75000.0,coinafrique,,2026,2,2026-Q2
Terrain 4 lots - Noepe,VENTE,Terrain,noepe,90000000.0,,2400.0,,37500.0,coinafrique,,2026,2,2026-Q2
Terrain 1/4 lot à Dekon lomé,VENTE,Terrain,dekon lome,90000000.0,,150.0,,600000.0,coinafrique,,2026,2,2026-Q2
Terrain au bord du goudron Agbalepédo,VENTE,Terrain,agbalepedo,90000000.0,,600.0,,150000.0,coinafrique,,2026,2,2026-Q2
Terrain 6 lots ouvert sur 2 angle rue Djagble Gbamakope,VENTE,Terrain,djagble gbamakope,90000000.0,,3600.0,,25000.0,coinafrique,,2026,2,2026-Q2
Terrain 6 lots - Djagblé,VENTE,Terrain,djagble,90000000.0,,3600.0,,25000.0,coinafrique,,2026,2,2026-Q2
Terrain 2 lot & 1/2 à 200 m du goudron Adidogome Amadahome,VENTE,Terrain,amadahome,90000000.0,,300.0,,300000.0,coinafrique,,2026,2,2026-Q2
Terrain 1 lot angle au bord du goudron a Togo 2000,VENTE,Terrain,togo 2000,90000000.0,,600.0,,150000.0,coinafrique,,2026,2,2026-Q2
Terrain 1 lot angle rue face au goudron Agbalepedo,VENTE,Terrain,agbalepedo,90000000.0,,600.0,,150000.0,coinafrique,,2026,2,2026-Q2
Terrain 1 lot angle rue a 20 m du goudron Agbalepedo,VENTE,Terrain,agbalepedo,90000000.0,,600.0,,150000.0,coinafrique,,2026,2,2026-Q2
Terrain 593m² - agbalepedo,VENTE,Terrain,agbalepedo,90000000.0,,593.0,,151771.0,coinafrique,,2026,2,2026-Q2
Terrain 116 m² TF à Dekon,VENTE,Terrain,dekon,90000000.0,,116.0,,775862.0,coinafrique,,2026,2,2026-Q2
Terrain 1 lot au bord du goudron Akodessewa,VENTE,Terrain,akodessewa,90000000.0,,600.0,,150000.0,coinafrique,,2026,2,2026-Q2
Terrain 50ha à Kpome Agome,VENTE,Terrain,kpome agome,90000000.0,,600.0,,150000.0,coinafrique,,2026,2,2026-Q2
Terrain 02 lots collés clôturé à Agoe fiovi,VENTE,Terrain,fiovi,90000000.0,,1200.0,,75000.0,coinafrique,,2026,2,2026-Q2
Terrain 2 lots collées - Amadahome,VENTE,Terrain,amadahome,90000000.0,,1200.0,,75000.0,coinafrique,,2026,2,2026-Q2
Parcelle 2 lots - Adidogomé,VENTE,Terrain,adidogome,90000000.0,,1200.0,,75000.0,coinafrique,,2026,2,2026-Q2
Tzrrain 2 lots - Derrière Lycée Technique Adidogomé,VENTE,Terrain,adidogome,90000000.0,,1200.0,,75000.0,coinafrique,,2026,2,2026-Q2
Terrain 2 lots - Agoè,VENTE,Terrain,agoe,90000000.0,,1200.0,,75000.0,coinafrique,,2026,2,2026-Q2
Terrain 2 lots - Agoè Nyivé,VENTE,Terrain,agoe,90000000.0,,1200.0,,75000.0,coinafrique,,2026,2,2026-Q2
Terrain 1 lot à vendre à Hedzranawoe,VENTE,Terrain,hedzranawoe,90000000.0,,600.0,,150000.0,coinafrique,,2026,2,2026-Q2
Terrain 2 lots et demi à Adidogome,VENTE,Terrain,adidogome,90000000.0,,1200.0,,75000.0,coinafrique,,2026,2,2026-Q2
Terrain 2 lots collés clôturé en angle de rue face clôture du lycée technique Adidogome,VENTE,Terrain,adidogome,90000000.0,,1200.0,,75000.0,coinafrique,,2026,2,2026-Q2
Terrain 01 lot à Hedranawoe ceet,VENTE,Terrain,hedzranawoe ceet,90000000.0,,600.0,,150000.0,coinafrique,,2026,2,2026-Q2
Terain 02 lots adidogomé amandahomé ipg,VENTE,Terrain,adidogome,90000000.0,,1200.0,,75000.0,coinafrique,,2026,2,2026-Q2
Terrain 1 lot face au goudron Togo 2000,VENTE,Terrain,togo 2000,90000000.0,,600.0,,150000.0,coinafrique,,2026,2,2026-Q2
Terrain 1 lot a 100m du goudron - hedzranawoe ceet),VENTE,Terrain,hedzranawoe ceet,90000000.0,,600.0,,150000.0,coinafrique,,2026,2,2026-Q2
Terrainà Togo 2000 au bord du goudron,VENTE,Terrain,togo 2000,90000000.0,,600.0,,150000.0,coinafrique,,2026,2,2026-Q2
Terrain 2 lots Bè château - Ablogamé,VENTE,Terrain,be,90000000.0,,1200.0,,75000.0,coinafrique,,2026,2,2026-Q2
Terrain 727m² à 43 m des pavés d'Adewui,VENTE,Terrain,adewui,90000000.0,,727.0,,123796.0,coinafrique,,2026,2,2026-Q2
Terrain 1 lot à Noukafu,VENTE,Terrain,nukafu,90000000.0,,600.0,,150000.0,coinafrique,,2026,2,2026-Q2
"Terrain TF à 02,5 lots 15a 78ca collés à Adidogomé IPG",VENTE,Terrain,adidogome,90000000.0,,3000.0,,30000.0,coinafrique,,2026,2,2026-Q2
Terrain 116 m² - Dekon,VENTE,Terrain,dekon,90000000.0,,116.0,,775862.0,coinafrique,,2026,2,2026-Q2
Terrains 2lots - Atikoumé,VENTE,Terrain,atikoume,90000000.0,,1200.0,,75000.0,coinafrique,,2026,2,2026-Q2
Terrain 1 lot 625m² - Nukafu,VENTE,Terrain,nukafu,90000000.0,,600.0,,150000.0,coinafrique,,2026,2,2026-Q2
Terrain 1 lot au bord du goudron – togo 2000,VENTE,Terrain,togo 2000,90000000.0,,600.0,,150000.0,coinafrique,,2026,2,2026-Q2
Terrain 2 lots - Atikoomé,VENTE,Terrain,atikoume,90000000.0,,1200.0,,75000.0,coinafrique,,2026,2,2026-Q2
Terrain 400m² à Tokoin,VENTE,Terrain,tokoin,90000000.0,,400.0,,225000.0,coinafrique,,2026,2,2026-Q2
Terrain 400m2 à Tokoin hôpital avec titre foncier,VENTE,Terrain,tokoin,90000000.0,,400.0,,225000.0,coinafrique,,2026,2,2026-Q2
Terrain à Tokoin Casablanca,VENTE,Terrain,tokoin,90000000.0,,600.0,,150000.0,coinafrique,,2026,2,2026-Q2
Terrain 1lot à Hedzranawoe,VENTE,Terrain,hedzranawoe,88000000.0,,600.0,,146667.0,coinafrique,,2026,2,2026-Q2
Terrain 1 lot à Hedzranawoe,VENTE,Terrain,hedzranawoe,88000000.0,,600.0,,146667.0,coinafrique,,2026,2,2026-Q2
Terrain - Legbassito,VENTE,Terrain,legbassito,87500000.0,,600.0,,145833.0,coinafrique,,2026,2,2026-Q2
Terrain 1 lot à Avedji Limousine - Adidoadin,VENTE,Terrain,adidoadin,85000000.0,,600.0,,141667.0,coinafrique,,2026,2,2026-Q2
Terrain 2 lots - Adidoadin,VENTE,Terrain,adidoadin,85000000.0,,1200.0,,70833.0,coinafrique,,2026,2,2026-Q2
Terrain 2 lots au bord de goudron Adidoadin 2 lots avec tf,VENTE,Terrain,adidoadin,85000000.0,,1200.0,,70833.0,coinafrique,,2026,2,2026-Q2
Terrain 1/2 lot - Tokoin,VENTE,Terrain,tokoin,85000000.0,,300.0,,283333.0,coinafrique,,2026,2,2026-Q2
Terrain 1 lot face au goudron Leo 2000,VENTE,Terrain,leo 2000,85000000.0,,600.0,,141667.0,coinafrique,,2026,2,2026-Q2
Terrain 1 lot - Avedji,VENTE,Terrain,avedji,85000000.0,,600.0,,141667.0,coinafrique,,2026,2,2026-Q2
Terrain 600m² Avedji - leo 2000 au bord du goudron,VENTE,Terrain,leo 2000,85000000.0,,600.0,,141667.0,coinafrique,,2026,2,2026-Q2
Terrain 1 lot à Hedzranawoe,VENTE,Terrain,hedzranawoe,85000000.0,,600.0,,141667.0,coinafrique,,2026,2,2026-Q2
Terrain 1 lot et ¼ à Baguida,VENTE,Terrain,baguida,85000000.0,,600.0,,141667.0,coinafrique,,2026,2,2026-Q2
Terrain 1lot à Tokoin Ramco,VENTE,Terrain,tokoin,85000000.0,,600.0,,141667.0,coinafrique,,2026,2,2026-Q2
Terrain 600m² à Avedji Léo 2000,VENTE,Terrain,avedji leo,85000000.0,,600.0,,141667.0,coinafrique,,2026,2,2026-Q2
Terrain 7 a - Baguida,VENTE,Terrain,baguida,85000000.0,,600.0,,141667.0,coinafrique,,2026,2,2026-Q2
Terrain 645m² à Hedranawoé,VENTE,Terrain,hedzranawoe,85000000.0,,645.0,,131783.0,coinafrique,,2026,2,2026-Q2
Terrain 1 lot clôturé à 20 m du goudron Hedzranawoe,VENTE,Terrain,hedzranawoe,85000000.0,,600.0,,141667.0,coinafrique,,2026,2,2026-Q2
Terrain 1 lot de 606 m² - Hedzranawoe,VENTE,Terrain,hedzranawoe,85000000.0,,600.0,,141667.0,coinafrique,,2026,2,2026-Q2
Terrain 2 lots collées - Casablanca,VENTE,Terrain,casablanca,85000000.0,,1200.0,,70833.0,coinafrique,,2026,2,2026-Q2
Terrain à Agoé 02 lions a 400m du goudron,VENTE,Terrain,agoe,85000000.0,,600.0,,141667.0,coinafrique,,2026,2,2026-Q2
Terrain 1/4 lot - Hôtel de l’aéroport de Lomé,VENTE,Terrain,hedzranawoe aeroport,85000000.0,,150.0,,566667.0,coinafrique,,2026,2,2026-Q2
Terrain TF à Adidogomé Madiba,VENTE,Terrain,adidogome,85000000.0,,600.0,,141667.0,coinafrique,,2026,2,2026-Q2
Terrain 1117m² à Agoe,VENTE,Terrain,agoe,85000000.0,,1117.0,,76097.0,coinafrique,,2026,2,2026-Q2
Terrain 2lots à Adidogomé,VENTE,Terrain,adidogome,85000000.0,,1200.0,,70833.0,coinafrique,,2026,2,2026-Q2
Terrain de 2 lots à Adidogome madiba,VENTE,Terrain,madiba,85000000.0,,1200.0,,70833.0,coinafrique,,2026,2,2026-Q2
Terrain 600m2 - Agoe,VENTE,Terrain,agoe,85000000.0,,600.0,,141667.0,coinafrique,,2026,2,2026-Q2
Terrain 2 lots à Tokoin,VENTE,Terrain,tokoin,85000000.0,,1200.0,,70833.0,coinafrique,,2026,2,2026-Q2
Terrain 4 lots collés à Zanguera,VENTE,Terrain,zanguera,85000000.0,,2400.0,,35417.0,coinafrique,,2026,2,2026-Q2
Terrain 1253 m² - Tokoin,VENTE,Terrain,tokoin,85000000.0,,1253.0,,67837.0,coinafrique,,2026,2,2026-Q2
Terrain 2 lots - Adidogomé,VENTE,Terrain,adidogome,85000000.0,,1200.0,,70833.0,coinafrique,,2026,2,2026-Q2
Terrain 949m² à Agbalepedo,VENTE,Terrain,agbalepedo,85000000.0,,949.0,,89568.0,coinafrique,,2026,2,2026-Q2
Terrain 725m² à Adewi,VENTE,Terrain,adewui,85000000.0,,725.0,,117241.0,coinafrique,,2026,2,2026-Q2
Terrain 1 lots à Hedranawoe,VENTE,Terrain,hedzranawoe,85000000.0,,600.0,,141667.0,coinafrique,,2026,2,2026-Q2
Terrain ¾ de lot Tokoin tresor,VENTE,Terrain,tokoin,80000000.0,,450.0,,177778.0,coinafrique,,2026,2,2026-Q2
Terrain 4 lots à Zanguéra derrière UCAO,VENTE,Terrain,zanguera,80000000.0,,2400.0,,33333.0,coinafrique,,2026,2,2026-Q2
Terrain 2 lots collés bien à Agoe téléssou léo 200,VENTE,Terrain,leo 2000,80000000.0,,1200.0,,66667.0,coinafrique,,2026,2,2026-Q2
Terrain TF Nyekonakpoe,VENTE,Terrain,nyekonakpoe,80000000.0,,600.0,,133333.0,coinafrique,,2026,2,2026-Q2
Terrain 1 lot à Djidjole,VENTE,Terrain,djidjole,80000000.0,,600.0,,133333.0,coinafrique,,2026,2,2026-Q2
Terrain 4 lots - Zanguéra,VENTE,Terrain,zanguera,80000000.0,,2400.0,,33333.0,coinafrique,,2026,2,2026-Q2
Terrain à Hédzranawoé,VENTE,Terrain,hedzranawoe,80000000.0,,600.0,,133333.0,coinafrique,,2026,2,2026-Q2
Terrain 2 lots clôturé - Agoè,VENTE,Terrain,agoe,80000000.0,,1200.0,,66667.0,coinafrique,,2026,2,2026-Q2
Terrain 1 lot - 1/4 lot à Nukafu,VENTE,Terrain,nukafu,80000000.0,,750.0,,106667.0,coinafrique,,2026,2,2026-Q2
Terrain 2044 m² - Décon,VENTE,Terrain,decon,80000000.0,,2044.0,,39139.0,coinafrique,,2026,2,2026-Q2
Terrain 1 lot angle rue Togo 2000 Attiegou,VENTE,Terrain,attiegou,80000000.0,,600.0,,133333.0,coinafrique,,2026,2,2026-Q2
Terrain 1 lot à nyekonakpoè,VENTE,Terrain,nyekonakpoe,80000000.0,,600.0,,133333.0,coinafrique,,2026,2,2026-Q2
Terrain 1lot à Adewui,VENTE,Terrain,adewui,80000000.0,,600.0,,133333.0,coinafrique,,2026,2,2026-Q2
Terrain 1 lot angle rue à 100 m du goudron Nyekonakpoe,VENTE,Terrain,nyekonakpoe,80000000.0,,600.0,,133333.0,coinafrique,,2026,2,2026-Q2
Terrain 1 lot soit 689m² angle à Nyekonakpoè,VENTE,Terrain,nyekonakpoe,80000000.0,,600.0,,133333.0,coinafrique,,2026,2,2026-Q2
Terrain 20 ha - Badza,VENTE,Terrain,badja,80000000.0,,200000.0,,400.0,coinafrique,,2026,2,2026-Q2
Terrain à Adewui,VENTE,Terrain,adewui,80000000.0,,600.0,,133333.0,coinafrique,,2026,2,2026-Q2
Terrain 2 lots - Amadahome,VENTE,Terrain,amadahome,80000000.0,,1200.0,,66667.0,coinafrique,,2026,2,2026-Q2
Terrain 4 lots - Segbé,VENTE,Terrain,segbe,80000000.0,,2400.0,,33333.0,coinafrique,,2026,2,2026-Q2
Terrain 80 lots - Adétikope,VENTE,Terrain,adetikope,80000000.0,,48000.0,,1667.0,coinafrique,,2026,2,2026-Q2
Terrain 2 lot & 3/4 Kpogan Agbetiko,VENTE,Terrain,agbetiko,80000000.0,,1200.0,,66667.0,coinafrique,,2026,2,2026-Q2
Terrain 1 lot Novissi,VENTE,Terrain,novissi,80000000.0,,600.0,,133333.0,coinafrique,,2026,2,2026-Q2
Terrain 1 lot vue sur la lagune Tokoin super taco,VENTE,Terrain,tokoin,80000000.0,,600.0,,133333.0,coinafrique,,2026,2,2026-Q2
Terrain 2 lots à Amadahomé,VENTE,Terrain,amadahome,80000000.0,,1200.0,,66667.0,coinafrique,,2026,2,2026-Q2
Terrain 4 lots collés clôturé ouvert sur 2 angles rue au bord du boulevard Lomé Klmpalimé,VENTE,Terrain,kpalime,80000000.0,,2400.0,,33333.0,coinafrique,,2026,2,2026-Q2
Terrain 4 lots collés à Zanguera Akepé,VENTE,Terrain,zanguera akepe,80000000.0,,2400.0,,33333.0,coinafrique,,2026,2,2026-Q2
Terrain 1 lot à Hedzranawoe,VENTE,Terrain,hedzranawoe,80000000.0,,600.0,,133333.0,coinafrique,,2026,2,2026-Q2
Terrain 1lot à Tokoin Casablanca,VENTE,Terrain,tokoin,80000000.0,,600.0,,133333.0,coinafrique,,2026,2,2026-Q2
Terrain 3 chambres salon à Kodjoviakope,VENTE,Terrain,kodjoviakope,80000000.0,3.0,600.0,,133333.0,coinafrique,,2026,2,2026-Q2
Terrain 1lot - Togo,VENTE,Terrain,togo 2000,80000000.0,,600.0,,133333.0,coinafrique,,2026,2,2026-Q2
Terrain à Kodjoviakope,VENTE,Terrain,kodjoviakope,80000000.0,,600.0,,133333.0,coinafrique,,2026,2,2026-Q2
Terrain avec maison - Agbalepedo,VENTE,Terrain,agbalepedo,80000000.0,,600.0,,133333.0,coinafrique,,2026,2,2026-Q2
Terrain à Hedranawoé,VENTE,Terrain,hedzranawoe,80000000.0,,600.0,,133333.0,coinafrique,,2026,2,2026-Q2
Terrain 1 lot - Adewui,VENTE,Terrain,adewui,80000000.0,,600.0,,133333.0,coinafrique,,2026,2,2026-Q2
Terrain 1 lot à Adewui,VENTE,Terrain,adewui,80000000.0,,600.0,,133333.0,coinafrique,,2026,2,2026-Q2
Terrain 1 lot - Novissi,VENTE,Terrain,novissi,80000000.0,,600.0,,133333.0,coinafrique,,2026,2,2026-Q2
Terrain 4 lot - Adétikopé,VENTE,Terrain,adetikope,80000000.0,,2400.0,,33333.0,coinafrique,,2026,2,2026-Q2
Terrain 4 lots à Adétikopé,VENTE,Terrain,adetikope,80000000.0,,2400.0,,33333.0,coinafrique,,2026,2,2026-Q2
Terrain 2 lots collés à Agoe Demakpoe,VENTE,Terrain,demakpoe,80000000.0,,1200.0,,66667.0,coinafrique,,2026,2,2026-Q2
Terrain 1lot à Togo 2000,VENTE,Terrain,togo 2000,80000000.0,,600.0,,133333.0,coinafrique,,2026,2,2026-Q2
Terrain 1 lot 1/2 à Kegue koffi panou,VENTE,Terrain,kegue koffi panou,80000000.0,,300.0,,266667.0,coinafrique,,2026,2,2026-Q2
Terrain à adetikope,VENTE,Terrain,adetikope,80000000.0,,600.0,,133333.0,coinafrique,,2026,2,2026-Q2
Terrain 1 lot avec une construction inachevée à Novissi,VENTE,Terrain,novissi,80000000.0,,600.0,,133333.0,coinafrique,,2026,2,2026-Q2
Terrain au bord du goudron à Agbalepedo,VENTE,Terrain,agbalepedo,80000000.0,,600.0,,133333.0,coinafrique,,2026,2,2026-Q2
Terrain 1/2 lot - Avedji Carrefour,VENTE,Terrain,avedji,78000000.0,,300.0,,260000.0,coinafrique,,2026,2,2026-Q2
Terrain 4 lots collés - Adidogomé,VENTE,Terrain,adidogome,76000000.0,,2400.0,,31667.0,coinafrique,,2026,2,2026-Q2
Terrain 4 lots à Adidogomé Atilamonou,VENTE,Terrain,adidogome,76000000.0,,2400.0,,31667.0,coinafrique,,2026,2,2026-Q2
Terrain - Legbassito,VENTE,Terrain,legbassito,75000000.0,,600.0,,125000.0,coinafrique,,2026,2,2026-Q2
Terrain à Djidjolé au bord du goudron,VENTE,Terrain,djidjole,75000000.0,,600.0,,125000.0,coinafrique,,2026,2,2026-Q2
Terrain TF à Agbalépédo,VENTE,Terrain,agbalepedo,75000000.0,,600.0,,125000.0,coinafrique,,2026,2,2026-Q2
Terrain 784 m² - Djidjolé,VENTE,Terrain,djidjole,75000000.0,,784.0,,95663.0,coinafrique,,2026,2,2026-Q2
Terrain 1 lot - akodessewa,VENTE,Terrain,akodessewa,75000000.0,,600.0,,125000.0,coinafrique,,2026,2,2026-Q2
Terrain 1 lot a 90 m Akodessewa,VENTE,Terrain,akodessewa,75000000.0,,600.0,,125000.0,coinafrique,,2026,2,2026-Q2
Terrain 1 lot à nukafu,VENTE,Terrain,nukafu,75000000.0,,600.0,,125000.0,coinafrique,,2026,2,2026-Q2
Terrain - Agoè,VENTE,Terrain,agoe,75000000.0,,600.0,,125000.0,coinafrique,,2026,2,2026-Q2
Terrain 1/2 lot - Amandahomé,VENTE,Terrain,amadahome,75000000.0,,300.0,,250000.0,coinafrique,,2026,2,2026-Q2
Terrain 3/4 lot à Agoe 2 Lion,VENTE,Terrain,agoe,75000000.0,,2400.0,,31250.0,coinafrique,,2026,2,2026-Q2
Terrain 1 lot Noukafu,VENTE,Terrain,nukafu,75000000.0,,600.0,,125000.0,coinafrique,,2026,2,2026-Q2
Terrain 01 lot à Noukafou,VENTE,Terrain,nukafu,75000000.0,,600.0,,125000.0,coinafrique,,2026,2,2026-Q2
Terrain 3/4 lots à Agoé 2Lions,VENTE,Terrain,agoe,75000000.0,,2400.0,,31250.0,coinafrique,,2026,2,2026-Q2
Terrain 2 lots collés à Agoé 02 lions,VENTE,Terrain,agoe,75000000.0,,1200.0,,62500.0,coinafrique,,2026,2,2026-Q2
Terrain à Nukafuun,VENTE,Terrain,nukafu,75000000.0,,600.0,,125000.0,coinafrique,,2026,2,2026-Q2
Terrain 1lot à Ablogamé,VENTE,Terrain,ablogame,75000000.0,,600.0,,125000.0,coinafrique,,2026,2,2026-Q2
Terrain 1320m² à Agbalepedo,VENTE,Terrain,agbalepedo,75000000.0,,1320.0,,56818.0,coinafrique,,2026,2,2026-Q2
Terrain 802 m² - Kégué,VENTE,Terrain,kegue,75000000.0,,802.0,,93516.0,coinafrique,,2026,2,2026-Q2
Terrain 2 lots angle rue à 400 m du goudron Agoe 2 lion,VENTE,Terrain,2 lions,75000000.0,,1200.0,,62500.0,coinafrique,,2026,2,2026-Q2
Terrain 1/2 lot à Kpalamonou,VENTE,Terrain,kpalamonou,75000000.0,,300.0,,250000.0,coinafrique,,2026,2,2026-Q2
Terrain 802m² au bord du goudron du contournement - Kegué,VENTE,Terrain,kegue,75000000.0,,802.0,,93516.0,coinafrique,,2026,2,2026-Q2
Terrain 1 lot a 100 m du goudron Kegue,VENTE,Terrain,kegue,75000000.0,,600.0,,125000.0,coinafrique,,2026,2,2026-Q2
Terrain 4 lots à Attiegou,VENTE,Terrain,attiegou,75000000.0,,2400.0,,31250.0,coinafrique,,2026,2,2026-Q2
Terrain 4 lots à Attiégou derrière Togo 2000,VENTE,Terrain,attiegou,75000000.0,,2400.0,,31250.0,coinafrique,,2026,2,2026-Q2
Terrain 1 lot - kégué,VENTE,Terrain,kegue,75000000.0,,600.0,,125000.0,coinafrique,,2026,2,2026-Q2
Terrain 1lot et ⅓ - Kégué,VENTE,Terrain,kegue,75000000.0,,600.0,,125000.0,coinafrique,,2026,2,2026-Q2
Terrain 600m2 - Novissi,VENTE,Terrain,novissi,75000000.0,,600.0,,125000.0,coinafrique,,2026,2,2026-Q2
Terrain 5 chambes - 1 salon Nukafu Houtigomé,VENTE,Terrain,nukafu,75000000.0,6.0,600.0,,125000.0,coinafrique,,2026,2,2026-Q2
Terrain à Adidogome Atigangome,VENTE,Terrain,attigangome,75000000.0,,600.0,,125000.0,coinafrique,,2026,2,2026-Q2
Terrain 1 lot à kégué,VENTE,Terrain,kegue,75000000.0,,600.0,,125000.0,coinafrique,,2026,2,2026-Q2
Terrain 1 lot à Tokoin cassablanca,VENTE,Terrain,tokoin,75000000.0,,600.0,,125000.0,coinafrique,,2026,2,2026-Q2
Terrain 1 lot - Totsi,VENTE,Terrain,totsi,75000000.0,,600.0,,125000.0,coinafrique,,2026,2,2026-Q2
Terrain 1 lot à Totsi,VENTE,Terrain,totsi,75000000.0,,600.0,,125000.0,coinafrique,,2026,2,2026-Q2
Terrain 1 lot clôturé direct - Kegue à la rn1,VENTE,Terrain,kegue,75000000.0,,600.0,,125000.0,coinafrique,,2026,2,2026-Q2
Terrain 4 lots ouvert sur 2 voies à 90 m du goudron Akepedo,VENTE,Terrain,akepedo,72000000.0,,2400.0,,30000.0,coinafrique,,2026,2,2026-Q2
Terrain 4 lots - Lomé,VENTE,Terrain,lome,72000000.0,,2400.0,,30000.0,coinafrique,,2026,2,2026-Q2
Terrain 3 lot & 3/4 - zanguera ucao,VENTE,Terrain,zanguera ucao,72000000.0,,1800.0,,40000.0,coinafrique,,2026,2,2026-Q2
Terrain 2 lots - Agoè,VENTE,Terrain,agoe,72000000.0,,1200.0,,60000.0,coinafrique,,2026,2,2026-Q2
Terrain 4 lots - Agbodrafo,VENTE,Terrain,agbodrafo,72000000.0,,2400.0,,30000.0,coinafrique,,2026,2,2026-Q2
Terrain TF 18 lots à Noèpé,VENTE,Terrain,noepe,72000000.0,,10800.0,,6667.0,coinafrique,,2026,2,2026-Q2
Terrain 2 lots - Ségbe,VENTE,Terrain,segbe,70000000.0,,1200.0,,58333.0,coinafrique,,2026,2,2026-Q2
Terrain 2 lot - Agoe telessou,VENTE,Terrain,telessou,70000000.0,,1200.0,,58333.0,coinafrique,,2026,2,2026-Q2
Terrain 1 et démi à Avepozo,VENTE,Terrain,avepozo,70000000.0,,900.0,,77778.0,coinafrique,,2026,2,2026-Q2
Terrain 1 lot 499m² à Tokoin Forever,VENTE,Terrain,tokoin,70000000.0,,600.0,,116667.0,coinafrique,,2026,2,2026-Q2
Terrain 2 lots - Segbé,VENTE,Terrain,segbe,70000000.0,,1200.0,,58333.0,coinafrique,,2026,2,2026-Q2
Terrain à Tokoin,VENTE,Terrain,tokoin,70000000.0,,600.0,,116667.0,coinafrique,,2026,2,2026-Q2
Terrain 2 lots - Segbe,VENTE,Terrain,segbe,70000000.0,,1200.0,,58333.0,coinafrique,,2026,2,2026-Q2
Terrain 2 lots & 3/4 angle rue Adidogome apedokoe,VENTE,Terrain,apedokoe,70000000.0,,1200.0,,58333.0,coinafrique,,2026,2,2026-Q2
Terrain 3/4 de lot - Tokoin,VENTE,Terrain,tokoin,70000000.0,,450.0,,155556.0,coinafrique,,2026,2,2026-Q2
Terrain 2 - 3/4 lot collés - Adidogomé,VENTE,Terrain,adidogome,70000000.0,,2400.0,,29167.0,coinafrique,,2026,2,2026-Q2
Terrain 765m² à Togo2000,VENTE,Terrain,togo 2000,70000000.0,,765.0,,91503.0,coinafrique,,2026,2,2026-Q2
Terrain 499 m² - Tokoin,VENTE,Terrain,tokoin,70000000.0,,499.0,,140281.0,coinafrique,,2026,2,2026-Q2
Terrain 1/2 lot - Amoutivé,VENTE,Terrain,amoutieve,70000000.0,,300.0,,233333.0,coinafrique,,2026,2,2026-Q2
Terrain 1/2 lot - Adidogomé,VENTE,Terrain,adidogome,70000000.0,,300.0,,233333.0,coinafrique,,2026,2,2026-Q2
Terrain 2 lots collés avec tf à Adidogome Sagbado logote à 350 M de goudron,VENTE,Terrain,sagbado logote a,70000000.0,,1200.0,,58333.0,coinafrique,,2026,2,2026-Q2
Terrain - Baguida,VENTE,Terrain,baguida,70000000.0,,600.0,,116667.0,coinafrique,,2026,2,2026-Q2
Terrain 2 lots - Baguida,VENTE,Terrain,baguida,70000000.0,,1200.0,,58333.0,coinafrique,,2026,2,2026-Q2
Terrain demi lot à Attiegou CEG,VENTE,Terrain,attiegou,70000000.0,,600.0,,116667.0,coinafrique,,2026,2,2026-Q2
Terrain 2 lots angle rue Baguida,VENTE,Terrain,baguida,70000000.0,,1200.0,,58333.0,coinafrique,,2026,2,2026-Q2
Terrain demi lot à Agoè anome,VENTE,Terrain,agoe,70000000.0,,600.0,,116667.0,coinafrique,,2026,2,2026-Q2
Terrain 1 lot à Anomé,VENTE,Terrain,anome,70000000.0,,600.0,,116667.0,coinafrique,,2026,2,2026-Q2
Terrain 4 chambres salon à Avedji wessomé,VENTE,Terrain,avedji wessome,70000000.0,4.0,600.0,,116667.0,coinafrique,,2026,2,2026-Q2
Terrain 2 lots collés - Agoè telessou,VENTE,Terrain,agoe,70000000.0,,1200.0,,58333.0,coinafrique,,2026,2,2026-Q2
Terrain 1 lot - Agbalepedo Fan Milk,VENTE,Terrain,agbalepedo,70000000.0,,600.0,,116667.0,coinafrique,,2026,2,2026-Q2
Terrain 1/2 lot face au goudron Adidogome Lapampa,VENTE,Terrain,lapampa,70000000.0,,300.0,,233333.0,coinafrique,,2026,2,2026-Q2
Terrain 1/2 lot Adidogomé lapampa au bord du goudron,VENTE,Terrain,adidogome,70000000.0,,300.0,,233333.0,coinafrique,,2026,2,2026-Q2
Terrain 1/2 lot à Dekon,VENTE,Terrain,dekon,70000000.0,,300.0,,233333.0,coinafrique,,2026,2,2026-Q2
Terrain 1/2 lot à Totsi,VENTE,Terrain,totsi,70000000.0,,300.0,,233333.0,coinafrique,,2026,2,2026-Q2
Terain 1/2 lot à Totsi,VENTE,Terrain,totsi,70000000.0,,300.0,,233333.0,coinafrique,,2026,2,2026-Q2
Terrain 1 lot à Bé à 300m de la mairie Golf 1 à côté de l'église,VENTE,Terrain,be,70000000.0,,600.0,,116667.0,coinafrique,,2026,2,2026-Q2
Terrain à Dekon,VENTE,Terrain,dekon,70000000.0,,600.0,,116667.0,coinafrique,,2026,2,2026-Q2
Terrain 1/4 lot et 52 m² à 50 m du goudron Dekon,VENTE,Terrain,dekon,70000000.0,,150.0,,466667.0,coinafrique,,2026,2,2026-Q2
Terain 765m² Togo 2000 Atiégou,VENTE,Terrain,attiegou,70000000.0,,765.0,,91503.0,coinafrique,,2026,2,2026-Q2
Terrain à Sagbovile,VENTE,Terrain,sagboville,70000000.0,,600.0,,116667.0,coinafrique,,2026,2,2026-Q2
Terrain 524m² Tokoin habitat,VENTE,Terrain,tokoin,70000000.0,,524.0,,133588.0,coinafrique,,2026,2,2026-Q2
Terrain 1 lot et 1/2 angle rue Agbalepedo,VENTE,Terrain,agbalepedo,70000000.0,,300.0,,233333.0,coinafrique,,2026,2,2026-Q2
Terrain 1 lot et 1/4 à 100 m du goudron Adidogome Sagbado,VENTE,Terrain,sagbado,70000000.0,,750.0,,93333.0,coinafrique,,2026,2,2026-Q2
Terrain TF 1 lot plein au bord du goudron en angle rue à Hedranawoé,VENTE,Terrain,hedzranawoe,70000000.0,,600.0,,116667.0,coinafrique,,2026,2,2026-Q2
Terrain 1 lot à Hedrsanawoe,VENTE,Terrain,hedzranawoe,70000000.0,,600.0,,116667.0,coinafrique,,2026,2,2026-Q2
Terrain 765m2 Lycée technique de Attiegou,VENTE,Terrain,attiegou,70000000.0,,765.0,,91503.0,coinafrique,,2026,2,2026-Q2
Terrain 1lot - Hedranawoé,VENTE,Terrain,hedzranawoe,70000000.0,,600.0,,116667.0,coinafrique,,2026,2,2026-Q2
Terrain 1lot - Hedzranawoè,VENTE,Terrain,hedzranawoe,70000000.0,,600.0,,116667.0,coinafrique,,2026,2,2026-Q2
Terrain 1 lot à Hedzranawoé,VENTE,Terrain,hedzranawoe,70000000.0,,600.0,,116667.0,coinafrique,,2026,2,2026-Q2
Terrain 1 lot TF à Hedzranawoe,VENTE,Terrain,hedzranawoe,70000000.0,,600.0,,116667.0,coinafrique,,2026,2,2026-Q2
Terrain 600 m² TF à Tokoin,VENTE,Terrain,tokoin,70000000.0,,600.0,,116667.0,coinafrique,,2026,2,2026-Q2
Terrain 1 lot à Agbalepedo,VENTE,Terrain,agbalepedo,70000000.0,,600.0,,116667.0,coinafrique,,2026,2,2026-Q2
Terrain TF à Agoe adougba,VENTE,Terrain,adjougba,70000000.0,,600.0,,116667.0,coinafrique,,2026,2,2026-Q2
Terrain 2 lots - Zossime,VENTE,Terrain,zossime,70000000.0,,1200.0,,58333.0,coinafrique,,2026,2,2026-Q2
Terrain 1 lot à Agoe demakpoe,VENTE,Terrain,demakpoe,70000000.0,,600.0,,116667.0,coinafrique,,2026,2,2026-Q2
Terrain 1518m² à Agoè Assiyéyé,VENTE,Terrain,agoe,70000000.0,,1518.0,,46113.0,coinafrique,,2026,2,2026-Q2
Terrain 1 lot et ⅓ à agbalepedo,VENTE,Terrain,agbalepedo,70000000.0,,600.0,,116667.0,coinafrique,,2026,2,2026-Q2
Terrain 1 lot à tokoin,VENTE,Terrain,tokoin,70000000.0,,600.0,,116667.0,coinafrique,,2026,2,2026-Q2
Terrain 1 lot à Agoè telessou,VENTE,Terrain,agoe,70000000.0,,600.0,,116667.0,coinafrique,,2026,2,2026-Q2
Terrain 1 lot - derrière terrain Agazza,VENTE,Terrain,gbonssime,70000000.0,,600.0,,116667.0,coinafrique,,2026,2,2026-Q2
Terrain 1 lot à Adidogome madiba,VENTE,Terrain,madiba,70000000.0,,600.0,,116667.0,coinafrique,,2026,2,2026-Q2
Terrain 1/2 lot - Lomé Dékon amoutiévé,VENTE,Terrain,dekon amoutieve,68000000.0,,300.0,,226667.0,coinafrique,,2026,2,2026-Q2
Terrain 3/4 de lot 450m² en angle de rue Tokoin Soted,VENTE,Terrain,tokoin,68000000.0,,450.0,,151111.0,coinafrique,,2026,2,2026-Q2
Parcelle 1 lot - Agoè,VENTE,Terrain,agoe,67500000.0,,600.0,,112500.0,coinafrique,,2026,2,2026-Q2
Terrain 3 lots - Adétikopé,VENTE,Terrain,adetikope,66000000.0,,1800.0,,36667.0,coinafrique,,2026,2,2026-Q2
Terrain 2 lots à Légbassito,VENTE,Terrain,legbassito,66000000.0,,1200.0,,55000.0,coinafrique,,2026,2,2026-Q2
Terrain 12 lots collés avec TF à Hedzranawoé,VENTE,Terrain,hedzranawoe,65000000.0,,7200.0,,9028.0,coinafrique,,2026,2,2026-Q2
Terrain 1 lot - Attiegou,VENTE,Terrain,attiegou,65000000.0,,600.0,,108333.0,coinafrique,,2026,2,2026-Q2
Terrain 1 lot - Avenou,VENTE,Terrain,avenou,65000000.0,,600.0,,108333.0,coinafrique,,2026,2,2026-Q2
Terrain 1 lot 510m² à Tokoin hôpital,VENTE,Terrain,tokoin,65000000.0,,600.0,,108333.0,coinafrique,,2026,2,2026-Q2
Terrain 1 lot à Togo 2000,VENTE,Terrain,togo 2000,65000000.0,,600.0,,108333.0,coinafrique,,2026,2,2026-Q2
Terrain 1 lot à Hedzranawoe,VENTE,Terrain,hedzranawoe,65000000.0,,600.0,,108333.0,coinafrique,,2026,2,2026-Q2
Terrain 1 lot à Kégué,VENTE,Terrain,kegue,65000000.0,,600.0,,108333.0,coinafrique,,2026,2,2026-Q2
Terrain TF 1 lot avec 10 chambres à Bé,VENTE,Terrain,be,65000000.0,10.0,600.0,,108333.0,coinafrique,,2026,2,2026-Q2
Terrain 1 lot - Agbalépédo,VENTE,Terrain,agbalepedo,65000000.0,,600.0,,108333.0,coinafrique,,2026,2,2026-Q2
Terrain à Agbalepédo,VENTE,Terrain,agbalepedo,65000000.0,,600.0,,108333.0,coinafrique,,2026,2,2026-Q2
Terrain 1 lot - Kegué,VENTE,Terrain,kegue,65000000.0,,600.0,,108333.0,coinafrique,,2026,2,2026-Q2
Terrain 600 m² - Agbalepedo,VENTE,Terrain,agbalepedo,65000000.0,,600.0,,108333.0,coinafrique,,2026,2,2026-Q2
Terrain 1 lot et 1/2 collés à Sogbossito non loin du camp fire,VENTE,Terrain,sogbossito,65000000.0,,300.0,,216667.0,coinafrique,,2026,2,2026-Q2
Terrain à Bé Kpota,VENTE,Terrain,be kpota,65000000.0,,600.0,,108333.0,coinafrique,,2026,2,2026-Q2
Terrain 1 lot à Djidjolé obu,VENTE,Terrain,djidjole,65000000.0,,600.0,,108333.0,coinafrique,,2026,2,2026-Q2
Terrain 600m² - Kégué,VENTE,Terrain,kegue,65000000.0,,600.0,,108333.0,coinafrique,,2026,2,2026-Q2
Terrain 1 lot 1/4 à Agoe ceg est,VENTE,Terrain,agoe,65000000.0,,750.0,,86667.0,coinafrique,,2026,2,2026-Q2
Terrain 620 m² - Nyékonkpoè,VENTE,Terrain,nyekonakpoe,65000000.0,,620.0,,104839.0,coinafrique,,2026,2,2026-Q2
Terrain 1lot à Avenou,VENTE,Terrain,avenou,65000000.0,,600.0,,108333.0,coinafrique,,2026,2,2026-Q2
Terrain 1lot à Hedzranawoe Sagboville,VENTE,Terrain,hedzranawoe sagboville,65000000.0,,600.0,,108333.0,coinafrique,,2026,2,2026-Q2
Terrain demi lot à Djidjolé,VENTE,Terrain,djidjole,65000000.0,,600.0,,108333.0,coinafrique,,2026,2,2026-Q2
Terrain à à Elavanyo,VENTE,Terrain,elavanyo,65000000.0,,600.0,,108333.0,coinafrique,,2026,2,2026-Q2
Terrain 1 lot - Avénou,VENTE,Terrain,avenou,65000000.0,,600.0,,108333.0,coinafrique,,2026,2,2026-Q2
Terrain 600m² à Attikpa Gbossimé,VENTE,Terrain,attikpa gbossime,65000000.0,,600.0,,108333.0,coinafrique,,2026,2,2026-Q2
Terrain TF à 1 lot bien clôturé à Hédzranawoé,VENTE,Terrain,hedzranawoe,65000000.0,,600.0,,108333.0,coinafrique,,2026,2,2026-Q2
Terrain 1 lot et 1/4 vide clôturé à Avenou,VENTE,Terrain,avenou,65000000.0,,750.0,,86667.0,coinafrique,,2026,2,2026-Q2
Terrain 1 lot clôturé à Attiegou,VENTE,Terrain,attiegou,65000000.0,,600.0,,108333.0,coinafrique,,2026,2,2026-Q2
Terrain 1 lot clôturé - Hedzranawoé,VENTE,Terrain,hedzranawoe,65000000.0,,600.0,,108333.0,coinafrique,,2026,2,2026-Q2
Terrain 1 lot clôturé à 50 m du goudron Nyekonakpoe,VENTE,Terrain,nyekonakpoe,65000000.0,,600.0,,108333.0,coinafrique,,2026,2,2026-Q2
Terrain 04 lots - atiégou togo 2000,VENTE,Terrain,togo 2000,65000000.0,,2400.0,,27083.0,coinafrique,,2026,2,2026-Q2
Terrain 2 lots à Sagbado logoté,VENTE,Terrain,sagbado logote,65000000.0,,1200.0,,54167.0,coinafrique,,2026,2,2026-Q2
Terrain 1 lot & 1/4 vide clôturer à 100 m du goudron Avenou,VENTE,Terrain,avenou,65000000.0,,750.0,,86667.0,coinafrique,,2026,2,2026-Q2
Terain 620m² lomé - gnekonakpoe,VENTE,Terrain,nyekonakpoe,65000000.0,,620.0,,104839.0,coinafrique,,2026,2,2026-Q2
Terrain 1 lot angle rue et vide Tokoin Ramco,VENTE,Terrain,tokoin,65000000.0,,600.0,,108333.0,coinafrique,,2026,2,2026-Q2
Terrain 3 lot a 300 m du goudron - kpessi,VENTE,Terrain,kpessi,65000000.0,,1800.0,,36111.0,coinafrique,,2026,2,2026-Q2
Terrain 1 lot - Adidogomé Apedokoe,VENTE,Terrain,adidogome,65000000.0,,600.0,,108333.0,coinafrique,,2026,2,2026-Q2
Terrain 1 lot Agoé Demakpoé,VENTE,Terrain,demakpoe,65000000.0,,600.0,,108333.0,coinafrique,,2026,2,2026-Q2
Terrain 1 lot - Adidogomé,VENTE,Terrain,adidogome,65000000.0,,600.0,,108333.0,coinafrique,,2026,2,2026-Q2
Terrain 1 lot - Colombe paix,VENTE,Terrain,colombe d la paix,65000000.0,,600.0,,108333.0,coinafrique,,2026,2,2026-Q2
Terrain 1/2 lot - Zanguéra,VENTE,Terrain,zanguera,65000000.0,,300.0,,216667.0,coinafrique,,2026,2,2026-Q2
Terrain 1lot à Kpogan,VENTE,Terrain,kpogan,65000000.0,,600.0,,108333.0,coinafrique,,2026,2,2026-Q2
Terrain 1 et 1/2 lot à Agoé Cacaveli,VENTE,Terrain,cacaveli,65000000.0,,300.0,,216667.0,coinafrique,,2026,2,2026-Q2
Terrain - Amadahomé,VENTE,Terrain,amadahome,65000000.0,,600.0,,108333.0,coinafrique,,2026,2,2026-Q2
Terrain 1/ lot - segbe,VENTE,Terrain,segbe,65000000.0,,600.0,,108333.0,coinafrique,,2026,2,2026-Q2
Terrain 1 lot à Agoè Legbassito Gnamassi,VENTE,Terrain,agoe,65000000.0,,600.0,,108333.0,coinafrique,,2026,2,2026-Q2
Terrain à Agbalépédo,VENTE,Terrain,agbalepedo,65000000.0,,600.0,,108333.0,coinafrique,,2026,2,2026-Q2
Terrain 3/4 de lot 492m² à Tokoin forever,VENTE,Terrain,tokoin,65000000.0,,492.0,,132114.0,coinafrique,,2026,2,2026-Q2
"Terrain 2,5 lots collés1555m² - Hedzranawoe",VENTE,Terrain,hedzranawoe,65000000.0,,3000.0,,21667.0,coinafrique,,2026,2,2026-Q2
Terrain à Agbalepedo,VENTE,Terrain,agbalepedo,65000000.0,,600.0,,108333.0,coinafrique,,2026,2,2026-Q2
Terrain 6 lots collés à Kégué,VENTE,Terrain,kegue,65000000.0,,3600.0,,18056.0,coinafrique,,2026,2,2026-Q2
Terrain 12 lots - Hedzranawoe,VENTE,Terrain,hedzranawoe,65000000.0,,7200.0,,9028.0,coinafrique,,2026,2,2026-Q2
Terrain 1/2 lot à Agoé Assiyéyé,VENTE,Terrain,assiyeye,65000000.0,,300.0,,216667.0,coinafrique,,2026,2,2026-Q2
Terrain 1 lot et ¾ à Amadahomé,VENTE,Terrain,amadahome,65000000.0,,600.0,,108333.0,coinafrique,,2026,2,2026-Q2
Terrain 16 lots collés clôturé Avénou,VENTE,Terrain,avenou,65000000.0,,9600.0,,6771.0,coinafrique,,2026,2,2026-Q2
Terrain 1 lot et 1/4 lot a Avenou,VENTE,Terrain,avenou,65000000.0,,600.0,,108333.0,coinafrique,,2026,2,2026-Q2
Terrain 1 lot et ⅓ à Agoè kossigan,VENTE,Terrain,agoe,65000000.0,,600.0,,108333.0,coinafrique,,2026,2,2026-Q2
Terrain 4 lots au goudron Akato base Ebomaf,VENTE,Terrain,akato,64000000.0,,2400.0,,26667.0,coinafrique,,2026,2,2026-Q2
Terrain 8 lots - Noépé,VENTE,Terrain,noepe,64000000.0,,4800.0,,13333.0,coinafrique,,2026,2,2026-Q2
Terrain 636m² à Avenou,VENTE,Terrain,avenou,63000000.0,,636.0,,99057.0,coinafrique,,2026,2,2026-Q2
Terrain 1 lot angle rue face au goudron secondaire & 110 m du goudron principal - Avenou,VENTE,Terrain,avenou,60000000.0,,600.0,,100000.0,coinafrique,,2026,2,2026-Q2
Terrain 1 lot à Kegué Kpatcha,VENTE,Terrain,kegue kpatcha,60000000.0,,600.0,,100000.0,coinafrique,,2026,2,2026-Q2
Terrain 1/2 lot - Hedranawoé,VENTE,Terrain,hedzranawoe,60000000.0,,300.0,,200000.0,coinafrique,,2026,2,2026-Q2
Terrain 2 lots - Apedokoe,VENTE,Terrain,apedokoe,60000000.0,,1200.0,,50000.0,coinafrique,,2026,2,2026-Q2
Terrain 1 lot - Hedranawoé sito aéroport,VENTE,Terrain,hedzranawoe aeroport,60000000.0,,600.0,,100000.0,coinafrique,,2026,2,2026-Q2
Terrain - Kegué,VENTE,Terrain,kegue,60000000.0,,600.0,,100000.0,coinafrique,,2026,2,2026-Q2
Terrain 1/2 lot - Agoé,VENTE,Terrain,agoe,60000000.0,,300.0,,200000.0,coinafrique,,2026,2,2026-Q2
Terrain 1 lot à Cacaveli à 250 M de RN1 avec TF,VENTE,Terrain,cacaveli,60000000.0,,600.0,,100000.0,coinafrique,,2026,2,2026-Q2
Terrain 1 lot - Agoè cacaveli,VENTE,Terrain,agoe,60000000.0,,600.0,,100000.0,coinafrique,,2026,2,2026-Q2
Terrain 1 lot à Hedzranawoe,VENTE,Terrain,hedzranawoe,60000000.0,,600.0,,100000.0,coinafrique,,2026,2,2026-Q2
Terrain 1 lot - Agoè cacavéli,VENTE,Terrain,agoe,60000000.0,,600.0,,100000.0,coinafrique,,2026,2,2026-Q2
Terrain 1 lot - Agbalepedo,VENTE,Terrain,agbalepedo,60000000.0,,600.0,,100000.0,coinafrique,,2026,2,2026-Q2
Terrain 372 m² - Hedranawoé,VENTE,Terrain,hedzranawoe,60000000.0,,372.0,,161290.0,coinafrique,,2026,2,2026-Q2
Terrain 1/2 lot au bord du goudron - Agoè assiyéyé,VENTE,Terrain,agoe,60000000.0,,300.0,,200000.0,coinafrique,,2026,2,2026-Q2
Terrain 1 lot à Hedzranawoe aéroport,VENTE,Terrain,hedzranawoe aeroport,60000000.0,,600.0,,100000.0,coinafrique,,2026,2,2026-Q2
Terrain 1 lot à Agbalépédo Lycée 2 février,VENTE,Terrain,agbalepedo,60000000.0,,600.0,,100000.0,coinafrique,,2026,2,2026-Q2
Terrain 3 lot - Agodeke,VENTE,Terrain,agodeka,60000000.0,,1800.0,,33333.0,coinafrique,,2026,2,2026-Q2
Terrain 4 lots à Apessito,VENTE,Terrain,apessito,60000000.0,,2400.0,,25000.0,coinafrique,,2026,2,2026-Q2
Terrain TF à Tokoin sebevito,VENTE,Terrain,tokoin,60000000.0,,600.0,,100000.0,coinafrique,,2026,2,2026-Q2
Terrain 2 lots - Adakpame,VENTE,Terrain,adakpame,60000000.0,,1200.0,,50000.0,coinafrique,,2026,2,2026-Q2
Terrain 1 lot à Agbalepedo,VENTE,Terrain,agbalepedo,60000000.0,,600.0,,100000.0,coinafrique,,2026,2,2026-Q2
Terrain 1 lot angle rue Hedzranawoe aéroport,VENTE,Terrain,hedzranawoe aeroport,60000000.0,,600.0,,100000.0,coinafrique,,2026,2,2026-Q2
Terain 1 lot et ⅓ à Kégué,VENTE,Terrain,kegue,60000000.0,,800.0,,75000.0,coinafrique,,2026,2,2026-Q2
Terrain 1 lot à Totsi,VENTE,Terrain,totsi,60000000.0,,600.0,,100000.0,coinafrique,,2026,2,2026-Q2
Terrain 1lot - Avenou,VENTE,Terrain,avenou,60000000.0,,600.0,,100000.0,coinafrique,,2026,2,2026-Q2
Terrain 1lot - Légbassito,VENTE,Terrain,legbassito,60000000.0,,600.0,,100000.0,coinafrique,,2026,2,2026-Q2
Parcelle - Cacaveli,VENTE,Terrain,cacaveli,60000000.0,,600.0,,100000.0,coinafrique,,2026,2,2026-Q2
Terrain 2 lots angle rue pas loin du goudron Adidogome Sagbado,VENTE,Terrain,sagbado,60000000.0,,1200.0,,50000.0,coinafrique,,2026,2,2026-Q2
Terrain 1 lot à 200 m du goudron Tokoin,VENTE,Terrain,tokoin,60000000.0,,600.0,,100000.0,coinafrique,,2026,2,2026-Q2
Terrain 2 lots à Adidogome sagbado,VENTE,Terrain,sagbado,60000000.0,,1200.0,,50000.0,coinafrique,,2026,2,2026-Q2
Terrain 1 lot à Tokoin,VENTE,Terrain,tokoin,60000000.0,,600.0,,100000.0,coinafrique,,2026,2,2026-Q2
Terrain 1 lot à Djidjolé,VENTE,Terrain,djidjole,60000000.0,,600.0,,100000.0,coinafrique,,2026,2,2026-Q2
Terrain 1 lot clôturé Tokoin hôpital,VENTE,Terrain,tokoin,60000000.0,,600.0,,100000.0,coinafrique,,2026,2,2026-Q2
Terrain 1 lot à à Djidjole,VENTE,Terrain,djidjole,60000000.0,,600.0,,100000.0,coinafrique,,2026,2,2026-Q2
Terrain - Totsi,VENTE,Terrain,totsi,60000000.0,,600.0,,100000.0,coinafrique,,2026,2,2026-Q2
Terrain 50 ha - Agbelouve,VENTE,Terrain,agbelouve,60000000.0,,600.0,,100000.0,coinafrique,,2026,2,2026-Q2
"Terrai,n 2lots à Légbassito",VENTE,Terrain,legbassito,60000000.0,,1200.0,,50000.0,coinafrique,,2026,2,2026-Q2
Terrain 1 lot à Tokoin hôpital,VENTE,Terrain,tokoin,60000000.0,,600.0,,100000.0,coinafrique,,2026,2,2026-Q2
Terrain 2 lots colleés clôturés à à Adidogomé Apedokoè,VENTE,Terrain,adidogome,60000000.0,,1200.0,,50000.0,coinafrique,,2026,2,2026-Q2
Terrain 693m² à Totsi,VENTE,Terrain,totsi,60000000.0,,693.0,,86580.0,coinafrique,,2026,2,2026-Q2
Terrain 1 lot à à Adidogome Atigangome,VENTE,Terrain,attigangome,60000000.0,,600.0,,100000.0,coinafrique,,2026,2,2026-Q2
Terrain 1 lot à totsi,VENTE,Terrain,totsi,60000000.0,,600.0,,100000.0,coinafrique,,2026,2,2026-Q2
Terrain 693m² Totsi,VENTE,Terrain,totsi,60000000.0,,693.0,,86580.0,coinafrique,,2026,2,2026-Q2
Terrain 4 lots à Zanguera Afiadenynigan,VENTE,Terrain,zanguera afiadenynigan,60000000.0,,2400.0,,25000.0,coinafrique,,2026,2,2026-Q2
Terrain à Lomé tokoin hôpital,VENTE,Terrain,tokoin,60000000.0,,600.0,,100000.0,coinafrique,,2026,2,2026-Q2
Terrain 1lot à Agbalepedo,VENTE,Terrain,agbalepedo,60000000.0,,600.0,,100000.0,coinafrique,,2026,2,2026-Q2
Terrain 1 lot + 1/4 lot - Agoè,VENTE,Terrain,agoe,60000000.0,,750.0,,80000.0,coinafrique,,2026,2,2026-Q2
Terrain 900m² à Kpala au bord du goudron du contournement,VENTE,Terrain,kpala,60000000.0,,900.0,,66667.0,coinafrique,,2026,2,2026-Q2
Terrain 1lot clôturé à Agbalepedo non loin de Somayaf,VENTE,Terrain,agbalepedo,60000000.0,,600.0,,100000.0,coinafrique,,2026,2,2026-Q2
Terrain 600 m² agbalepedo,VENTE,Terrain,agbalepedo,60000000.0,,600.0,,100000.0,coinafrique,,2026,2,2026-Q2
Terrain au bord du goudron du marché Agoe Assiyeye,VENTE,Terrain,assiyeye,60000000.0,,600.0,,100000.0,coinafrique,,2026,2,2026-Q2
Terrain1 lot à totsi,VENTE,Terrain,totsi,60000000.0,,600.0,,100000.0,coinafrique,,2026,2,2026-Q2
Terrain 01 lot à totsi,VENTE,Terrain,totsi,60000000.0,,600.0,,100000.0,coinafrique,,2026,2,2026-Q2
Terrain 2 lots 3/4 à Adidogome Apedokoe,VENTE,Terrain,apedokoe,60000000.0,,1200.0,,50000.0,coinafrique,,2026,2,2026-Q2
Terrain 606m² à Bè Kpota Nissan,VENTE,Terrain,be,60000000.0,,606.0,,99010.0,coinafrique,,2026,2,2026-Q2
Terrain à Agbalepedo non loin de Somayaf,VENTE,Terrain,agbalepedo,60000000.0,,600.0,,100000.0,coinafrique,,2026,2,2026-Q2
Terrain à Bé Kpota,VENTE,Terrain,be kpota,60000000.0,,600.0,,100000.0,coinafrique,,2026,2,2026-Q2
Terrain 2lots - Adetikope,VENTE,Terrain,adetikope,60000000.0,,1200.0,,50000.0,coinafrique,,2026,2,2026-Q2
Terrain ¾ de lot - Noukafu,VENTE,Terrain,nukafu,60000000.0,,450.0,,133333.0,coinafrique,,2026,2,2026-Q2
"Terrain 1 Lot à Agbalepedo,",VENTE,Terrain,agbalepedo,60000000.0,,600.0,,100000.0,coinafrique,,2026,2,2026-Q2
"Terrain 1 lot Agbalepedo Losso - simé non loin de somayaf,du marché et cms de cacaveli",VENTE,Terrain,agbalepedo lossossime,60000000.0,,600.0,,100000.0,coinafrique,,2026,2,2026-Q2
Terrain 1 lot Agoè réserve pas loin du goudron,VENTE,Terrain,agoe,60000000.0,,600.0,,100000.0,coinafrique,,2026,2,2026-Q2
"Terrain à Agbalepedo losso - simé non loin de Somayaf,",VENTE,Terrain,agbalepedo lossossime,60000000.0,,600.0,,100000.0,coinafrique,,2026,2,2026-Q2
Terrain 1lot à Djidjole,VENTE,Terrain,djidjole,60000000.0,,600.0,,100000.0,coinafrique,,2026,2,2026-Q2
Terrain 1lot à Apéssito,VENTE,Terrain,apessito,60000000.0,,600.0,,100000.0,coinafrique,,2026,2,2026-Q2
Terrain TF 1 lot Bè klikame,VENTE,Terrain,be,60000000.0,,600.0,,100000.0,coinafrique,,2026,2,2026-Q2
Terrain 1lot 6ha - 2Lions,VENTE,Terrain,2 lions,60000000.0,,600.0,,100000.0,coinafrique,,2026,2,2026-Q2
Terrain 1 lot à Nukafu,VENTE,Terrain,nukafu,60000000.0,,600.0,,100000.0,coinafrique,,2026,2,2026-Q2
Terrain 1lot à Klikame,VENTE,Terrain,klikame,60000000.0,,600.0,,100000.0,coinafrique,,2026,2,2026-Q2
Terrain 1 lot 606m² à Kegué Kpatcha,VENTE,Terrain,kegue kpatcha,60000000.0,,600.0,,100000.0,coinafrique,,2026,2,2026-Q2
Terrain 1 lot - Hedzranawoe,VENTE,Terrain,hedzranawoe,60000000.0,,600.0,,100000.0,coinafrique,,2026,2,2026-Q2
Terrain 4lots à Aképé,VENTE,Terrain,akepe,60000000.0,,2400.0,,25000.0,coinafrique,,2026,2,2026-Q2
Terrain 1 lot à kégué kelegougan,VENTE,Terrain,kegue,60000000.0,,600.0,,100000.0,coinafrique,,2026,2,2026-Q2
Terrain - Attiégou,VENTE,Terrain,attiegou,60000000.0,,600.0,,100000.0,coinafrique,,2026,2,2026-Q2
Terrain 1 lot à Agbalepedo,VENTE,Terrain,agbalepedo,57000000.0,,600.0,,95000.0,coinafrique,,2026,2,2026-Q2
Terrain 4 lots à Adetikope,VENTE,Terrain,adetikope,57000000.0,,2400.0,,23750.0,coinafrique,,2026,2,2026-Q2
Terrain 04 lots - adétikopé,VENTE,Terrain,adetikope,57000000.0,,2400.0,,23750.0,coinafrique,,2026,2,2026-Q2
Terrain 1 lot - Agoè,VENTE,Terrain,agoe,57000000.0,,600.0,,95000.0,coinafrique,,2026,2,2026-Q2
Terrain à Apessito,VENTE,Terrain,apessito,56000000.0,,600.0,,93333.0,coinafrique,,2026,2,2026-Q2
Terrain 600m² - Hedzranawoé,VENTE,Terrain,hedzranawoe,55000000.0,,600.0,,91667.0,coinafrique,,2026,2,2026-Q2
Terrain 2 H - Tsevie,VENTE,Terrain,tsevie,55000000.0,,20000.0,,2750.0,coinafrique,,2026,2,2026-Q2
Terrain demi lot au bord de goudron à Bè Kpota,VENTE,Terrain,be,55000000.0,,300.0,,183333.0,coinafrique,,2026,2,2026-Q2
Terrain 1 lot - Djidjolé,VENTE,Terrain,djidjole,55000000.0,,600.0,,91667.0,coinafrique,,2026,2,2026-Q2
Terrain clôturé à Adidogome,VENTE,Terrain,adidogome,55000000.0,,600.0,,91667.0,coinafrique,,2026,2,2026-Q2
Terrain 1lot - Agoé,VENTE,Terrain,agoe,55000000.0,,600.0,,91667.0,coinafrique,,2026,2,2026-Q2
Terrain 1 lot - Hedzranawoe,VENTE,Terrain,hedzranawoe,55000000.0,,600.0,,91667.0,coinafrique,,2026,2,2026-Q2
Terrain 1 lot au bord de la voie à Agoè,VENTE,Terrain,agoe,55000000.0,,600.0,,91667.0,coinafrique,,2026,2,2026-Q2
Terrain 1 lot - Agbalépédo,VENTE,Terrain,agbalepedo,55000000.0,,600.0,,91667.0,coinafrique,,2026,2,2026-Q2
Terrain 2 - 3/4 lot - collés - Adidogomé,VENTE,Terrain,adidogome,55000000.0,,2400.0,,22917.0,coinafrique,,2026,2,2026-Q2
Terrain 1 lot et demi 800m² - Attiegou derrière Fastar,VENTE,Terrain,attiegou,55000000.0,,600.0,,91667.0,coinafrique,,2026,2,2026-Q2
Terrains 300 m² - Lomé,VENTE,Terrain,lome,55000000.0,,300.0,,183333.0,coinafrique,,2026,2,2026-Q2
"Terrain 2,50 hectares à Tsevie kolonou",VENTE,Terrain,tsevie kolonou,55000000.0,,600.0,,91667.0,coinafrique,,2026,2,2026-Q2
Terrain 8 lots collés TF à Segbé,VENTE,Terrain,segbe,55000000.0,,4800.0,,11458.0,coinafrique,,2026,2,2026-Q2
Terrain 2.50m² - Tsevie,VENTE,Terrain,tsevie,55000000.0,,1200.0,,45833.0,coinafrique,,2026,2,2026-Q2
Terrain 1 lot - Hedranawoé,VENTE,Terrain,hedzranawoe,55000000.0,,600.0,,91667.0,coinafrique,,2026,2,2026-Q2
Terrain 1 lot bien clôturé à Adidogomé franscain,VENTE,Terrain,adidogome,55000000.0,,600.0,,91667.0,coinafrique,,2026,2,2026-Q2
Patcelle - Agoe Assiyeye,VENTE,Terrain,assiyeye,55000000.0,,600.0,,91667.0,coinafrique,,2026,2,2026-Q2
Terrain 3/4 de lots en angle rue clôturés - Hedranawoé derrière l'école cour primaire publique,VENTE,Terrain,hedzranawoe,55000000.0,,450.0,,122222.0,coinafrique,,2026,2,2026-Q2
Terrain 2 lots à Zanguéra,VENTE,Terrain,zanguera,55000000.0,,1200.0,,45833.0,coinafrique,,2026,2,2026-Q2
Terrain - Be kpota,VENTE,Terrain,be kpota,55000000.0,,600.0,,91667.0,coinafrique,,2026,2,2026-Q2
Terrain ¾ de lot à Hedzranawoe,VENTE,Terrain,hedzranawoe,55000000.0,,600.0,,91667.0,coinafrique,,2026,2,2026-Q2
Terrain 600m² - Grand marché de lomé,VENTE,Terrain,assigame,55000000.0,,600.0,,91667.0,coinafrique,,2026,2,2026-Q2
Terrain 1 lot - Attiegou,VENTE,Terrain,attiegou,55000000.0,,600.0,,91667.0,coinafrique,,2026,2,2026-Q2
Terrain 2 lots à Sanguéra Klikamé,VENTE,Terrain,zanguera klikame,55000000.0,,1200.0,,45833.0,coinafrique,,2026,2,2026-Q2
Terrain 500m² à Bè Gbegnedji,VENTE,Terrain,be,55000000.0,,500.0,,110000.0,coinafrique,,2026,2,2026-Q2
Terrain à Zanguera Klikamé,VENTE,Terrain,zanguera klikame,55000000.0,,600.0,,91667.0,coinafrique,,2026,2,2026-Q2
Terrain 2 lots et 1/2 clôturé Zanguera,VENTE,Terrain,zanguera,55000000.0,,300.0,,183333.0,coinafrique,,2026,2,2026-Q2
Terrain 1501m² - Zanguéra Klikamé,VENTE,Terrain,zanguera,55000000.0,,1501.0,,36642.0,coinafrique,,2026,2,2026-Q2
Terrain - Adidogomé,VENTE,Terrain,adidogome,55000000.0,,600.0,,91667.0,coinafrique,,2026,2,2026-Q2
Terrain 1 /2 lot à adidogome cité mokpokpo,VENTE,Terrain,adidogome,55000000.0,,1200.0,,45833.0,coinafrique,,2026,2,2026-Q2
Terain 529m² à Kodjoviakopé,VENTE,Terrain,kodjoviakope,55000000.0,,529.0,,103970.0,coinafrique,,2026,2,2026-Q2
Terrain 1 lot 1/2 à Adidogome derrière la cité Mokpokpo,VENTE,Terrain,adidogome,55000000.0,,300.0,,183333.0,coinafrique,,2026,2,2026-Q2
Terrain à Adidogomé,VENTE,Terrain,adidogome,55000000.0,,600.0,,91667.0,coinafrique,,2026,2,2026-Q2
Terrain stratégique bien carré a tokoin lycée a 100 m du goudron,VENTE,Terrain,tokoin,55000000.0,,1500.0,,36667.0,coinafrique,,2026,2,2026-Q2
Terrain - Tokoin,VENTE,Terrain,tokoin,55000000.0,,600.0,,91667.0,coinafrique,,2026,2,2026-Q2
Terrain demi lot à Adidogome douane,VENTE,Terrain,douane,55000000.0,,600.0,,91667.0,coinafrique,,2026,2,2026-Q2
Terrain 1/2 lot clôturé face au goudron Adidogome douane,VENTE,Terrain,douane,55000000.0,,300.0,,183333.0,coinafrique,,2026,2,2026-Q2
Terrain 1/2 lot Adidogomé douane au bord su goudron,VENTE,Terrain,adidogome,55000000.0,,300.0,,183333.0,coinafrique,,2026,2,2026-Q2
Terrain 1 lot à Agoè cacaveli,VENTE,Terrain,agoe,55000000.0,,600.0,,91667.0,coinafrique,,2026,2,2026-Q2
Terrain 1 lot à Agbalepedo,VENTE,Terrain,agbalepedo,55000000.0,,600.0,,91667.0,coinafrique,,2026,2,2026-Q2
Terrain 8 lots collés au bord du goudron Segbe,VENTE,Terrain,segbe,55000000.0,,4800.0,,11458.0,coinafrique,,2026,2,2026-Q2
Terrains 8lots collès - Togo,VENTE,Terrain,togo 2000,55000000.0,,4800.0,,11458.0,coinafrique,,2026,2,2026-Q2
Terrain 1/2 lot - Adidogomé,VENTE,Terrain,adidogome,55000000.0,,300.0,,183333.0,coinafrique,,2026,2,2026-Q2
Terrain 1lot - Adidogome,VENTE,Terrain,adidogome,55000000.0,,600.0,,91667.0,coinafrique,,2026,2,2026-Q2
Terrain 1lot à Agbalepedo,VENTE,Terrain,agbalepedo,55000000.0,,600.0,,91667.0,coinafrique,,2026,2,2026-Q2
Terrain 3 lots et quart soit 2000m² ouvert à Agoe,VENTE,Terrain,agoe,55000000.0,,1800.0,,30556.0,coinafrique,,2026,2,2026-Q2
Terrain à Totsi,VENTE,Terrain,totsi,55000000.0,,600.0,,91667.0,coinafrique,,2026,2,2026-Q2
Terrain 1 lot et ¼ à totsi,VENTE,Terrain,totsi,55000000.0,,600.0,,91667.0,coinafrique,,2026,2,2026-Q2
Terrain 706m² à Avenou,VENTE,Terrain,avenou,55000000.0,,706.0,,77904.0,coinafrique,,2026,2,2026-Q2
Terrain 1lot à Adidogome,VENTE,Terrain,adidogome,55000000.0,,600.0,,91667.0,coinafrique,,2026,2,2026-Q2
Terrain 1 lot et ¼ à agoè atchanve,VENTE,Terrain,agoe,55000000.0,,600.0,,91667.0,coinafrique,,2026,2,2026-Q2
Terrain demi lot à Avepozo,VENTE,Terrain,avepozo,55000000.0,,600.0,,91667.0,coinafrique,,2026,2,2026-Q2
Terrain 2 lots - kagnikope,VENTE,Terrain,kagnikope,55000000.0,,1200.0,,45833.0,coinafrique,,2026,2,2026-Q2
Terrain 1 lot à Avedji Limousine,VENTE,Terrain,avedji limousine,55000000.0,,600.0,,91667.0,coinafrique,,2026,2,2026-Q2
"Terrain 3,5 lots à Agoè anokui",VENTE,Terrain,agoe,55000000.0,,3000.0,,18333.0,coinafrique,,2026,2,2026-Q2
Terrain 3 lots 2000m² à Agoea,VENTE,Terrain,agoe,55000000.0,,1800.0,,30556.0,coinafrique,,2026,2,2026-Q2
Terrain 3 lots à Agoe,VENTE,Terrain,agoe,55000000.0,,1800.0,,30556.0,coinafrique,,2026,2,2026-Q2
Terrain 1 lot - Bè,VENTE,Terrain,be,55000000.0,,600.0,,91667.0,coinafrique,,2026,2,2026-Q2
Terrain 3 lot - zanguera ucao,VENTE,Terrain,zanguera ucao,54000000.0,,1800.0,,30000.0,coinafrique,,2026,2,2026-Q2
Terrain 3 lots angle rue à 200 m du goudron Segbe Akato,VENTE,Terrain,akato,54000000.0,,1800.0,,30000.0,coinafrique,,2026,2,2026-Q2
Terrain à Attiégou,VENTE,Terrain,attiegou,54000000.0,,600.0,,90000.0,coinafrique,,2026,2,2026-Q2
Terrain 4 lots à Apéssito Avenyakè,VENTE,Terrain,apessito avenyake,52000000.0,,2400.0,,21667.0,coinafrique,,2026,2,2026-Q2
Terrain 600m² - Bè klikamé,VENTE,Terrain,be,52000000.0,,600.0,,86667.0,coinafrique,,2026,2,2026-Q2
Terrain 600m² à Klikame,VENTE,Terrain,klikame,52000000.0,,600.0,,86667.0,coinafrique,,2026,2,2026-Q2
Terrain 1lot - Agoè koffi panou,VENTE,Terrain,agoe,52000000.0,,600.0,,86667.0,coinafrique,,2026,2,2026-Q2
Terrain 4 Lots collés - kpala - mission Tové en allant vers Tové,VENTE,Terrain,mission tove,52000000.0,,2400.0,,21667.0,coinafrique,,2026,2,2026-Q2
Terrain 4 lots - Kpala,VENTE,Terrain,kpala,52000000.0,,2400.0,,21667.0,coinafrique,,2026,2,2026-Q2
Terrain 701 m² - Agoè,VENTE,Terrain,agoe,52000000.0,,701.0,,74180.0,coinafrique,,2026,2,2026-Q2
Terrain 6 lot clôturer - Davie lycée de davie,VENTE,Terrain,davie,51000000.0,,3600.0,,14167.0,coinafrique,,2026,2,2026-Q2
Terrain 1 lot à 100 m du goudron Adidoadin,VENTE,Terrain,adidoadin,50000000.0,,600.0,,83333.0,coinafrique,,2026,2,2026-Q2
Terrain demi lot Boulevard de la République Kodjoviakopé,VENTE,Terrain,kodjoviakope,50000000.0,,600.0,,83333.0,coinafrique,,2026,2,2026-Q2
Terrain 2 lots à Akato viepe,VENTE,Terrain,akato viepe,50000000.0,,1200.0,,41667.0,coinafrique,,2026,2,2026-Q2
Terrain 4 lots à Adetikope,VENTE,Terrain,adetikope,50000000.0,,2400.0,,20833.0,coinafrique,,2026,2,2026-Q2
Terrain 2 lots clôturé Zossimé - Nanégbé,VENTE,Terrain,nanegbe,50000000.0,,1200.0,,41667.0,coinafrique,,2026,2,2026-Q2
Terrain 1 lot à Nukafu avec titre foncier,VENTE,Terrain,nukafu,50000000.0,,600.0,,83333.0,coinafrique,,2026,2,2026-Q2
Terrain 2 lots collés - Segbe,VENTE,Terrain,segbe,50000000.0,,1200.0,,41667.0,coinafrique,,2026,2,2026-Q2
Terrain 2 lots collés - Zossimé,VENTE,Terrain,zossime,50000000.0,,1200.0,,41667.0,coinafrique,,2026,2,2026-Q2
Terrain 1 lot - Derrière Etrab,VENTE,Terrain,drriere etrab,50000000.0,,600.0,,83333.0,coinafrique,,2026,2,2026-Q2
Terrain 2 lots - Adidogome,VENTE,Terrain,adidogome,50000000.0,,1200.0,,41667.0,coinafrique,,2026,2,2026-Q2
Terrain 04 lots - Adetikopé face goudron,VENTE,Terrain,adetikope,50000000.0,,2400.0,,20833.0,coinafrique,,2026,2,2026-Q2
Tzrrain 1 lot à Agbanlepedo lossossime,VENTE,Terrain,agbalepedo lossossime,50000000.0,,600.0,,83333.0,coinafrique,,2026,2,2026-Q2
Terrain 594m² à Adidogomé,VENTE,Terrain,adidogome,50000000.0,,594.0,,84175.0,coinafrique,,2026,2,2026-Q2
Terrain 1 lot à Agoè logope koshigan derrière l'église catholique,VENTE,Terrain,agoe,50000000.0,,600.0,,83333.0,coinafrique,,2026,2,2026-Q2
Terrain 500m²,VENTE,Terrain,agoe,50000000.0,,500.0,,100000.0,coinafrique,,2026,2,2026-Q2
Terrain 2 lots angle rue Segbe,VENTE,Terrain,segbe,50000000.0,,1200.0,,41667.0,coinafrique,,2026,2,2026-Q2
Terrain 2 lots - Adidogomé,VENTE,Terrain,adidogome,50000000.0,,1200.0,,41667.0,coinafrique,,2026,2,2026-Q2
Terrain 1 lot et 3/4 à 100 m du goudron Adetikope,VENTE,Terrain,adetikope,50000000.0,,600.0,,83333.0,coinafrique,,2026,2,2026-Q2
Terrain 1 lot - Kodjoviakope,VENTE,Terrain,kodjoviakope,50000000.0,,600.0,,83333.0,coinafrique,,2026,2,2026-Q2
Parcelle - Agoe Assiyeye,VENTE,Terrain,assiyeye,50000000.0,,600.0,,83333.0,coinafrique,,2026,2,2026-Q2
Terrain 1 lot angle rue vide côté plage Baguida,VENTE,Terrain,baguida,50000000.0,,600.0,,83333.0,coinafrique,,2026,2,2026-Q2
Terrain - kodjoviakopé,VENTE,Terrain,kodjoviakope,50000000.0,,600.0,,83333.0,coinafrique,,2026,2,2026-Q2
Terrain 1 lot et 1/4 ouvert sur deux voies à 250 m du goudron Agoe Demakpoe,VENTE,Terrain,demakpoe,50000000.0,,600.0,,83333.0,coinafrique,,2026,2,2026-Q2
Terrain 3/4 lot - Djidjolé,VENTE,Terrain,djidjole,50000000.0,,2400.0,,20833.0,coinafrique,,2026,2,2026-Q2
Terrain 352m2 à Agoè 2 lions,VENTE,Terrain,agoe,50000000.0,,352.0,,142045.0,coinafrique,,2026,2,2026-Q2
Terrain 2 lots angle rue Zossime nanegbe,VENTE,Terrain,zossime,50000000.0,,1200.0,,41667.0,coinafrique,,2026,2,2026-Q2
Terrain 1/2 lot angle rue face au goudron Agoe 2 lion,VENTE,Terrain,2 lions,50000000.0,,300.0,,166667.0,coinafrique,,2026,2,2026-Q2
Terrain 4 lots à Adetikopé,VENTE,Terrain,adetikope,50000000.0,,2400.0,,20833.0,coinafrique,,2026,2,2026-Q2
Terrain 1 lot à Kegue stade,VENTE,Terrain,kegue stade,50000000.0,,600.0,,83333.0,coinafrique,,2026,2,2026-Q2
Terrain à Avédji adroukpapé non loin de Opéra,VENTE,Terrain,avedji,50000000.0,,600.0,,83333.0,coinafrique,,2026,2,2026-Q2
Terrain 1/2 lot - Adidogomé,VENTE,Terrain,adidogome,50000000.0,,300.0,,166667.0,coinafrique,,2026,2,2026-Q2
Terrain 1 lot - Adidogomé,VENTE,Terrain,adidogome,50000000.0,,600.0,,83333.0,coinafrique,,2026,2,2026-Q2
Terrain 995m² - Togo 2000,VENTE,Terrain,togo 2000,50000000.0,,995.0,,50251.0,coinafrique,,2026,2,2026-Q2
Terrain 2 lots - Adidogomè Lklémé,VENTE,Terrain,kleme,50000000.0,,1200.0,,41667.0,coinafrique,,2026,2,2026-Q2
Terrain 01 lot à Adidogomé franciscain,VENTE,Terrain,adidogome,50000000.0,,600.0,,83333.0,coinafrique,,2026,2,2026-Q2
Terrain 3/4 lot à Totsi,VENTE,Terrain,totsi,50000000.0,,2400.0,,20833.0,coinafrique,,2026,2,2026-Q2
Terrain 3/4 lot - Route de Todman,VENTE,Terrain,todman,50000000.0,,2400.0,,20833.0,coinafrique,,2026,2,2026-Q2
Terrain 1 lot - Agbalepedo,VENTE,Terrain,agbalepedo,50000000.0,,600.0,,83333.0,coinafrique,,2026,2,2026-Q2
Terrain - Baguida,VENTE,Terrain,baguida,50000000.0,,600.0,,83333.0,coinafrique,,2026,2,2026-Q2
Terrain 2 lots 2 voies Segbe Zionto,VENTE,Terrain,zionto,50000000.0,,1200.0,,41667.0,coinafrique,,2026,2,2026-Q2
Terrain 1 lot clôturé avec pièce à Adidogome Assiyeye,VENTE,Terrain,assiyeye,50000000.0,,600.0,,83333.0,coinafrique,,2026,2,2026-Q2
Terrain 1 lot angle rue Agoe assiyeye 100m carrefour cool catch,VENTE,Terrain,assiyeye,50000000.0,,600.0,,83333.0,coinafrique,,2026,2,2026-Q2
Terrain 1 lot en angle - Adidogomé,VENTE,Terrain,adidogome,50000000.0,,600.0,,83333.0,coinafrique,,2026,2,2026-Q2
Parcelle - Légbassito,VENTE,Terrain,legbassito,50000000.0,,600.0,,83333.0,coinafrique,,2026,2,2026-Q2
Terrain à Agoe 2 lions,VENTE,Terrain,agoe,50000000.0,,600.0,,83333.0,coinafrique,,2026,2,2026-Q2
Terrain 2 lots collés à agoé teléssou,VENTE,Terrain,telessou,50000000.0,,1200.0,,41667.0,coinafrique,,2026,2,2026-Q2
Terrain 642m2 - Kegué,VENTE,Terrain,kegue,50000000.0,,642.0,,77882.0,coinafrique,,2026,2,2026-Q2
Terrain à Agoé Assigomé,VENTE,Terrain,assigome,50000000.0,,600.0,,83333.0,coinafrique,,2026,2,2026-Q2
Terrain 1 lot à Agoè Telessou,VENTE,Terrain,agoe,50000000.0,,600.0,,83333.0,coinafrique,,2026,2,2026-Q2
Terrain 2 lots collés à Agoe Sogbossito,VENTE,Terrain,sogbossito,50000000.0,,1200.0,,41667.0,coinafrique,,2026,2,2026-Q2
Terrain clôturé 587m² á Agoé Assigomé,VENTE,Terrain,assigome,50000000.0,,587.0,,85179.0,coinafrique,,2026,2,2026-Q2
Terrain 1/2 lot - Tokoin,VENTE,Terrain,tokoin,50000000.0,,300.0,,166667.0,coinafrique,,2026,2,2026-Q2
Terrain à Kegué - Tinga,VENTE,Terrain,tinga,50000000.0,,600.0,,83333.0,coinafrique,,2026,2,2026-Q2
Terrain 1/2 lot à Anome,VENTE,Terrain,anome,50000000.0,,300.0,,166667.0,coinafrique,,2026,2,2026-Q2
Terrain 1 lot clôturé angle Adidogomé franciscain,VENTE,Terrain,adidogome,50000000.0,,600.0,,83333.0,coinafrique,,2026,2,2026-Q2
Terrain 2 lots - Atigang de Agoé teléssou,VENTE,Terrain,telessou,50000000.0,,1200.0,,41667.0,coinafrique,,2026,2,2026-Q2
Terrain 1/4lot - Nyèkonakpè,VENTE,Terrain,nyekonakpoe,50000000.0,,150.0,,333333.0,coinafrique,,2026,2,2026-Q2
Terrain 1 lot à Hédzranawoé carrefour mey,VENTE,Terrain,hedzranawoe,50000000.0,,600.0,,83333.0,coinafrique,,2026,2,2026-Q2
Terrain TF à Lomé Hedjranawoe,VENTE,Terrain,hedzranawoe,50000000.0,,600.0,,83333.0,coinafrique,,2026,2,2026-Q2
Terrain 1lot - Klikame,VENTE,Terrain,klikame,50000000.0,,600.0,,83333.0,coinafrique,,2026,2,2026-Q2
Terrain 1/2 lot à Akodessewa,VENTE,Terrain,akodessewa,50000000.0,,300.0,,166667.0,coinafrique,,2026,2,2026-Q2
Terrain 1/2 lot à Akodesswa,VENTE,Terrain,akodesswa,50000000.0,,300.0,,166667.0,coinafrique,,2026,2,2026-Q2
Terrain 12lots à Kégué,VENTE,Terrain,kegue,50000000.0,,7200.0,,6944.0,coinafrique,,2026,2,2026-Q2
Terrain 900m² à Agoé Logopé,VENTE,Terrain,logope,50000000.0,,900.0,,55556.0,coinafrique,,2026,2,2026-Q2
Terrain 2 lots à Kégué,VENTE,Terrain,kegue,50000000.0,,1200.0,,41667.0,coinafrique,,2026,2,2026-Q2
Terrains 2 lots collés - Kegue,VENTE,Terrain,kegue,50000000.0,,1200.0,,41667.0,coinafrique,,2026,2,2026-Q2
Terrain 2 lots - Agoè,VENTE,Terrain,agoe,50000000.0,,1200.0,,41667.0,coinafrique,,2026,2,2026-Q2
Terrain 649m² - Lomé - Agbalépédo losso - simé,VENTE,Terrain,agbalepedo lossossime,50000000.0,,649.0,,77042.0,coinafrique,,2026,2,2026-Q2
Terrain - Hedranawoe,VENTE,Terrain,hedzranawoe,50000000.0,,600.0,,83333.0,coinafrique,,2026,2,2026-Q2
Terrain à Hedranawoe,VENTE,Terrain,hedzranawoe,50000000.0,,600.0,,83333.0,coinafrique,,2026,2,2026-Q2
Terrain 1 lot lot TF à Lomé au Togo,VENTE,Terrain,lome,50000000.0,,600.0,,83333.0,coinafrique,,2026,2,2026-Q2
Terrain 6 lots à Apessito,VENTE,Terrain,apessito,50000000.0,,3600.0,,13889.0,coinafrique,,2026,2,2026-Q2
Terrain 1 lot Agoe Assiyeye,VENTE,Terrain,assiyeye,48000000.0,,600.0,,80000.0,coinafrique,,2026,2,2026-Q2
Terrain 1 lot à Agoè Legbassito Madikpeto,VENTE,Terrain,agoe,47000000.0,,600.0,,78333.0,coinafrique,,2026,2,2026-Q2
Terrain 1 lot TF à Adjidogomé IPG,VENTE,Terrain,adidogome,47000000.0,,600.0,,78333.0,coinafrique,,2026,2,2026-Q2
Terrain 820m² - adidogomé ipg ecole jean gustember,VENTE,Terrain,adidogome,47000000.0,,820.0,,57317.0,coinafrique,,2026,2,2026-Q2
Terrain 1/2 lot Djidjole,VENTE,Terrain,djidjole,47000000.0,,300.0,,156667.0,coinafrique,,2026,2,2026-Q2
Terrain TF 1 lot à Adjidogomé IPG,VENTE,Terrain,adidogome,47000000.0,,600.0,,78333.0,coinafrique,,2026,2,2026-Q2
Terrain 6 lots - Kegue,VENTE,Terrain,kegue,46000000.0,,3600.0,,12778.0,coinafrique,,2026,2,2026-Q2
Terrain 1 lot - Hedzranawoé,VENTE,Terrain,hedzranawoe,45000000.0,,600.0,,75000.0,coinafrique,,2026,2,2026-Q2
Terrain 1 lot à Totsi à 150 m de goudron,VENTE,Terrain,totsi,45000000.0,,600.0,,75000.0,coinafrique,,2026,2,2026-Q2
Terrain - Agoé sogbossito,VENTE,Terrain,sogbossito,45000000.0,,600.0,,75000.0,coinafrique,,2026,2,2026-Q2
Terrain ¾ de lot à Novissi,VENTE,Terrain,novissi,45000000.0,,450.0,,100000.0,coinafrique,,2026,2,2026-Q2
Terrain 3/4 lot Noukafu,VENTE,Terrain,nukafu,45000000.0,,2400.0,,18750.0,coinafrique,,2026,2,2026-Q2
Terrain 1 lot et demi à Agoè Sogbossito,VENTE,Terrain,agoe,45000000.0,,600.0,,75000.0,coinafrique,,2026,2,2026-Q2
Terrain 4 chambres salon située derrière l’AD de Djagble,VENTE,Terrain,djagble,45000000.0,4.0,600.0,,75000.0,coinafrique,,2026,2,2026-Q2
Terrain 1 lot à Agoé Sogbossito,VENTE,Terrain,sogbossito,45000000.0,,600.0,,75000.0,coinafrique,,2026,2,2026-Q2
Terrain 3/4 lot - Nukafou,VENTE,Terrain,nukafu,45000000.0,,2400.0,,18750.0,coinafrique,,2026,2,2026-Q2
Terrain 3/4 lot - Hedranawoé,VENTE,Terrain,hedzranawoe,45000000.0,,2400.0,,18750.0,coinafrique,,2026,2,2026-Q2
Terrain 1 lot - Agoè Sogbossito,VENTE,Terrain,agoe,45000000.0,,600.0,,75000.0,coinafrique,,2026,2,2026-Q2
Terrain 1/2 lot - Nukafu,VENTE,Terrain,nukafu,45000000.0,,300.0,,150000.0,coinafrique,,2026,2,2026-Q2
Terrain - Adidogomé,VENTE,Terrain,adidogome,45000000.0,,600.0,,75000.0,coinafrique,,2026,2,2026-Q2
Terrain 4 lots collés - Akepe,VENTE,Terrain,akepe,45000000.0,,2400.0,,18750.0,coinafrique,,2026,2,2026-Q2
Terrain 04 lots - Hedranawoe lycée,VENTE,Terrain,hedzranawoe,45000000.0,,2400.0,,18750.0,coinafrique,,2026,2,2026-Q2
Terrain 800m² - Adidogomé,VENTE,Terrain,adidogome,45000000.0,,800.0,,56250.0,coinafrique,,2026,2,2026-Q2
Terrain 900 m² - agoè,VENTE,Terrain,agoe,45000000.0,,900.0,,50000.0,coinafrique,,2026,2,2026-Q2
Terrain 1/2 lot - Adidogomé,VENTE,Terrain,adidogome,45000000.0,,300.0,,150000.0,coinafrique,,2026,2,2026-Q2
Terrain 1 lot & 1/2 Adidogome IPG,VENTE,Terrain,adidogome,45000000.0,,300.0,,150000.0,coinafrique,,2026,2,2026-Q2
Terrain 820m² - Adidogomé,VENTE,Terrain,adidogome,45000000.0,,820.0,,54878.0,coinafrique,,2026,2,2026-Q2
Terrain 1 lot - Hedjranawoé,VENTE,Terrain,hedzranawoe,45000000.0,,600.0,,75000.0,coinafrique,,2026,2,2026-Q2
Terrain 2 lots Adidogomé Yokoe,VENTE,Terrain,adidogome,45000000.0,,1200.0,,37500.0,coinafrique,,2026,2,2026-Q2
Terrain - Lomé,VENTE,Terrain,lome,45000000.0,,600.0,,75000.0,coinafrique,,2026,2,2026-Q2
Terrain 1 lot à Baguida,VENTE,Terrain,baguida,45000000.0,,600.0,,75000.0,coinafrique,,2026,2,2026-Q2
Terrain 2 lots à Kleme,VENTE,Terrain,kleme,45000000.0,,1200.0,,37500.0,coinafrique,,2026,2,2026-Q2
Terrain 840m² à Adidogomé,VENTE,Terrain,adidogome,45000000.0,,840.0,,53571.0,coinafrique,,2026,2,2026-Q2
Terrain à Akepedo,VENTE,Terrain,akepedo,45000000.0,,600.0,,75000.0,coinafrique,,2026,2,2026-Q2
Parcelle de 600m² à Baguida,VENTE,Terrain,baguida,45000000.0,,600.0,,75000.0,coinafrique,,2026,2,2026-Q2
Terrain 3 lots face au goudron de UCAO,VENTE,Terrain,zanguera ucao,45000000.0,,1800.0,,25000.0,coinafrique,,2026,2,2026-Q2
Terrain 01 lot - Baguida monument,VENTE,Terrain,baguida monument,45000000.0,,600.0,,75000.0,coinafrique,,2026,2,2026-Q2
Terrain 600m² à Baguida,VENTE,Terrain,baguida,45000000.0,,600.0,,75000.0,coinafrique,,2026,2,2026-Q2
Terrain 3 lots à Zanguera Afiadenynigan,VENTE,Terrain,zanguera afiadenynigan,45000000.0,,1800.0,,25000.0,coinafrique,,2026,2,2026-Q2
Terrain 820 m² à Adidogomé IPG,VENTE,Terrain,adidogome,45000000.0,,820.0,,54878.0,coinafrique,,2026,2,2026-Q2
Terrain 2 lots à Baguida,VENTE,Terrain,baguida,45000000.0,,1200.0,,37500.0,coinafrique,,2026,2,2026-Q2
Terrain 1 lot et 1/4 à Djidjole,VENTE,Terrain,djidjole,45000000.0,,750.0,,60000.0,coinafrique,,2026,2,2026-Q2
Vente terrain 05 lots - Adétikopé,VENTE,Terrain,adetikope,45000000.0,,3000.0,,15000.0,coinafrique,,2026,2,2026-Q2
Terrain 3/4lot à Adakpamé,VENTE,Terrain,adakpame,45000000.0,,2400.0,,18750.0,coinafrique,,2026,2,2026-Q2
Terrain 1 lot & 1/2 clôturer - Adidogome ipg,VENTE,Terrain,adidogome,45000000.0,,300.0,,150000.0,coinafrique,,2026,2,2026-Q2
Terrain 1 lot - Agoè,VENTE,Terrain,agoe,45000000.0,,600.0,,75000.0,coinafrique,,2026,2,2026-Q2
Terrain 1/2 lot - Agbalepedo,VENTE,Terrain,agbalepedo,45000000.0,,300.0,,150000.0,coinafrique,,2026,2,2026-Q2
Vent terrain 820m² Adidogomé ipg cités des cadres,VENTE,Terrain,adidogome,45000000.0,,820.0,,54878.0,coinafrique,,2026,2,2026-Q2
Terain 01 lot - agoe minamadou,VENTE,Terrain,minamadou,45000000.0,,600.0,,75000.0,coinafrique,,2026,2,2026-Q2
Terrain à agoè,VENTE,Terrain,agoe,45000000.0,,600.0,,75000.0,coinafrique,,2026,2,2026-Q2
Terrain 01 lot - Agoè demakpoé base 228,VENTE,Terrain,agoe,45000000.0,,600.0,,75000.0,coinafrique,,2026,2,2026-Q2
Terrain 1 lot clôturé à 200 m du goudron (avepozo),VENTE,Terrain,avepozo,45000000.0,,600.0,,75000.0,coinafrique,,2026,2,2026-Q2
Terrain 1 lot 1/4 Agoe ccl,VENTE,Terrain,agoe ccl,45000000.0,,750.0,,60000.0,coinafrique,,2026,2,2026-Q2
Terrain 3/4 lot angle rue Totsi,VENTE,Terrain,totsi,45000000.0,,2400.0,,18750.0,coinafrique,,2026,2,2026-Q2
Terrain 1 lot à Adidogome,VENTE,Terrain,adidogome,45000000.0,,600.0,,75000.0,coinafrique,,2026,2,2026-Q2
Terrain TF 2 lots à Baguida,VENTE,Terrain,baguida,45000000.0,,1200.0,,37500.0,coinafrique,,2026,2,2026-Q2
Terrain 642 m² à Kégué,VENTE,Terrain,kegue,45000000.0,,642.0,,70093.0,coinafrique,,2026,2,2026-Q2
Terrain clôturé à Adidogomè,VENTE,Terrain,adidogome,45000000.0,,600.0,,75000.0,coinafrique,,2026,2,2026-Q2
Terrain 1 lot à Agoé Assiyiyé base 228,VENTE,Terrain,assiyiye base,45000000.0,,600.0,,75000.0,coinafrique,,2026,2,2026-Q2
Terrain demi lot à Hedjranawe,VENTE,Terrain,hedzranawoe,45000000.0,,600.0,,75000.0,coinafrique,,2026,2,2026-Q2
Terrain 1 lots - Adidogomé,VENTE,Terrain,adidogome,45000000.0,,600.0,,75000.0,coinafrique,,2026,2,2026-Q2
Terrain - Baguida,VENTE,Terrain,baguida,45000000.0,,600.0,,75000.0,coinafrique,,2026,2,2026-Q2
Terrain TF 1lot angle rue bâti juste derrière la raffinerie en face des rail,VENTE,Terrain,raffinerie en face des,45000000.0,,600.0,,75000.0,coinafrique,,2026,2,2026-Q2
Terrain 1200m² à Adidogome,VENTE,Terrain,adidogome,45000000.0,,1200.0,,37500.0,coinafrique,,2026,2,2026-Q2
Terrain - Klobatèmé,VENTE,Terrain,klobateme,45000000.0,,600.0,,75000.0,coinafrique,,2026,2,2026-Q2
Terrain - Baguida monument,VENTE,Terrain,baguida monument,45000000.0,,600.0,,75000.0,coinafrique,,2026,2,2026-Q2
Terrain 2 lots - Akepedo,VENTE,Terrain,akepedo,45000000.0,,1200.0,,37500.0,coinafrique,,2026,2,2026-Q2
Terrain 1 lot clôturé 2 pièces - Zossime,VENTE,Terrain,zossime,45000000.0,2.0,600.0,,75000.0,coinafrique,,2026,2,2026-Q2
Terrain 6 lots à Be Klikame,VENTE,Terrain,be klikame,45000000.0,,3600.0,,12500.0,coinafrique,,2026,2,2026-Q2
3/4 de terrain clôturer - Hedranawoé,VENTE,Terrain,hedzranawoe,45000000.0,,600.0,,75000.0,coinafrique,,2026,2,2026-Q2
Terrain 400m² - Kpalimé,VENTE,Terrain,kpalime,45000000.0,,400.0,,112500.0,coinafrique,,2026,2,2026-Q2
Terrain 1 lot à agoè nanégbé,VENTE,Terrain,agoe,45000000.0,,600.0,,75000.0,coinafrique,,2026,2,2026-Q2
Vente fermes et vergers - Lac Togo,VENTE,Terrain,lac togo,45000000.0,,600.0,,75000.0,coinafrique,,2026,2,2026-Q2
Terrain ¾ de lot à Totsi,VENTE,Terrain,totsi,45000000.0,,450.0,,100000.0,coinafrique,,2026,2,2026-Q2
Terrain 1 lot Tokoin Lycée au cœur du centre - ville,VENTE,Terrain,tokoin,45000000.0,,600.0,,75000.0,coinafrique,,2026,2,2026-Q2
Terrain 1 lot clôturé au bord de la rue de 28m CEG Avedji,VENTE,Terrain,avedji ceg,45000000.0,,600.0,,75000.0,coinafrique,,2026,2,2026-Q2
Parcelle 1 lot clôturé à Adidogomé Assiyéyé,VENTE,Terrain,adidogome,45000000.0,,600.0,,75000.0,coinafrique,,2026,2,2026-Q2
Terrain 1 lot à Agbalepedo,VENTE,Terrain,agbalepedo,45000000.0,,600.0,,75000.0,coinafrique,,2026,2,2026-Q2
Terrain à Djagblé Galiakoe,VENTE,Terrain,djagble galiakoe,44000000.0,,600.0,,73333.0,coinafrique,,2026,2,2026-Q2
Terrain 1 lot à Kohé,VENTE,Terrain,kohe,43000000.0,,600.0,,71667.0,coinafrique,,2026,2,2026-Q2
Terrain 1lot - Agoé cacaveli,VENTE,Terrain,cacaveli,42000000.0,,600.0,,70000.0,coinafrique,,2026,2,2026-Q2
Terrain à Totsi,VENTE,Terrain,totsi,42000000.0,,600.0,,70000.0,coinafrique,,2026,2,2026-Q2
Terrain 1 lot à Agoe assiyeye,VENTE,Terrain,assiyeye,42000000.0,,600.0,,70000.0,coinafrique,,2026,2,2026-Q2
Terrain 1 lot 600m² à Agoe Assiyéye,VENTE,Terrain,assiyeye,42000000.0,,600.0,,70000.0,coinafrique,,2026,2,2026-Q2
Terrain 1 lot clôturer - agoe assiyeye,VENTE,Terrain,assiyeye,42000000.0,,600.0,,70000.0,coinafrique,,2026,2,2026-Q2
Terrain 1 lot avec construction à cassé au besoin Agoe Assiyeye,VENTE,Terrain,telessou,42000000.0,,600.0,,70000.0,coinafrique,,2026,2,2026-Q2
Terrain 01 lots 1/2 collés non loin du cour primaire de Sogbossito,VENTE,Terrain,sogbossito,42000000.0,,300.0,,140000.0,coinafrique,,2026,2,2026-Q2
Terrain 315m² à Tokoin,VENTE,Terrain,tokoin,40000000.0,,315.0,,126984.0,coinafrique,,2026,2,2026-Q2
Terrain 02 lots à Djablé klobateme au bord du goudron,VENTE,Terrain,djagble klobateme,40000000.0,,1200.0,,33333.0,coinafrique,,2026,2,2026-Q2
Terrain 1 lot - Djidjolé,VENTE,Terrain,djidjole,40000000.0,,600.0,,66667.0,coinafrique,,2026,2,2026-Q2
Terrain 4 lots à Baguida,VENTE,Terrain,baguida,40000000.0,,2400.0,,16667.0,coinafrique,,2026,2,2026-Q2
Terrain 1 lot clôturé Agoe Logope Agoe kossigan,VENTE,Terrain,kossigan,40000000.0,,600.0,,66667.0,coinafrique,,2026,2,2026-Q2
Terrain 4 lots à Akepe,VENTE,Terrain,akepe,40000000.0,,2400.0,,16667.0,coinafrique,,2026,2,2026-Q2
Terrain à Tokoin,VENTE,Terrain,tokoin,40000000.0,,600.0,,66667.0,coinafrique,,2026,2,2026-Q2
Terrain 1 lot - Adidogomé boukarou,VENTE,Terrain,adidogome,40000000.0,,600.0,,66667.0,coinafrique,,2026,2,2026-Q2
Terrain 1 lot - Lomé,VENTE,Terrain,lome,40000000.0,,600.0,,66667.0,coinafrique,,2026,2,2026-Q2
Terrain 600m² à Adidogomé boukarou,VENTE,Terrain,adidogome,40000000.0,,600.0,,66667.0,coinafrique,,2026,2,2026-Q2
Terrain 2 lots - Klobateme,VENTE,Terrain,klobateme,40000000.0,,1200.0,,33333.0,coinafrique,,2026,2,2026-Q2
Terrain 1 lot à Adidogome,VENTE,Terrain,adidogome,40000000.0,,600.0,,66667.0,coinafrique,,2026,2,2026-Q2
Terrain à à Adidogomé Franciscains,VENTE,Terrain,adidogome,40000000.0,,600.0,,66667.0,coinafrique,,2026,2,2026-Q2
Terrain à Adidogome Assiyeye,VENTE,Terrain,assiyeye,40000000.0,,600.0,,66667.0,coinafrique,,2026,2,2026-Q2
Terrains 2 lot angle rue Adidogome yokoe,VENTE,Terrain,yokoe,40000000.0,,1200.0,,33333.0,coinafrique,,2026,2,2026-Q2
Terrain 2 lot - Agodeke,VENTE,Terrain,agodeka,40000000.0,,1200.0,,33333.0,coinafrique,,2026,2,2026-Q2
Terrain 1 lot à Adidogomé franciscains,VENTE,Terrain,adidogome,40000000.0,,600.0,,66667.0,coinafrique,,2026,2,2026-Q2
Terrain 100 m² - Lomé,VENTE,Terrain,lome,40000000.0,,60000.0,,667.0,coinafrique,,2026,2,2026-Q2
Terrain 430 m² - Agoè Centre,VENTE,Terrain,agoe,40000000.0,,430.0,,93023.0,coinafrique,,2026,2,2026-Q2
Terrain 1 lot - agoe kossigan,VENTE,Terrain,kossigan,40000000.0,,600.0,,66667.0,coinafrique,,2026,2,2026-Q2
Terrain 1/2 lot - Adewi,VENTE,Terrain,adewui,40000000.0,,300.0,,133333.0,coinafrique,,2026,2,2026-Q2
Terrain 1 lot à Agoè Assiyeye carrefour bleu,VENTE,Terrain,agoe,40000000.0,,600.0,,66667.0,coinafrique,,2026,2,2026-Q2
Terrain 1 lot clôturé à Agoe Assiyeye carrefour bleu,VENTE,Terrain,assiyeye,40000000.0,,600.0,,66667.0,coinafrique,,2026,2,2026-Q2
Terrain 1 lot et ¼ à Wognome sagbado,VENTE,Terrain,wognome sagbado,40000000.0,,600.0,,66667.0,coinafrique,,2026,2,2026-Q2
Terrain 1 lot à Adidogome franciscain,VENTE,Terrain,franciscain,40000000.0,,600.0,,66667.0,coinafrique,,2026,2,2026-Q2
Terrain 600m² Adidogomé fransiscain,VENTE,Terrain,adidogome,40000000.0,,600.0,,66667.0,coinafrique,,2026,2,2026-Q2
Terrain 1 lot angle rue Adidogome franciscain,VENTE,Terrain,franciscain,40000000.0,,600.0,,66667.0,coinafrique,,2026,2,2026-Q2
Terrain 1 lot et 1/4 à 80 m du goudron Adidogome Wognome,VENTE,Terrain,wonyome,40000000.0,,750.0,,53333.0,coinafrique,,2026,2,2026-Q2
Terrain 01 lot et 1/4 lot - Adidogomé wognomé,VENTE,Terrain,adidogome,40000000.0,,750.0,,53333.0,coinafrique,,2026,2,2026-Q2
Terrain 4 lots à Adidogome sagbado,VENTE,Terrain,sagbado,40000000.0,,2400.0,,16667.0,coinafrique,,2026,2,2026-Q2
Terrain 1 lot - Agoe cacaveli,VENTE,Terrain,cacaveli,40000000.0,,600.0,,66667.0,coinafrique,,2026,2,2026-Q2
Terrain 654m² Agoe minamadou,VENTE,Terrain,minamadou,40000000.0,,654.0,,61162.0,coinafrique,,2026,2,2026-Q2
Terrain 4lots à Adidogomé Sagbado,VENTE,Terrain,adidogome,40000000.0,,2400.0,,16667.0,coinafrique,,2026,2,2026-Q2
M terrain 1 lot - Adidogomé,VENTE,Terrain,adidogome,40000000.0,,600.0,,66667.0,coinafrique,,2026,2,2026-Q2
Terrain 1 lot - Adidogomé,VENTE,Terrain,adidogome,40000000.0,,600.0,,66667.0,coinafrique,,2026,2,2026-Q2
Terrain 1 lot de 633m² - Agoè,VENTE,Terrain,agoe,40000000.0,,600.0,,66667.0,coinafrique,,2026,2,2026-Q2
Terrain 1 lot Agoe Nyive,VENTE,Terrain,nyive,40000000.0,,600.0,,66667.0,coinafrique,,2026,2,2026-Q2
Parcelle - Zanguera,VENTE,Terrain,zanguera,40000000.0,,600.0,,66667.0,coinafrique,,2026,2,2026-Q2
Terrain 540m² - Lomé,VENTE,Terrain,lome,40000000.0,,540.0,,74074.0,coinafrique,,2026,2,2026-Q2
Terrain 748m2 - Adidogome,VENTE,Terrain,adidogome,40000000.0,,748.0,,53476.0,coinafrique,,2026,2,2026-Q2
Terrain 3/4 de lot clôturé avec puits non loin du goudron derrière l’hôtel BKBG à Baguida,VENTE,Terrain,baguida,40000000.0,,450.0,,88889.0,coinafrique,,2026,2,2026-Q2
Vente maison de location à raser sur 3/4 de lot sout 450 m² à Djidjolé,VENTE,Terrain,djidjole,40000000.0,,450.0,,88889.0,coinafrique,,2026,2,2026-Q2
Terrain 1 lot+ 1/4 clôturé à Adidogome,VENTE,Terrain,adidogome,40000000.0,,750.0,,53333.0,coinafrique,,2026,2,2026-Q2
Terrain 1 lot à Adidogomé,VENTE,Terrain,adidogome,40000000.0,,600.0,,66667.0,coinafrique,,2026,2,2026-Q2
Terrain TF 01 lot 600m² à Adidogomé Boukarou,VENTE,Terrain,adidogome,40000000.0,,600.0,,66667.0,coinafrique,,2026,2,2026-Q2
Terrain 654m2 à Agoè Minamadou,VENTE,Terrain,agoe,40000000.0,,654.0,,61162.0,coinafrique,,2026,2,2026-Q2
Terrain à Agoè Logopé,VENTE,Terrain,agoe,40000000.0,,600.0,,66667.0,coinafrique,,2026,2,2026-Q2
Terrain 600m² à Adidogomé Boukarou,VENTE,Terrain,adidogome,40000000.0,,600.0,,66667.0,coinafrique,,2026,2,2026-Q2
Terrain à Agoe Legbassito amérin - tâ,VENTE,Terrain,legbassito,40000000.0,,600.0,,66667.0,coinafrique,,2026,2,2026-Q2
Terrain 1 lot 600m² - Kégué,VENTE,Terrain,kegue,40000000.0,,600.0,,66667.0,coinafrique,,2026,2,2026-Q2
Terrain 4 lots - Agoè,VENTE,Terrain,agoe,40000000.0,,2400.0,,16667.0,coinafrique,,2026,2,2026-Q2
Terrain 6 lots et 1/4 - Adidogomé,VENTE,Terrain,adidogome,40000000.0,,3600.0,,11111.0,coinafrique,,2026,2,2026-Q2
Terrain 1 lot à Agoe,VENTE,Terrain,agoe,40000000.0,,600.0,,66667.0,coinafrique,,2026,2,2026-Q2
Terrain TF 600m² à Agoè Logopé,VENTE,Terrain,agoe,40000000.0,,600.0,,66667.0,coinafrique,,2026,2,2026-Q2
Terrain 2 lots collés à Agoè Démakpoè,VENTE,Terrain,agoe,40000000.0,,1200.0,,33333.0,coinafrique,,2026,2,2026-Q2
Terrain 1lot à Attiegou,VENTE,Terrain,attiegou,40000000.0,,600.0,,66667.0,coinafrique,,2026,2,2026-Q2
Terrain à Lomégan derrière Campus,VENTE,Terrain,lomegan,40000000.0,,600.0,,66667.0,coinafrique,,2026,2,2026-Q2
Terrain 4 lots collés - Baguida,VENTE,Terrain,baguida,40000000.0,,2400.0,,16667.0,coinafrique,,2026,2,2026-Q2
Terrain 1 lot clôturé Adidogomé assiyéyé,VENTE,Terrain,adidogome,40000000.0,,600.0,,66667.0,coinafrique,,2026,2,2026-Q2
Terrain 1 lot angle rue Agoe assiyeye,VENTE,Terrain,assiyeye,38000000.0,,600.0,,63333.0,coinafrique,,2026,2,2026-Q2
Terrain 1 lot à Agoé Cacaveli,VENTE,Terrain,cacaveli,38000000.0,,600.0,,63333.0,coinafrique,,2026,2,2026-Q2
Terrain 1 lot à Agoè Cacaveli,VENTE,Terrain,agoe,38000000.0,,600.0,,63333.0,coinafrique,,2026,2,2026-Q2
Terrain 1 lot - Agoe sogbossito carrefour kpogli,VENTE,Terrain,sogbossito,38000000.0,,600.0,,63333.0,coinafrique,,2026,2,2026-Q2
Terrain 1/2 lot - Adewi,VENTE,Terrain,adewui,38000000.0,,300.0,,126667.0,coinafrique,,2026,2,2026-Q2
Terrain 1 lot - Agoe cacaveli,VENTE,Terrain,cacaveli,38000000.0,,600.0,,63333.0,coinafrique,,2026,2,2026-Q2
Terrain 1 lot angle rue à 200 m du goudron Kegue,VENTE,Terrain,kegue,38000000.0,,600.0,,63333.0,coinafrique,,2026,2,2026-Q2
Terrain 1/2 lot à 50 m du goudron Agbalepedo,VENTE,Terrain,agbalepedo,38000000.0,,300.0,,126667.0,coinafrique,,2026,2,2026-Q2
Terrain 1 lot - Lomé togo 228,VENTE,Terrain,lome,38000000.0,,600.0,,63333.0,coinafrique,,2026,2,2026-Q2
Terain 560m² à Agoe Minamadou,VENTE,Terrain,minamadou,38000000.0,,560.0,,67857.0,coinafrique,,2026,2,2026-Q2
Terrain à Agoè Minamadou,VENTE,Terrain,agoe,38000000.0,,600.0,,63333.0,coinafrique,,2026,2,2026-Q2
Terrain 768m² à Avepozo eglise catholique,VENTE,Terrain,avepozo eglise catholique,38000000.0,,768.0,,49479.0,coinafrique,,2026,2,2026-Q2
Terrain 1 lot & 1/4 à 600 m du goudron avepozo,VENTE,Terrain,avepozo,38000000.0,,750.0,,50667.0,coinafrique,,2026,2,2026-Q2
Terrain1 lot à kégué,VENTE,Terrain,kegue,38000000.0,,600.0,,63333.0,coinafrique,,2026,2,2026-Q2
Terrain 1 lot - Avepozo,VENTE,Terrain,avepozo,38000000.0,,600.0,,63333.0,coinafrique,,2026,2,2026-Q2
Terrain 1 lot à Kégué,VENTE,Terrain,kegue,38000000.0,,600.0,,63333.0,coinafrique,,2026,2,2026-Q2
Terrain 1 lot Avepozo Église catholique,VENTE,Terrain,avepozo,38000000.0,,600.0,,63333.0,coinafrique,,2026,2,2026-Q2
*Terrain 1 lot à Agoè station total Minamadou,VENTE,Terrain,agoe,38000000.0,,600.0,,63333.0,coinafrique,,2026,2,2026-Q2
Terrain à Djagble,VENTE,Terrain,djagble,37500000.0,,600.0,,62500.0,coinafrique,,2026,2,2026-Q2
Terrain 1320m² à Agbalepedo,VENTE,Terrain,agbalepedo,37500000.0,,1320.0,,28409.0,coinafrique,,2026,2,2026-Q2
Terrain 1 lot - Sogbossito,VENTE,Terrain,sogbossito,37000000.0,,600.0,,61667.0,coinafrique,,2026,2,2026-Q2
Terrain 2 lots à Agoe Legbassito,VENTE,Terrain,legbassito,37000000.0,,1200.0,,30833.0,coinafrique,,2026,2,2026-Q2
Terrain 1 lot - Agoé soigbossito,VENTE,Terrain,sogbossito,36000000.0,,600.0,,60000.0,coinafrique,,2026,2,2026-Q2
Terrain 2 lots - Djagblé,VENTE,Terrain,djagble,36000000.0,,1200.0,,30000.0,coinafrique,,2026,2,2026-Q2
Terrain 2 lot - Zanguéra ucao,VENTE,Terrain,zanguera,36000000.0,,1200.0,,30000.0,coinafrique,,2026,2,2026-Q2
Terrain 12 hectares et demi à Amouzou kope,VENTE,Terrain,amouzou kope,36000000.0,,120000.0,,300.0,coinafrique,,2026,2,2026-Q2
Terrain 2lots collés à Agoe Anokui,VENTE,Terrain,anokui,36000000.0,,1200.0,,30000.0,coinafrique,,2026,2,2026-Q2
Terrain à Adidogomé amadahome carrefour aïsed,VENTE,Terrain,adidogome,36000000.0,,600.0,,60000.0,coinafrique,,2026,2,2026-Q2
Terrain 1 lot et 1/4 lot à agoe assiyéye,VENTE,Terrain,assiyeye,36000000.0,,600.0,,60000.0,coinafrique,,2026,2,2026-Q2
"Terrain 2,5 lots - Legbassito",VENTE,Terrain,legbassito,35000000.0,,3000.0,,11667.0,coinafrique,,2026,2,2026-Q2
Terrain 1 lot à Agoè Assiyeye Minamadou,VENTE,Terrain,agoe,35000000.0,,600.0,,58333.0,coinafrique,,2026,2,2026-Q2
Terrain 1 lot à Agoè minamadou,VENTE,Terrain,agoe,35000000.0,,600.0,,58333.0,coinafrique,,2026,2,2026-Q2
Terrain 8 lots collés - Agoè zongo,VENTE,Terrain,agoe,35000000.0,,4800.0,,7292.0,coinafrique,,2026,2,2026-Q2
Terrain 1/2 lot - Tokoin,VENTE,Terrain,tokoin,35000000.0,,300.0,,116667.0,coinafrique,,2026,2,2026-Q2
Terrain demi lot à Lomé Togo Avedji limousine,VENTE,Terrain,avedji limousine,35000000.0,,600.0,,58333.0,coinafrique,,2026,2,2026-Q2
Terrain 1 lot à Adidogome,VENTE,Terrain,adidogome,35000000.0,,600.0,,58333.0,coinafrique,,2026,2,2026-Q2
Parcelle 600 m² - Baguida,VENTE,Terrain,baguida,35000000.0,,600.0,,58333.0,coinafrique,,2026,2,2026-Q2
Terrain à Avédji limousine,VENTE,Terrain,avedji,35000000.0,,600.0,,58333.0,coinafrique,,2026,2,2026-Q2
Terrain 5 lots collés - Adetikope,VENTE,Terrain,adetikope,35000000.0,,3000.0,,11667.0,coinafrique,,2026,2,2026-Q2
Terrains 600 m² - Lomé,VENTE,Terrain,lome,35000000.0,,600.0,,58333.0,coinafrique,,2026,2,2026-Q2
Terrain 200m² - Agoè demakpoé face goudron,VENTE,Terrain,agoe,35000000.0,,200.0,,175000.0,coinafrique,,2026,2,2026-Q2
Terrain 200m² - Démakpoé,VENTE,Terrain,demakpoe,35000000.0,,200.0,,175000.0,coinafrique,,2026,2,2026-Q2
Terrain 2 lots - Agoè,VENTE,Terrain,agoe,35000000.0,,1200.0,,29167.0,coinafrique,,2026,2,2026-Q2
Terrain 1 lot - Agoè,VENTE,Terrain,agoe,35000000.0,,600.0,,58333.0,coinafrique,,2026,2,2026-Q2
Terrain 200m² à Agoè Démakpoè,VENTE,Terrain,agoe,35000000.0,,200.0,,175000.0,coinafrique,,2026,2,2026-Q2
Terrain demi lot + 3 pièces - Agoè Assiyéyé non loin copecfi,VENTE,Terrain,agoe,35000000.0,3.0,600.0,,58333.0,coinafrique,,2026,2,2026-Q2
Terrain 1 lot - Agoe minamadou,VENTE,Terrain,minamadou,35000000.0,,600.0,,58333.0,coinafrique,,2026,2,2026-Q2
Terrain 11 ha 6a à 7 km du goudron Agbessia Kpalime,VENTE,Terrain,agbessia kpalime,35000000.0,,110000.0,,318.0,coinafrique,,2026,2,2026-Q2
"Terrain 4,5 hectares à Kpevego",VENTE,Terrain,kpevego,35000000.0,,45000.0,,778.0,coinafrique,,2026,2,2026-Q2
Terrain 1 lot à aAdidogomé,VENTE,Terrain,adidogome,35000000.0,,600.0,,58333.0,coinafrique,,2026,2,2026-Q2
Terrain - Agoè assiyeye,VENTE,Terrain,agoe,35000000.0,,600.0,,58333.0,coinafrique,,2026,2,2026-Q2
Terrain 1 lot - Baguida,VENTE,Terrain,baguida,35000000.0,,600.0,,58333.0,coinafrique,,2026,2,2026-Q2
Terrain 17 lots à Adetikope,VENTE,Terrain,adetikope,35000000.0,,10200.0,,3431.0,coinafrique,,2026,2,2026-Q2
Terrain 1 lot à Agoe Assiyeyé cool Catché,VENTE,Terrain,assiyeye cool catche,35000000.0,,600.0,,58333.0,coinafrique,,2026,2,2026-Q2
Terrain 633m² - Agoè cool catché,VENTE,Terrain,agoe,35000000.0,,633.0,,55292.0,coinafrique,,2026,2,2026-Q2
Terrain à Adidogomé,VENTE,Terrain,adidogome,35000000.0,,600.0,,58333.0,coinafrique,,2026,2,2026-Q2
Terrain - Lomé togo agoè,VENTE,Terrain,agoe,35000000.0,,600.0,,58333.0,coinafrique,,2026,2,2026-Q2
Terrain 1 lot - Lomé Agoe cacaveli,VENTE,Terrain,cacaveli,35000000.0,,600.0,,58333.0,coinafrique,,2026,2,2026-Q2
Terrain 2lots et demi collés - Agoé Legbassito Sovadjin,VENTE,Terrain,legbassito sovadjin,35000000.0,,1200.0,,29167.0,coinafrique,,2026,2,2026-Q2
Terrain 2/3 lot - Attikoumé,VENTE,Terrain,attikoume,35000000.0,,1800.0,,19444.0,coinafrique,,2026,2,2026-Q2
Terrain. 3 lots - Legbassito,VENTE,Terrain,legbassito,35000000.0,,1800.0,,19444.0,coinafrique,,2026,2,2026-Q2
Terrain 1 lot à ZANGUERA Diallo,VENTE,Terrain,zanguera diallo,35000000.0,,600.0,,58333.0,coinafrique,,2026,2,2026-Q2
Terrain 1 lot - Togo,VENTE,Terrain,togo 2000,35000000.0,,600.0,,58333.0,coinafrique,,2026,2,2026-Q2
Terrain 01 lot - Agoè anokui,VENTE,Terrain,agoe,35000000.0,,600.0,,58333.0,coinafrique,,2026,2,2026-Q2
Terrain 1 lot - Lycée Avedji,VENTE,Terrain,avedji,35000000.0,,600.0,,58333.0,coinafrique,,2026,2,2026-Q2
Terrain 300 m² - Cacavéli,VENTE,Terrain,cacaveli,35000000.0,,300.0,,116667.0,coinafrique,,2026,2,2026-Q2
Terrain TF 1/2lot à Kegué Fédération,VENTE,Terrain,kegue federation,35000000.0,,300.0,,116667.0,coinafrique,,2026,2,2026-Q2
Terrain 3 lots à Adidogomé IPG,VENTE,Terrain,adidogome,35000000.0,,1800.0,,19444.0,coinafrique,,2026,2,2026-Q2
Terrain 3 lots à Agoè Anonkui,VENTE,Terrain,agoe,35000000.0,,1800.0,,19444.0,coinafrique,,2026,2,2026-Q2
Terrain 1/2 lot à 350 m du goudron Kegue,VENTE,Terrain,kegue,35000000.0,,300.0,,116667.0,coinafrique,,2026,2,2026-Q2
Terrain 01 lot de avédji ceg,VENTE,Terrain,avedji,35000000.0,,600.0,,58333.0,coinafrique,,2026,2,2026-Q2
Terrain 605m² - Lomé,VENTE,Terrain,lome,35000000.0,,605.0,,57851.0,coinafrique,,2026,2,2026-Q2
Parcelle - Agoè,VENTE,Terrain,agoe,35000000.0,,600.0,,58333.0,coinafrique,,2026,2,2026-Q2
Terrain 1 lot a 40 m du goudron Segbe douane,VENTE,Terrain,segbe,35000000.0,,600.0,,58333.0,coinafrique,,2026,2,2026-Q2
Terrain 1 lot à 300 m du goudron Kpogan,VENTE,Terrain,kpogan,35000000.0,,600.0,,58333.0,coinafrique,,2026,2,2026-Q2
Terrain 633 m² - Agoè Minamadou,VENTE,Terrain,agoe,35000000.0,,633.0,,55292.0,coinafrique,,2026,2,2026-Q2
Terrain 1 lot à Baguida,VENTE,Terrain,baguida,35000000.0,,600.0,,58333.0,coinafrique,,2026,2,2026-Q2
Terrain 633m² à Agoe Minamadou,VENTE,Terrain,minamadou,35000000.0,,633.0,,55292.0,coinafrique,,2026,2,2026-Q2
Terrain 1 lot nu clôturé à Baguida,VENTE,Terrain,baguida,35000000.0,,600.0,,58333.0,coinafrique,,2026,2,2026-Q2
Parcelle à Agoè minamadou,VENTE,Terrain,agoe,35000000.0,,600.0,,58333.0,coinafrique,,2026,2,2026-Q2
Terrain 5 lots collés 2 angles rue à Noepè,VENTE,Terrain,noepe,35000000.0,,3000.0,,11667.0,coinafrique,,2026,2,2026-Q2
Terrain 1 lot à Agoe Assiyeyé cool,VENTE,Terrain,assiyeye cool catche,35000000.0,,600.0,,58333.0,coinafrique,,2026,2,2026-Q2
Terrains 3lots - Agoè anokui,VENTE,Terrain,agoe,35000000.0,,1800.0,,19444.0,coinafrique,,2026,2,2026-Q2
Terrain 203m² à Nyekonakpoè non loin de la pharmacie Adjololo.,VENTE,Terrain,nyekonakpoe,35000000.0,,203.0,,172414.0,coinafrique,,2026,2,2026-Q2
Terrain 1/2lot 10sur 30 à Hedzranawoe,VENTE,Terrain,hedzranawoe,35000000.0,,300.0,,116667.0,coinafrique,,2026,2,2026-Q2
Terrain 611m² à Hedzranawoe,VENTE,Terrain,hedzranawoe,35000000.0,,611.0,,57283.0,coinafrique,,2026,2,2026-Q2
Terrain 2lots à Davié,VENTE,Terrain,davie,35000000.0,,1200.0,,29167.0,coinafrique,,2026,2,2026-Q2
Terrain 600m² à Agoe Anokui,VENTE,Terrain,anokui,35000000.0,,600.0,,58333.0,coinafrique,,2026,2,2026-Q2
Terrain 611m² à Hedzranawoe lycée,VENTE,Terrain,hedzranawoe,35000000.0,,611.0,,57283.0,coinafrique,,2026,2,2026-Q2
Terrain 1lot à Zanguera,VENTE,Terrain,zanguera,35000000.0,,600.0,,58333.0,coinafrique,,2026,2,2026-Q2
Terrain TF à Agoé légbassito,VENTE,Terrain,legbassito,35000000.0,,600.0,,58333.0,coinafrique,,2026,2,2026-Q2
"Terrain 1 lot à Zanguera Diallo, à 700m du goudron",VENTE,Terrain,zanguerra,35000000.0,,600.0,,58333.0,coinafrique,,2026,2,2026-Q2
Terrain TF8 lots à Agoè zongo,VENTE,Terrain,agoe,35000000.0,,4800.0,,7292.0,coinafrique,,2026,2,2026-Q2
Terrain 203m² à Nyekonakpoè non loin de la pharmacie Adjololo,VENTE,Terrain,nyekonakpoe,35000000.0,,203.0,,172414.0,coinafrique,,2026,2,2026-Q2
Terrain à à Totsi,VENTE,Terrain,totsi,35000000.0,,600.0,,58333.0,coinafrique,,2026,2,2026-Q2
Terrain 1 lot 602m² à Vakposito - Avedji,VENTE,Terrain,avedji,35000000.0,,600.0,,58333.0,coinafrique,,2026,2,2026-Q2
Terrain 2 lots à Nanegbe carrefour bonheur,VENTE,Terrain,nanegbe,35000000.0,,1200.0,,29167.0,coinafrique,,2026,2,2026-Q2
Terrain à Adidogomé Amadahomé,VENTE,Terrain,adidogome,35000000.0,,600.0,,58333.0,coinafrique,,2026,2,2026-Q2
Terrain 3 lots à Agoè anonkui,VENTE,Terrain,agoe,35000000.0,,1800.0,,19444.0,coinafrique,,2026,2,2026-Q2
Terrain 1lot - Adidogome,VENTE,Terrain,adidogome,35000000.0,,600.0,,58333.0,coinafrique,,2026,2,2026-Q2
Terrain 2 lots et 1/4 lot - Apessito,VENTE,Terrain,apessito,35000000.0,,1200.0,,29167.0,coinafrique,,2026,2,2026-Q2
Terrain 1/2 lots - Tokoin,VENTE,Terrain,tokoin,35000000.0,,300.0,,116667.0,coinafrique,,2026,2,2026-Q2
Terrain 1/2lot à Tokoin,VENTE,Terrain,tokoin,35000000.0,,300.0,,116667.0,coinafrique,,2026,2,2026-Q2
Terrain 1lot à Baguida,VENTE,Terrain,baguida,35000000.0,,600.0,,58333.0,coinafrique,,2026,2,2026-Q2
Terrain demi lot à Assiyéyé,VENTE,Terrain,assiyeye,35000000.0,,600.0,,58333.0,coinafrique,,2026,2,2026-Q2
Terrain 1 lot à avédji,VENTE,Terrain,avedji,35000000.0,,600.0,,58333.0,coinafrique,,2026,2,2026-Q2
Terrain 2 lots et ¼ à apessito,VENTE,Terrain,apessito,35000000.0,,1200.0,,29167.0,coinafrique,,2026,2,2026-Q2
Terrain 5 lots à adetikope,VENTE,Terrain,adetikope,35000000.0,,3000.0,,11667.0,coinafrique,,2026,2,2026-Q2
Terrain 4 lots à Segbe douane,VENTE,Terrain,segbe douane,35000000.0,,2400.0,,14583.0,coinafrique,,2026,2,2026-Q2
Terrain 3 lots - Adidogomé,VENTE,Terrain,adidogome,35000000.0,,1800.0,,19444.0,coinafrique,,2026,2,2026-Q2
Terrain 8 lots collés à Djagblé,VENTE,Terrain,djagble,35000000.0,,4800.0,,7292.0,coinafrique,,2026,2,2026-Q2
Terrain à Tokoin Casablanca,VENTE,Terrain,tokoin,35000000.0,,600.0,,58333.0,coinafrique,,2026,2,2026-Q2
Terrain 1 lot à Lomé,VENTE,Terrain,lome,35000000.0,,600.0,,58333.0,coinafrique,,2026,2,2026-Q2
Terrain 1 lot à Adidogome amenope,VENTE,Terrain,amenope,35000000.0,,600.0,,58333.0,coinafrique,,2026,2,2026-Q2
Terrain 1/2 lot à Klikame,VENTE,Terrain,klikame,34000000.0,,300.0,,113333.0,coinafrique,,2026,2,2026-Q2
Terrain 1 lot - Sogbossito,VENTE,Terrain,sogbossito,33000000.0,,600.0,,55000.0,coinafrique,,2026,2,2026-Q2
Terrain1 lot à Agoè Sogbossito,VENTE,Terrain,agoe,33000000.0,,600.0,,55000.0,coinafrique,,2026,2,2026-Q2
Terrain 1/2 lot - Adidogomé,VENTE,Terrain,adidogome,33000000.0,,300.0,,110000.0,coinafrique,,2026,2,2026-Q2
Terrain 11 ha - Assahoun,VENTE,Terrain,assahoun,33000000.0,,110000.0,,300.0,coinafrique,,2026,2,2026-Q2
Terrain 1 lot - Agoè sogbossito,VENTE,Terrain,agoe,33000000.0,,600.0,,55000.0,coinafrique,,2026,2,2026-Q2
Terrain 1 lot clôturé à Legbassito,VENTE,Terrain,legbassito,33000000.0,,600.0,,55000.0,coinafrique,,2026,2,2026-Q2
Terrain 1/2 lot - Avedji,VENTE,Terrain,avedji,33000000.0,,300.0,,110000.0,coinafrique,,2026,2,2026-Q2
Terrain 600m² - Agoè koshigan,VENTE,Terrain,agoe,32000000.0,,600.0,,53333.0,coinafrique,,2026,2,2026-Q2
Terrain 2 lots à Légbasito avinato,VENTE,Terrain,legbasito avinato,32000000.0,,1200.0,,26667.0,coinafrique,,2026,2,2026-Q2
Terrain 4 lots collés - AKepedo apéro,VENTE,Terrain,akepedo apero,32000000.0,,2400.0,,13333.0,coinafrique,,2026,2,2026-Q2
Terrain 1lot - Sogbossito,VENTE,Terrain,sogbossito,32000000.0,,600.0,,53333.0,coinafrique,,2026,2,2026-Q2
Terrain 1lot cloturè - Sogbossito,VENTE,Terrain,sogbossito,32000000.0,,600.0,,53333.0,coinafrique,,2026,2,2026-Q2
Terrain 1 lot Adidogomé Atillamonou,VENTE,Terrain,adidogome,32000000.0,,600.0,,53333.0,coinafrique,,2026,2,2026-Q2
Terrain TF 1 lot à Adidogomé Atillamonou,VENTE,Terrain,adidogome,32000000.0,,600.0,,53333.0,coinafrique,,2026,2,2026-Q2
Terrain TF demi lot à Avenou,VENTE,Terrain,avenou,32000000.0,,600.0,,53333.0,coinafrique,,2026,2,2026-Q2
Terrain 1 lot - Sogbossito,VENTE,Terrain,sogbossito,32000000.0,,600.0,,53333.0,coinafrique,,2026,2,2026-Q2
Terrain 1 lot à Agoe Koshigan,VENTE,Terrain,koshigan,32000000.0,,600.0,,53333.0,coinafrique,,2026,2,2026-Q2
Terrain à agoè legbassito,VENTE,Terrain,agoe,32000000.0,,600.0,,53333.0,coinafrique,,2026,2,2026-Q2
Terrain 01 lot de à kpogan afidegnigba,VENTE,Terrain,kpogan afidegnigba,32000000.0,,600.0,,53333.0,coinafrique,,2026,2,2026-Q2
Terrain 1/2 lot - Agoè,VENTE,Terrain,agoe,30000000.0,,300.0,,100000.0,coinafrique,,2026,2,2026-Q2
Terrain 2 lots - Aditikopé,VENTE,Terrain,adetikope,30000000.0,,1200.0,,25000.0,coinafrique,,2026,2,2026-Q2
Terrain 1 lot - Agoé sogbossito,VENTE,Terrain,sogbossito,30000000.0,,600.0,,50000.0,coinafrique,,2026,2,2026-Q2
Terrain 1 lot côté plage Kpogan,VENTE,Terrain,amadahome,30000000.0,,600.0,,50000.0,coinafrique,,2026,2,2026-Q2
Terrain 1lot - Agoé legbassito,VENTE,Terrain,legbassito,30000000.0,,600.0,,50000.0,coinafrique,,2026,2,2026-Q2
Terrain 4 Lots collés avec TF à Adétikopé,VENTE,Terrain,adetikope,30000000.0,,2400.0,,12500.0,coinafrique,,2026,2,2026-Q2
"Terrain 2,5 lots - Legbassito madjikpeto",VENTE,Terrain,legbassito madjikpeto,30000000.0,,3000.0,,10000.0,coinafrique,,2026,2,2026-Q2
Terrain 1 lot - Kpogan,VENTE,Terrain,kpogan,30000000.0,,600.0,,50000.0,coinafrique,,2026,2,2026-Q2
Terrain 1 lot - Legbassito,VENTE,Terrain,legbassito,30000000.0,,600.0,,50000.0,coinafrique,,2026,2,2026-Q2
Terrain 1 lot à Agbavi côté plage l,VENTE,Terrain,agbavi cote plage,30000000.0,,600.0,,50000.0,coinafrique,,2026,2,2026-Q2
Terrain 2395m² - Alogavi,VENTE,Terrain,alogavi,30000000.0,,2395.0,,12526.0,coinafrique,,2026,2,2026-Q2
Terrain 1 lot - Agoè,VENTE,Terrain,agoe,30000000.0,,600.0,,50000.0,coinafrique,,2026,2,2026-Q2
Terrain 04 lots - Agoe legbassito - Madjikpeto,VENTE,Terrain,madjikpeto,30000000.0,,2400.0,,12500.0,coinafrique,,2026,2,2026-Q2
Terrain 30 lots - Noépé,VENTE,Terrain,noepe,30000000.0,,18000.0,,1667.0,coinafrique,,2026,2,2026-Q2
Terrain - Agbalepedo,VENTE,Terrain,agbalepedo,30000000.0,,600.0,,50000.0,coinafrique,,2026,2,2026-Q2
Terrain 1/2 lot clôturer - Avedji,VENTE,Terrain,avedji,30000000.0,,300.0,,100000.0,coinafrique,,2026,2,2026-Q2
Terrain - Légbassito,VENTE,Terrain,legbassito,30000000.0,,600.0,,50000.0,coinafrique,,2026,2,2026-Q2
Terrain TF 5 lots à Légbassito pharmacie m'ba,VENTE,Terrain,legbassito,30000000.0,,3000.0,,10000.0,coinafrique,,2026,2,2026-Q2
Terrain 1/2 à Avédji église catholique,VENTE,Terrain,avedji,30000000.0,,300.0,,100000.0,coinafrique,,2026,2,2026-Q2
Terrain 1 lot - Agoé Sogbossito,VENTE,Terrain,sogbossito,30000000.0,,600.0,,50000.0,coinafrique,,2026,2,2026-Q2
Terrain 6ha à Lilicopé,VENTE,Terrain,lilikope,30000000.0,,600.0,,50000.0,coinafrique,,2026,2,2026-Q2
Terrain 1/2 lot - Avedji,VENTE,Terrain,avedji,30000000.0,,300.0,,100000.0,coinafrique,,2026,2,2026-Q2
Terrain 1/2 lot - Agbalepedo,VENTE,Terrain,agbalepedo,30000000.0,,300.0,,100000.0,coinafrique,,2026,2,2026-Q2
Terrain 2 lot - Adetikope,VENTE,Terrain,adetikope,30000000.0,,1200.0,,25000.0,coinafrique,,2026,2,2026-Q2
Terrain 1/2 lot à 150 m du goudron Agbalepedo,VENTE,Terrain,agbalepedo,30000000.0,,300.0,,100000.0,coinafrique,,2026,2,2026-Q2
Terrain 2 lots collés à Apessito,VENTE,Terrain,apessito,30000000.0,,1200.0,,25000.0,coinafrique,,2026,2,2026-Q2
Terrain - Agoè Demakpoè,VENTE,Terrain,agoe,30000000.0,,600.0,,50000.0,coinafrique,,2026,2,2026-Q2
Terrain 1/2 lot à 300 m du goudron Kégué,VENTE,Terrain,kegue,30000000.0,,300.0,,100000.0,coinafrique,,2026,2,2026-Q2
Parcelle - Agoe Legbassito,VENTE,Terrain,legbassito,30000000.0,,600.0,,50000.0,coinafrique,,2026,2,2026-Q2
Terrain 1/2 lot - Kégué,VENTE,Terrain,kegue,30000000.0,,300.0,,100000.0,coinafrique,,2026,2,2026-Q2
Terrain 1 lot angle rue pas loin du goudron Adidogome Sagbado,VENTE,Terrain,sagbado,30000000.0,,600.0,,50000.0,coinafrique,,2026,2,2026-Q2
Terrain 1 lot pas loin du goudron Et Adidogome Sagbado),VENTE,Terrain,sagbado,30000000.0,,600.0,,50000.0,coinafrique,,2026,2,2026-Q2
Terrain 2 lots face au goudron de Zanguera UCAO,VENTE,Terrain,ucao,30000000.0,,1200.0,,25000.0,coinafrique,,2026,2,2026-Q2
Terrains 300 - Lomé,VENTE,Terrain,lome,30000000.0,,600.0,,50000.0,coinafrique,,2026,2,2026-Q2
Terrain 2 lot à Zanguera Afiadenynigan,VENTE,Terrain,zanguera afiadenynigan,30000000.0,,1200.0,,25000.0,coinafrique,,2026,2,2026-Q2
Terrain 512m² à Agoè - Anonkui,VENTE,Terrain,agoe,30000000.0,,512.0,,58594.0,coinafrique,,2026,2,2026-Q2
Terrain 1/2 lot - Kégué fédération,VENTE,Terrain,kegue,30000000.0,,300.0,,100000.0,coinafrique,,2026,2,2026-Q2
Terrain 05 lots - Agoè légbassito,VENTE,Terrain,agoe,30000000.0,,3000.0,,10000.0,coinafrique,,2026,2,2026-Q2
Vente P1 lot de terrain à Agoe Zogon,VENTE,Terrain,zongo,30000000.0,,600.0,,50000.0,coinafrique,,2026,2,2026-Q2
Terrain 3/4 lot - Tokoin,VENTE,Terrain,tokoin,30000000.0,,2400.0,,12500.0,coinafrique,,2026,2,2026-Q2
Terrain 500m² à Agoè Legbassito,VENTE,Terrain,agoe,30000000.0,,500.0,,60000.0,coinafrique,,2026,2,2026-Q2
Terrain 2 lots à Adétikopé,VENTE,Terrain,adetikope,30000000.0,,1200.0,,25000.0,coinafrique,,2026,2,2026-Q2
Terrain 1 lot 1/4 - Adidogomé sagbado agotimé,VENTE,Terrain,adidogome,30000000.0,,750.0,,40000.0,coinafrique,,2026,2,2026-Q2
Terrain 1/4 lot + 53 m² Nyekonapoe,VENTE,Terrain,nyekonakpoe,30000000.0,,203.0,,147783.0,coinafrique,,2026,2,2026-Q2
Terrain 1 lot - Agoè Amadinta,VENTE,Terrain,agoe,30000000.0,,600.0,,50000.0,coinafrique,,2026,2,2026-Q2
Terrain 2 lot - Kpessi,VENTE,Terrain,kpessi,30000000.0,,1200.0,,25000.0,coinafrique,,2026,2,2026-Q2
Terrain 3/4 de lot Tokoin hôpital à 300 m goudron,VENTE,Terrain,tokoin,30000000.0,,450.0,,66667.0,coinafrique,,2026,2,2026-Q2
Terrain 2 lots - Adidogomé,VENTE,Terrain,adidogome,30000000.0,,1200.0,,25000.0,coinafrique,,2026,2,2026-Q2
Terrain 1 lot à Zanguéra,VENTE,Terrain,zanguera,30000000.0,,600.0,,50000.0,coinafrique,,2026,2,2026-Q2
Terrain 2 lots à Legbassito Zovadjin,VENTE,Terrain,legbassito zovadjin,30000000.0,,1200.0,,25000.0,coinafrique,,2026,2,2026-Q2
Terrain 3 lots et ¼ à Agoè Legbassito zovadjin,VENTE,Terrain,agoe,30000000.0,,1800.0,,16667.0,coinafrique,,2026,2,2026-Q2
Terrain 5 lots à Legbassito,VENTE,Terrain,legbassito,30000000.0,,3000.0,,10000.0,coinafrique,,2026,2,2026-Q2
Terrain 1 lot - Agoè Kossigan,VENTE,Terrain,agoe,30000000.0,,600.0,,50000.0,coinafrique,,2026,2,2026-Q2
Terrain 1/2 lot carré clôturé à Hedzranawoe,VENTE,Terrain,hedzranawoe,30000000.0,,300.0,,100000.0,coinafrique,,2026,2,2026-Q2
Terrain 8 lots titre foncier personnel à Noépé,VENTE,Terrain,noepe,30000000.0,,4800.0,,6250.0,coinafrique,,2026,2,2026-Q2
Terrain 04 lots à Djagblé à 80m du goudron,VENTE,Terrain,djagble a,30000000.0,,2400.0,,12500.0,coinafrique,,2026,2,2026-Q2
Terrain à Agbalepedo,VENTE,Terrain,agbalepedo,30000000.0,,600.0,,50000.0,coinafrique,,2026,2,2026-Q2
Terrain 1lot à Adidogomé Logote,VENTE,Terrain,adidogome,30000000.0,,600.0,,50000.0,coinafrique,,2026,2,2026-Q2
Terrains à 624m² à Agbodrafo,VENTE,Terrain,agbodrafo,30000000.0,,624.0,,48077.0,coinafrique,,2026,2,2026-Q2
Terrain demi lot - Agbalépédo,VENTE,Terrain,agbalepedo,30000000.0,,600.0,,50000.0,coinafrique,,2026,2,2026-Q2
Terrain 1lot - Agoè legbassito,VENTE,Terrain,agoe,30000000.0,,600.0,,50000.0,coinafrique,,2026,2,2026-Q2
Terrain 1/2 à Totsi 2N,VENTE,Terrain,totsi,30000000.0,,300.0,,100000.0,coinafrique,,2026,2,2026-Q2
Terrain 600m² à Agoe - sogbossito,VENTE,Terrain,sogbossito,30000000.0,,600.0,,50000.0,coinafrique,,2026,2,2026-Q2
Terrain 1 lot - Agoe Legbassito,VENTE,Terrain,legbassito,30000000.0,,600.0,,50000.0,coinafrique,,2026,2,2026-Q2
Terrain demi ½ - lot Kodjoviakopé,VENTE,Terrain,kodjoviakope,30000000.0,,600.0,,50000.0,coinafrique,,2026,2,2026-Q2
Terrain TF 1 lot à Baguida,VENTE,Terrain,baguida,30000000.0,,600.0,,50000.0,coinafrique,,2026,2,2026-Q2
"Terrain 1,75 lots à Apessito",VENTE,Terrain,apessito,30000000.0,,45000.0,,667.0,coinafrique,,2026,2,2026-Q2
Terrain 4 lots dans la zone de Baguida Avepozo,VENTE,Terrain,baguida,30000000.0,,2400.0,,12500.0,coinafrique,,2026,2,2026-Q2
Terrain 1 lot a Legbassito,VENTE,Terrain,legbassito,30000000.0,,600.0,,50000.0,coinafrique,,2026,2,2026-Q2
Terrain 1 lot avec titre foncier a Legbassito,VENTE,Terrain,legbassito,30000000.0,,600.0,,50000.0,coinafrique,,2026,2,2026-Q2
Terrain 2 lots à Lomé Togo,VENTE,Terrain,lome,30000000.0,,1200.0,,25000.0,coinafrique,,2026,2,2026-Q2
Terrain 1 lot côté plage Agodeke,VENTE,Terrain,agodeka,29000000.0,,600.0,,48333.0,coinafrique,,2026,2,2026-Q2
Terrain 600m² - Agoé,VENTE,Terrain,agoe,29000000.0,,600.0,,48333.0,coinafrique,,2026,2,2026-Q2
Terrain a Agbalépédo,VENTE,Terrain,agbalepedo,29000000.0,,600.0,,48333.0,coinafrique,,2026,2,2026-Q2
Vente maison à démolir non loin du terrain de football d'Asfoza à Ablogame,VENTE,Terrain,ablogame,28000000.0,,600.0,,46667.0,coinafrique,,2026,2,2026-Q2
Terrain 1/2 lot - Kikame,VENTE,Terrain,kikame,28000000.0,,300.0,,93333.0,coinafrique,,2026,2,2026-Q2
Terrain 1/2 lot solidement clôturé a Bé klikamé,VENTE,Terrain,be klikame,28000000.0,,300.0,,93333.0,coinafrique,,2026,2,2026-Q2
Terrain 1/2 lot - Bè Klikamé,VENTE,Terrain,be,28000000.0,,300.0,,93333.0,coinafrique,,2026,2,2026-Q2
"Terrain à Bè klikamé OTR, école Shékina",VENTE,Terrain,be,28000000.0,,600.0,,46667.0,coinafrique,,2026,2,2026-Q2
Terrain 1/2 lot - Agoè Cacavéli,VENTE,Terrain,agoe,28000000.0,,300.0,,93333.0,coinafrique,,2026,2,2026-Q2
Parcelle 1/2 lot - Lomé,VENTE,Terrain,lome,28000000.0,,300.0,,93333.0,coinafrique,,2026,2,2026-Q2
Terrain 1 lot angle rue à 200 m de la grande voie Zanguera Zopomahe,VENTE,Terrain,zanguera zopomahe,28000000.0,,600.0,,46667.0,coinafrique,,2026,2,2026-Q2
Terrain 646m² - zanguéra zopomahé,VENTE,Terrain,zanguera,28000000.0,,646.0,,43344.0,coinafrique,,2026,2,2026-Q2
Terrain 3 lots à Kpala Monou,VENTE,Terrain,kpalamonou,28000000.0,,1800.0,,15556.0,coinafrique,,2026,2,2026-Q2
Terrain 1 lot à Adidogomé Sagbado Logoté,VENTE,Terrain,adidogome,28000000.0,,600.0,,46667.0,coinafrique,,2026,2,2026-Q2
Terrain 1 lot a sogbossito,VENTE,Terrain,sogbossito,28000000.0,,600.0,,46667.0,coinafrique,,2026,2,2026-Q2
Terrain à Sogbossito,VENTE,Terrain,sogbossito,28000000.0,,600.0,,46667.0,coinafrique,,2026,2,2026-Q2
Terrain demi lot à Baguida,VENTE,Terrain,baguida,28000000.0,,600.0,,46667.0,coinafrique,,2026,2,2026-Q2
Vente ferme 4 pièces à Hahoté,VENTE,Terrain,hahotoe,28000000.0,4.0,600.0,,46667.0,coinafrique,,2026,2,2026-Q2
Terrain ½ lot à Agoe Assiyéyé,VENTE,Terrain,assiyeye,28000000.0,,300.0,,93333.0,coinafrique,,2026,2,2026-Q2
Terrain 1 lot - Sagbado,VENTE,Terrain,sagbado,27000000.0,,600.0,,45000.0,coinafrique,,2026,2,2026-Q2
Terrain 5 lots - Legbassito,VENTE,Terrain,legbassito,27000000.0,,3000.0,,9000.0,coinafrique,,2026,2,2026-Q2
Terrain 1/2 lot - Agbanlepedo,VENTE,Terrain,agbalepedo,27000000.0,,300.0,,90000.0,coinafrique,,2026,2,2026-Q2
Terrain 5 lots collés - Agoè legbassito,VENTE,Terrain,agoe,27000000.0,,3000.0,,9000.0,coinafrique,,2026,2,2026-Q2
Terrain ½ - lot à Agoé la source,VENTE,Terrain,agoe,27000000.0,,300.0,,90000.0,coinafrique,,2026,2,2026-Q2
Terrain à Agoè Legbassito,VENTE,Terrain,agoe,27000000.0,,600.0,,45000.0,coinafrique,,2026,2,2026-Q2
Terrain 602 m² - Djagblé,VENTE,Terrain,djagble,27000000.0,,602.0,,44850.0,coinafrique,,2026,2,2026-Q2
Terrain à Agoe réserve Maarif,VENTE,Terrain,agoe reserve marine,27000000.0,,600.0,,45000.0,coinafrique,,2026,2,2026-Q2
Terrain 5 lots collés - Legbasito,VENTE,Terrain,legbassito,27000000.0,,3000.0,,9000.0,coinafrique,,2026,2,2026-Q2
Terrain 1/2 lot - Adidogome,VENTE,Terrain,adidogome,27000000.0,,300.0,,90000.0,coinafrique,,2026,2,2026-Q2
Terrain 1 lot - sagbado,VENTE,Terrain,sagbado,27000000.0,,600.0,,45000.0,coinafrique,,2026,2,2026-Q2
Terrain 1 lot à Amadahome derrière cap,VENTE,Terrain,amadahome,27000000.0,,600.0,,45000.0,coinafrique,,2026,2,2026-Q2
Terrain 1/2 lot proche de la station total Minamadou,VENTE,Terrain,station total minamadou,27000000.0,,300.0,,90000.0,coinafrique,,2026,2,2026-Q2
Terrain 1/2 lot - Hédzranawoé swallows,VENTE,Terrain,hedzranawoe,27000000.0,,300.0,,90000.0,coinafrique,,2026,2,2026-Q2
Terrain 1/2 lot - Todman,VENTE,Terrain,todman,27000000.0,,300.0,,90000.0,coinafrique,,2026,2,2026-Q2
Terain 01 lot Agoe Légbassito,VENTE,Terrain,legbassito,27000000.0,,600.0,,45000.0,coinafrique,,2026,2,2026-Q2
Terrain 1 lot à Adidogome,VENTE,Terrain,adidogome,27000000.0,,600.0,,45000.0,coinafrique,,2026,2,2026-Q2
Terrain 3 lots - Noepé Atidé,VENTE,Terrain,noepe atide,27000000.0,,1800.0,,15000.0,coinafrique,,2026,2,2026-Q2
Terrain 4 lots - Klonatème,VENTE,Terrain,klobateme,27000000.0,,2400.0,,11250.0,coinafrique,,2026,2,2026-Q2
Terrain 1/2 lot contenant des pièces - Station Minamadou,VENTE,Terrain,station minamadou,27000000.0,,300.0,,90000.0,coinafrique,,2026,2,2026-Q2
Terrain 3 lots - Amandahomé,VENTE,Terrain,amadahome,27000000.0,,1800.0,,15000.0,coinafrique,,2026,2,2026-Q2
Terrain 4 lots à Djagble Klobateme,VENTE,Terrain,djagble klobateme,27000000.0,,2400.0,,11250.0,coinafrique,,2026,2,2026-Q2
Terrain à Adidogomé mosquée Wonyomé,VENTE,Terrain,adidogome,27000000.0,,600.0,,45000.0,coinafrique,,2026,2,2026-Q2
Terrain 1 lot à Adidogomé mosquée wonyomé,VENTE,Terrain,adidogome,27000000.0,,600.0,,45000.0,coinafrique,,2026,2,2026-Q2
Terrains 4lots collès - Djagble,VENTE,Terrain,djagble,27000000.0,,2400.0,,11250.0,coinafrique,,2026,2,2026-Q2
Terrain - Adidogomé,VENTE,Terrain,adidogome,27000000.0,,600.0,,45000.0,coinafrique,,2026,2,2026-Q2
Terrain + maison 4 pièces - Agoè,VENTE,Terrain,agoe,27000000.0,4.0,600.0,,45000.0,coinafrique,,2026,2,2026-Q2
Parcelle 1/2 lot Adidogomé,VENTE,Terrain,adidogome,27000000.0,,300.0,,90000.0,coinafrique,,2026,2,2026-Q2
Terrain 2H - Tsevie,VENTE,Terrain,tsevie,26000000.0,,20000.0,,1300.0,coinafrique,,2026,2,2026-Q2
Terrain 2H - Tsevie,VENTE,Terrain,tsevie,26000000.0,,600.0,,43333.0,coinafrique,,2026,2,2026-Q2
Terrain 1 lot à Adidogomé mosquée Wonyomé,VENTE,Terrain,adidogome,26000000.0,,600.0,,43333.0,coinafrique,,2026,2,2026-Q2
Terrain 1/2 lot - Togo 2000,VENTE,Terrain,togo 2000,26000000.0,,300.0,,86667.0,coinafrique,,2026,2,2026-Q2
Terrain demi lot clôturé à Togo2000,VENTE,Terrain,togo 2000,26000000.0,,600.0,,43333.0,coinafrique,,2026,2,2026-Q2
Terrain 1/2 lot contenant maison - Lomé Togo 2000,VENTE,Terrain,togo 2000,26000000.0,,300.0,,86667.0,coinafrique,,2026,2,2026-Q2
Terrain demi lot à Togo 2000,VENTE,Terrain,togo 2000,26000000.0,,600.0,,43333.0,coinafrique,,2026,2,2026-Q2
Terain 01 lot à Kpogan,VENTE,Terrain,kpogan,26000000.0,,600.0,,43333.0,coinafrique,,2026,2,2026-Q2
Terrain 1 lot - Adidogomé,VENTE,Terrain,adidogome,26000000.0,,600.0,,43333.0,coinafrique,,2026,2,2026-Q2
Terrain 1 lot à Zanguera,VENTE,Terrain,zanguera,26000000.0,,600.0,,43333.0,coinafrique,,2026,2,2026-Q2
Terrain 6 lots à Adetikope,VENTE,Terrain,adetikope,26000000.0,,3600.0,,7222.0,coinafrique,,2026,2,2026-Q2
Terrain 2 lots avec 2 angles rues à Akato Viepé Kpekuinou,VENTE,Terrain,akato viepe kpekuinou,26000000.0,,1200.0,,21667.0,coinafrique,,2026,2,2026-Q2
Terrain 1/2lot à Agoè,VENTE,Terrain,agoe,26000000.0,,300.0,,86667.0,coinafrique,,2026,2,2026-Q2
Terrain 1/2 lot - Agoè réserve avec titre foncier,VENTE,Terrain,agoe,26000000.0,,300.0,,86667.0,coinafrique,,2026,2,2026-Q2
Terrain 1/2lot - Agoe,VENTE,Terrain,agoe,26000000.0,,300.0,,86667.0,coinafrique,,2026,2,2026-Q2
Terrain 1/2 lot - Adidogomé,VENTE,Terrain,adidogome,25000000.0,,300.0,,83333.0,coinafrique,,2026,2,2026-Q2
Terrain demi ½ lot à Totsi proche de la maison tidjani,VENTE,Terrain,totsi,25000000.0,,300.0,,83333.0,coinafrique,,2026,2,2026-Q2
Terrain ½ lot à Lomé Agbanlepedo,VENTE,Terrain,agbalepedo,25000000.0,,300.0,,83333.0,coinafrique,,2026,2,2026-Q2
Terrain 1/2 lot - Avédji,VENTE,Terrain,avedji,25000000.0,,300.0,,83333.0,coinafrique,,2026,2,2026-Q2
Terrain 4 Lots et 1/4 à Kpalimé,VENTE,Terrain,kpalime,25000000.0,,150.0,,166667.0,coinafrique,,2026,2,2026-Q2
Terrain 02 lots - Agoe zossimé nadegbé,VENTE,Terrain,zossime,25000000.0,,1200.0,,20833.0,coinafrique,,2026,2,2026-Q2
Terrain 2 lots - Agoè nanégbé,VENTE,Terrain,agoe,25000000.0,,1200.0,,20833.0,coinafrique,,2026,2,2026-Q2
Terrain cloturé à Agoé Nanegbé,VENTE,Terrain,nanegbe,25000000.0,,600.0,,41667.0,coinafrique,,2026,2,2026-Q2
Terrain 1/2 lot à Adidogome Masalassi,VENTE,Terrain,adidogome,25000000.0,,300.0,,83333.0,coinafrique,,2026,2,2026-Q2
Terrain - Adidogomé,VENTE,Terrain,adidogome,25000000.0,,600.0,,41667.0,coinafrique,,2026,2,2026-Q2
Terrain - Agoè Nanegbè,VENTE,Terrain,agoe,25000000.0,,600.0,,41667.0,coinafrique,,2026,2,2026-Q2
Terrain 1 lot à Adidogome ipg rails,VENTE,Terrain,adidogome,25000000.0,,600.0,,41667.0,coinafrique,,2026,2,2026-Q2
Terrain 1/2 lot - Attiegou,VENTE,Terrain,attiegou,25000000.0,,300.0,,83333.0,coinafrique,,2026,2,2026-Q2
Terrain agricole 5H - Lilikopé,VENTE,Terrain,lilikope,25000000.0,,50000.0,,500.0,coinafrique,,2026,2,2026-Q2
Terrain 1 lot - Zanguéra,VENTE,Terrain,zanguera,25000000.0,,600.0,,41667.0,coinafrique,,2026,2,2026-Q2
Terrain 4 lots - Togokomé,VENTE,Terrain,togokome,25000000.0,,2400.0,,10417.0,coinafrique,,2026,2,2026-Q2
Terrain 1 lot et 1/4 Apessito,VENTE,Terrain,apessito,25000000.0,,750.0,,33333.0,coinafrique,,2026,2,2026-Q2
Terrain 1/2 lot à Totsi,VENTE,Terrain,totsi,25000000.0,,300.0,,83333.0,coinafrique,,2026,2,2026-Q2
Terrain 1 lot + 3 pièces - Adidogomé,VENTE,Terrain,adidogome,25000000.0,3.0,600.0,,41667.0,coinafrique,,2026,2,2026-Q2
Terrain 10 ha à à Avédjé,VENTE,Terrain,avedje,25000000.0,,100000.0,,250.0,coinafrique,,2026,2,2026-Q2
Terrain à Agbalepedo,VENTE,Terrain,agbalepedo,25000000.0,,600.0,,41667.0,coinafrique,,2026,2,2026-Q2
Terrain 1lot à à Apessito commissariat,VENTE,Terrain,apessito commissariat,25000000.0,,600.0,,41667.0,coinafrique,,2026,2,2026-Q2
Terrain 1 lot - Togblocope,VENTE,Terrain,togblocope,25000000.0,,600.0,,41667.0,coinafrique,,2026,2,2026-Q2
Terrain 1/2 lot - agoe kossigan,VENTE,Terrain,kossigan,25000000.0,,300.0,,83333.0,coinafrique,,2026,2,2026-Q2
Terrain 1/4 de lot angle rue à Doulassamé,VENTE,Terrain,doulassame,25000000.0,,150.0,,166667.0,coinafrique,,2026,2,2026-Q2
Terrain 1 lot - Adidogomé,VENTE,Terrain,adidogome,25000000.0,,600.0,,41667.0,coinafrique,,2026,2,2026-Q2
Terrain 1/2 lot carré Avedji cito rails,VENTE,Terrain,avedji,25000000.0,,300.0,,83333.0,coinafrique,,2026,2,2026-Q2
Terrain 2 lots à Agoè nanégbé,VENTE,Terrain,agoe,25000000.0,,1200.0,,20833.0,coinafrique,,2026,2,2026-Q2
Terrain 1 lot angle rue à Zossime nanegbe,VENTE,Terrain,zossime nanegbe,25000000.0,,600.0,,41667.0,coinafrique,,2026,2,2026-Q2
Terrain demi lot à Avédji,VENTE,Terrain,avedji,25000000.0,,600.0,,41667.0,coinafrique,,2026,2,2026-Q2
"Terrain 1 lot non loin de la station Sanol Adidogome Sagbado,",VENTE,Terrain,sagbado,25000000.0,,600.0,,41667.0,coinafrique,,2026,2,2026-Q2
Vente ferme 5 ha - Agbelouvé,VENTE,Terrain,agbelouve,25000000.0,,50000.0,,500.0,coinafrique,,2026,2,2026-Q2
Terrain clôturé a Agoé adjougba,VENTE,Terrain,adjougba,25000000.0,,600.0,,41667.0,coinafrique,,2026,2,2026-Q2
Terrain 1lot à Zanguera,VENTE,Terrain,zanguera,25000000.0,,600.0,,41667.0,coinafrique,,2026,2,2026-Q2
Terrain 1/2 lot - Djidjolé,VENTE,Terrain,djidjole,25000000.0,,300.0,,83333.0,coinafrique,,2026,2,2026-Q2
Terrain 4 lots à Agoe zongo,VENTE,Terrain,zongo,25000000.0,,2400.0,,10417.0,coinafrique,,2026,2,2026-Q2
Terrain à Agoe Assiyéyé,VENTE,Terrain,assiyeye,25000000.0,,600.0,,41667.0,coinafrique,,2026,2,2026-Q2
Terrain 300m² à Agoe Assiyéyé,VENTE,Terrain,assiyeye,25000000.0,,300.0,,83333.0,coinafrique,,2026,2,2026-Q2
Terrain 10 hectares à Avedje,VENTE,Terrain,avedje,25000000.0,,100000.0,,250.0,coinafrique,,2026,2,2026-Q2
Terrain 300m² derrière foire Togo 2000,VENTE,Terrain,togo 2000,25000000.0,,300.0,,83333.0,coinafrique,,2026,2,2026-Q2
Terrain 600m² à Adidogomé Sagbado,VENTE,Terrain,adidogome,25000000.0,,600.0,,41667.0,coinafrique,,2026,2,2026-Q2
Terrain 1 lot à Adidogomé Logoté,VENTE,Terrain,adidogome,25000000.0,,600.0,,41667.0,coinafrique,,2026,2,2026-Q2
Terrain 600m² Adidogomé logoté carrefours Obena,VENTE,Terrain,adidogome,25000000.0,,600.0,,41667.0,coinafrique,,2026,2,2026-Q2
Terrain 1 lot à Adidogomé logoté a 500m du carrefour obena,VENTE,Terrain,adidogome,25000000.0,,600.0,,41667.0,coinafrique,,2026,2,2026-Q2
Terrain 1/2 lot 300m² à Agoe Assiyéyé,VENTE,Terrain,assiyeye,25000000.0,,300.0,,83333.0,coinafrique,,2026,2,2026-Q2
Terrain 1/2 lot - Agoe assiyéyé,VENTE,Terrain,assiyeye,25000000.0,,300.0,,83333.0,coinafrique,,2026,2,2026-Q2
Terrain 1 lot - Adidogomè Segbé,VENTE,Terrain,segbe,25000000.0,,600.0,,41667.0,coinafrique,,2026,2,2026-Q2
Terrain 42ha à Kpomé,VENTE,Terrain,kpome,25000000.0,,600.0,,41667.0,coinafrique,,2026,2,2026-Q2
Terrain 1/4 lot - Zangué,VENTE,Terrain,zanguera,25000000.0,,150.0,,166667.0,coinafrique,,2026,2,2026-Q2
Terrain 1 lot clôturé et idéalement situé à Agoê Legbassito Gnamassi,VENTE,Terrain,legbassito gnamassi,25000000.0,,600.0,,41667.0,coinafrique,,2026,2,2026-Q2
Terrain 1/2 lot carré Avedji cito,VENTE,Terrain,avedji cito,25000000.0,,300.0,,83333.0,coinafrique,,2026,2,2026-Q2
Terrain demi lot à Adidogomé,VENTE,Terrain,adidogome,25000000.0,,600.0,,41667.0,coinafrique,,2026,2,2026-Q2
Terrain 810 m² - Lomé,VENTE,Terrain,lome,25000000.0,,810.0,,30864.0,coinafrique,,2026,2,2026-Q2
Terrain à agoè sorade,VENTE,Terrain,agoe,25000000.0,,600.0,,41667.0,coinafrique,,2026,2,2026-Q2
Terrain 1 lot - Agoe legbassito gnamassi,VENTE,Terrain,legbassito gnamassi,25000000.0,,600.0,,41667.0,coinafrique,,2026,2,2026-Q2
Terrain 1 lot clôturé à Adidogomé assiyeye,VENTE,Terrain,adidogome,25000000.0,,600.0,,41667.0,coinafrique,,2026,2,2026-Q2
Terrain 300m² - Amandahomé cap,VENTE,Terrain,amadahome,25000000.0,,300.0,,83333.0,coinafrique,,2026,2,2026-Q2
Terrain 1 lot ouvert sur 2 voies Segbe Zionto,VENTE,Terrain,zionto,25000000.0,,600.0,,41667.0,coinafrique,,2026,2,2026-Q2
Terrain ¼ de lot à Zanguéra,VENTE,Terrain,zanguera,25000000.0,,150.0,,166667.0,coinafrique,,2026,2,2026-Q2
Terrains 836 m² - Adidogomé Ségbé Douane,VENTE,Terrain,adidogome,25000000.0,,836.0,,29904.0,coinafrique,,2026,2,2026-Q2
Terrain - Agoè,VENTE,Terrain,agoe,25000000.0,,600.0,,41667.0,coinafrique,,2026,2,2026-Q2
Terrain 1 lot - Adidogome Sagbado,VENTE,Terrain,sagbado,25000000.0,,600.0,,41667.0,coinafrique,,2026,2,2026-Q2
Terrains - Kpalimé,VENTE,Terrain,kpalime,25000000.0,,600.0,,41667.0,coinafrique,,2026,2,2026-Q2
Terrain demi lot carré à Avedji,VENTE,Terrain,avedji,25000000.0,,600.0,,41667.0,coinafrique,,2026,2,2026-Q2
Terrain 2 lots angle rue à Zossimé Nanegbe,VENTE,Terrain,zossime nanegbe,25000000.0,,1200.0,,20833.0,coinafrique,,2026,2,2026-Q2
"Terrain 1,5 lots à Adidogomé gbomamé",VENTE,Terrain,adidogome,25000000.0,,3000.0,,8333.0,coinafrique,,2026,2,2026-Q2
Terrain 1 lot à Zanguéra,VENTE,Terrain,zanguera,25000000.0,,600.0,,41667.0,coinafrique,,2026,2,2026-Q2
Terrain 800m² soit 1 lot et 1/3 à à Zanguera,VENTE,Terrain,zanguera,25000000.0,,800.0,,31250.0,coinafrique,,2026,2,2026-Q2
Terrain 2 lots collés - Zossimé Nanegbe,VENTE,Terrain,zossime nanegbe,25000000.0,,1200.0,,20833.0,coinafrique,,2026,2,2026-Q2
Terrain 1/2 lot à Adidogomé amadahomé,VENTE,Terrain,adidogome,25000000.0,,300.0,,83333.0,coinafrique,,2026,2,2026-Q2
Terrain TF à adidogomé assiyéyé IPG rails,VENTE,Terrain,adidogome,25000000.0,,600.0,,41667.0,coinafrique,,2026,2,2026-Q2
Terrain plus de 3/4 de lot soit environ 500m² à Légbassito,VENTE,Terrain,legbassito,25000000.0,,500.0,,50000.0,coinafrique,,2026,2,2026-Q2
Terrain 2lots à Zanguera,VENTE,Terrain,zanguera,25000000.0,,1200.0,,20833.0,coinafrique,,2026,2,2026-Q2
Terrain 2lots à Lomé - Kpalimé,VENTE,Terrain,kpalime,25000000.0,,1200.0,,20833.0,coinafrique,,2026,2,2026-Q2
Terrain 4 lots collés face 3 rues et 2 angles Adetikope,VENTE,Terrain,adetikope,25000000.0,,2400.0,,10417.0,coinafrique,,2026,2,2026-Q2
Terrain 4 lots angle Adetikope,VENTE,Terrain,adetikope,25000000.0,,2400.0,,10417.0,coinafrique,,2026,2,2026-Q2
Terrain 1lot à Zanguera Sagnako,VENTE,Terrain,zanguera sagnako,25000000.0,,600.0,,41667.0,coinafrique,,2026,2,2026-Q2
Terrain 1/2 lot à Agoé assiyeye,VENTE,Terrain,assiyeye,25000000.0,,300.0,,83333.0,coinafrique,,2026,2,2026-Q2
Terrains 1799m2 - Gbodjome,VENTE,Terrain,gbodjome,25000000.0,,1799.0,,13897.0,coinafrique,,2026,2,2026-Q2
"Terrain 1 lot non loin de la station sanol, Adidogome sagbado,",VENTE,Terrain,sagbado,25000000.0,,600.0,,41667.0,coinafrique,,2026,2,2026-Q2
Terrain 1 lot à Agoe Zongo,VENTE,Terrain,zongo,25000000.0,,600.0,,41667.0,coinafrique,,2026,2,2026-Q2
Terrain demi (½) lot - Djidjolé Antigang,VENTE,Terrain,djidjole,25000000.0,,300.0,,83333.0,coinafrique,,2026,2,2026-Q2
Terrain 1lot - Agoe,VENTE,Terrain,agoe,25000000.0,,600.0,,41667.0,coinafrique,,2026,2,2026-Q2
Terrain à Adidogomé atilamonou gbomamé,VENTE,Terrain,adidogome,25000000.0,,600.0,,41667.0,coinafrique,,2026,2,2026-Q2
Terrain 1 lot à Apessito,VENTE,Terrain,apessito,25000000.0,,600.0,,41667.0,coinafrique,,2026,2,2026-Q2
Terrain 19 lots collés à Akepe,VENTE,Terrain,akepe,25000000.0,,11400.0,,2193.0,coinafrique,,2026,2,2026-Q2
Terrain 1/4 lot - Apessito,VENTE,Terrain,apessito,25000000.0,,150.0,,166667.0,coinafrique,,2026,2,2026-Q2
Terrain 3 lots - Kpéssi,VENTE,Terrain,kpessi,25000000.0,,1800.0,,13889.0,coinafrique,,2026,2,2026-Q2
Terrain 1lot à Adidogome Assiyéyé,VENTE,Terrain,assiyeye,25000000.0,,600.0,,41667.0,coinafrique,,2026,2,2026-Q2
Terrain 1/2 lot à Agbalepedo,VENTE,Terrain,agbalepedo,25000000.0,,300.0,,83333.0,coinafrique,,2026,2,2026-Q2
Terrain 1/2 lot - Agoè Assiyéyé,VENTE,Terrain,agoe,25000000.0,,300.0,,83333.0,coinafrique,,2026,2,2026-Q2
Parcelle 1/2 lot - agoè,VENTE,Terrain,agoe,25000000.0,,300.0,,83333.0,coinafrique,,2026,2,2026-Q2
Terrain 3 lots à kpessi,VENTE,Terrain,kpessi,25000000.0,,1800.0,,13889.0,coinafrique,,2026,2,2026-Q2
Terrain 1/2 lot à avédji,VENTE,Terrain,avedji,25000000.0,,300.0,,83333.0,coinafrique,,2026,2,2026-Q2
Terrain 3 lots à Kpéssi,VENTE,Terrain,kpessi,25000000.0,,1800.0,,13889.0,coinafrique,,2026,2,2026-Q2
Terrain 1 lot clôturé Adidogomé Assiyéyé IPG rails,VENTE,Terrain,adidogome,25000000.0,,600.0,,41667.0,coinafrique,,2026,2,2026-Q2
Terrain 1 lot à Legbassito Zovadjin,VENTE,Terrain,legbassito zovadjin,25000000.0,,600.0,,41667.0,coinafrique,,2026,2,2026-Q2
Terrain 570m² à Agoé Legbassito,VENTE,Terrain,legbassito,25000000.0,,570.0,,43860.0,coinafrique,,2026,2,2026-Q2
Parcelle 1 lot clôturé à Agbavi,VENTE,Terrain,agbavi,25000000.0,,600.0,,41667.0,coinafrique,,2026,2,2026-Q2
Terrain 1 lot à Zanguera Klikame,VENTE,Terrain,zanguera klikame,25000000.0,,600.0,,41667.0,coinafrique,,2026,2,2026-Q2
Terrains 2 lots angle rue Apessito Avenyake,VENTE,Terrain,apessito avenyake,24000000.0,,1200.0,,20000.0,coinafrique,,2026,2,2026-Q2
Terrain 2 lots à Apessito,VENTE,Terrain,apessito,24000000.0,,1200.0,,20000.0,coinafrique,,2026,2,2026-Q2
Terrain - Kleme djigbe,VENTE,Terrain,kleme djigbe,24000000.0,,600.0,,40000.0,coinafrique,,2026,2,2026-Q2
Terrain 1 lot - Zanguéra,VENTE,Terrain,zanguera,24000000.0,,600.0,,40000.0,coinafrique,,2026,2,2026-Q2
Terrain 16 lot Kovie,VENTE,Terrain,kovie,24000000.0,,9600.0,,2500.0,coinafrique,,2026,2,2026-Q2
Terrain 1/2 lot à 100 m du goudron Agbalepedo,VENTE,Terrain,agbalepedo,24000000.0,,300.0,,80000.0,coinafrique,,2026,2,2026-Q2
Terrain ½ lot à Agbalepedo,VENTE,Terrain,agbalepedo,24000000.0,,600.0,,40000.0,coinafrique,,2026,2,2026-Q2
Terrain 1 lot à Légbassito derrière l'Eglise Catholique de Madjikpéto,VENTE,Terrain,legbassito,23000000.0,,600.0,,38333.0,coinafrique,,2026,2,2026-Q2
Terrain 1 Lot et demi à Zanguéra klémé,VENTE,Terrain,zanguera,23000000.0,,600.0,,38333.0,coinafrique,,2026,2,2026-Q2
Terrain 1 lot à 200 m du goudron Legbassito Madjikpeto,VENTE,Terrain,legbassito madjikpeto,23000000.0,,600.0,,38333.0,coinafrique,,2026,2,2026-Q2
Terrain 1 lot à Légbassito Madjikpeto,VENTE,Terrain,legbassito,23000000.0,,600.0,,38333.0,coinafrique,,2026,2,2026-Q2
Terrain 1/2 lot - Zanguera,VENTE,Terrain,zanguera,23000000.0,,300.0,,76667.0,coinafrique,,2026,2,2026-Q2
Terrain - Agoè échangeur,VENTE,Terrain,agoe,23000000.0,,600.0,,38333.0,coinafrique,,2026,2,2026-Q2
Terrain zone portuaire 1/4 de lot à Ablogamé,VENTE,Terrain,ablogame,23000000.0,,150.0,,153333.0,coinafrique,,2026,2,2026-Q2
Parcelle 300 m² - Aveta,VENTE,Terrain,aveta,23000000.0,,300.0,,76667.0,coinafrique,,2026,2,2026-Q2
Terrain plus d'un 1/2lot carré angle rue à Totsi Gblinkome non loin de dynastie,VENTE,Terrain,totsi,23000000.0,,300.0,,76667.0,coinafrique,,2026,2,2026-Q2
Terrain 1/2 lot et 1/4 lot - Aképedo,VENTE,Terrain,akepedo,23000000.0,,300.0,,76667.0,coinafrique,,2026,2,2026-Q2
Terrain 1 lot et ½ à Agbalepedo collège Protestant,VENTE,Terrain,agbalepedo,23000000.0,,600.0,,38333.0,coinafrique,,2026,2,2026-Q2
Terrain 1 lot angle 2 rues clôture à Zossimé,VENTE,Terrain,zossime,23000000.0,,600.0,,38333.0,coinafrique,,2026,2,2026-Q2
Terrain 01 et 1/4 lot à Djagblé non loin du CEG,VENTE,Terrain,djagble,23000000.0,,750.0,,30667.0,coinafrique,,2026,2,2026-Q2
Terrain à Totsi Gblinkome non loin de dynastie,VENTE,Terrain,totsi,23000000.0,,600.0,,38333.0,coinafrique,,2026,2,2026-Q2
Terrain 1/2lot à Totsi,VENTE,Terrain,totsi,23000000.0,,300.0,,76667.0,coinafrique,,2026,2,2026-Q2
Terrain demi lot - Agoe,VENTE,Terrain,agoe,23000000.0,,600.0,,38333.0,coinafrique,,2026,2,2026-Q2
Terrain 258m² à Avedji,VENTE,Terrain,avedji,23000000.0,,258.0,,89147.0,coinafrique,,2026,2,2026-Q2
Terrain 1 lot à Zossimé,VENTE,Terrain,zossime,23000000.0,,600.0,,38333.0,coinafrique,,2026,2,2026-Q2
Terrain 4 lots collés au bord de goudron de contournement à Noepe,VENTE,Terrain,noepe,22500000.0,,2400.0,,9375.0,coinafrique,,2026,2,2026-Q2
Terrain 3/4 lot - Adidogomé,VENTE,Terrain,adidogome,22000000.0,,2400.0,,9167.0,coinafrique,,2026,2,2026-Q2
Terrain 2 lots - Somayaf,VENTE,Terrain,somayaf,22000000.0,,1200.0,,18333.0,coinafrique,,2026,2,2026-Q2
Terrain 3 lots - Adétikopé,VENTE,Terrain,adetikope,22000000.0,,1800.0,,12222.0,coinafrique,,2026,2,2026-Q2
Terrain 3/4 lots - adidogomé,VENTE,Terrain,adidogome,22000000.0,,2400.0,,9167.0,coinafrique,,2026,2,2026-Q2
Terrain 3/4 lot - Adidogomé Atigangomé,VENTE,Terrain,adidogome,22000000.0,,2400.0,,9167.0,coinafrique,,2026,2,2026-Q2
Terrain 12 lots collés avec TF à legbassito bookpoko à 900 m de goudron,VENTE,Terrain,legbassito bookpoko a,22000000.0,,7200.0,,3056.0,coinafrique,,2026,2,2026-Q2
Terrain 1 Lot - Kohé,VENTE,Terrain,kohe,22000000.0,,600.0,,36667.0,coinafrique,,2026,2,2026-Q2
Terrain 1 lot à Zanguera,VENTE,Terrain,zanguera,22000000.0,,600.0,,36667.0,coinafrique,,2026,2,2026-Q2
Terrain 1 lot - Zanguera,VENTE,Terrain,zanguera,22000000.0,,600.0,,36667.0,coinafrique,,2026,2,2026-Q2
Vente terrain 1/2 lot avédji ceg,VENTE,Terrain,avedji,22000000.0,,300.0,,73333.0,coinafrique,,2026,2,2026-Q2
Terrain 292 m² - Avenou,VENTE,Terrain,avenou,22000000.0,,292.0,,75342.0,coinafrique,,2026,2,2026-Q2
Terrain 1/2 lot - Agoè,VENTE,Terrain,agoe,22000000.0,,300.0,,73333.0,coinafrique,,2026,2,2026-Q2
Terrain 1 lot à Djagblé,VENTE,Terrain,djagble,22000000.0,,600.0,,36667.0,coinafrique,,2026,2,2026-Q2
Terrain 1 lot à 50 m du goudron Legbassito,VENTE,Terrain,legbassito,22000000.0,,600.0,,36667.0,coinafrique,,2026,2,2026-Q2
Terrain - Adjougba,VENTE,Terrain,adjougba,22000000.0,,600.0,,36667.0,coinafrique,,2026,2,2026-Q2
Terrain 1/2 lot à Agoé Minamadou,VENTE,Terrain,minamadou,22000000.0,,300.0,,73333.0,coinafrique,,2026,2,2026-Q2
Terrain 1 lot - Agbodrafo,VENTE,Terrain,agbodrafo,22000000.0,,600.0,,36667.0,coinafrique,,2026,2,2026-Q2
Terrain 1lot 665m2 - Apessito,VENTE,Terrain,apessito,22000000.0,,600.0,,36667.0,coinafrique,,2026,2,2026-Q2
Terrain ½ Lot avec 2 chambres salon - Agoè Sogbossito,VENTE,Terrain,agoe,22000000.0,2.0,600.0,,36667.0,coinafrique,,2026,2,2026-Q2
Terrain à Agoè demakpoè,VENTE,Terrain,agoe,22000000.0,,600.0,,36667.0,coinafrique,,2026,2,2026-Q2
Terrain 1 lot à Agoè Legbassito,VENTE,Terrain,agoe,22000000.0,,600.0,,36667.0,coinafrique,,2026,2,2026-Q2
Terrain 600 m² - Djagblé,VENTE,Terrain,djagble,22000000.0,,600.0,,36667.0,coinafrique,,2026,2,2026-Q2
Parcelle demi lot à Baguida,VENTE,Terrain,baguida,22000000.0,,300.0,,73333.0,coinafrique,,2026,2,2026-Q2
Parcelle 1/2 lot au bord du goudron à Ayassor Cacavéli,VENTE,Terrain,cacaveli,22000000.0,,300.0,,73333.0,coinafrique,,2026,2,2026-Q2
Terrain à Ségbé,VENTE,Terrain,segbe,22000000.0,,600.0,,36667.0,coinafrique,,2026,2,2026-Q2
Terrain - Agoè cacaveli,VENTE,Terrain,agoe,20000000.0,,600.0,,33333.0,coinafrique,,2026,2,2026-Q2
Terrains 1/2lot - Adidogomé,VENTE,Terrain,adidogome,20000000.0,,300.0,,66667.0,coinafrique,,2026,2,2026-Q2
Terrains 24000 m² - Lomé,VENTE,Terrain,lome,20000000.0,,24000.0,,833.0,coinafrique,,2026,2,2026-Q2
Terrain 1/2 lot - Atiégou,VENTE,Terrain,attiegou,20000000.0,,300.0,,66667.0,coinafrique,,2026,2,2026-Q2
Terrain 1/2 lot à Attiegou église catholique,VENTE,Terrain,attiegou eglise catholique,20000000.0,,300.0,,66667.0,coinafrique,,2026,2,2026-Q2
Terrain 1/2 lot à Apedokoé à Adidogomé ipg,VENTE,Terrain,adidogome,20000000.0,,300.0,,66667.0,coinafrique,,2026,2,2026-Q2
Terrain - Attiégou,VENTE,Terrain,attiegou,20000000.0,,600.0,,33333.0,coinafrique,,2026,2,2026-Q2
Terrain - Avédji,VENTE,Terrain,avedji,20000000.0,,600.0,,33333.0,coinafrique,,2026,2,2026-Q2
Terrain 1 lot à Dagué,VENTE,Terrain,dague,20000000.0,,600.0,,33333.0,coinafrique,,2026,2,2026-Q2
Terrain - Avedji,VENTE,Terrain,avedji,20000000.0,,600.0,,33333.0,coinafrique,,2026,2,2026-Q2
Terrain 5 lots collés bord goudron à Klobatémé,VENTE,Terrain,klobateme,20000000.0,,3000.0,,6667.0,coinafrique,,2026,2,2026-Q2
Terrain 3/4 lot - Agoe sogbossito,VENTE,Terrain,sogbossito,20000000.0,,2400.0,,8333.0,coinafrique,,2026,2,2026-Q2
Terrain 1 lot - Zanguéra,VENTE,Terrain,zanguera,20000000.0,,600.0,,33333.0,coinafrique,,2026,2,2026-Q2
Terrain 1lot - Adidogomé,VENTE,Terrain,adidogome,20000000.0,,600.0,,33333.0,coinafrique,,2026,2,2026-Q2
Terrain 3/4 lot - Adidogome apedokoe,VENTE,Terrain,apedokoe,20000000.0,,2400.0,,8333.0,coinafrique,,2026,2,2026-Q2
Terrain 4 lots collés avec tf à Zanguéra ancienne poste de péage,VENTE,Terrain,zanguera,20000000.0,,2400.0,,8333.0,coinafrique,,2026,2,2026-Q2
Terrain 2 lots à Apessito Moekopé,VENTE,Terrain,apessito moekope,20000000.0,,1200.0,,16667.0,coinafrique,,2026,2,2026-Q2
Terrain 2 lots angle rue Apessito Moekope,VENTE,Terrain,apessito moekope,20000000.0,,1200.0,,16667.0,coinafrique,,2026,2,2026-Q2
Terrain 2 lots à Noépé Agomé,VENTE,Terrain,noepe agome,20000000.0,,1200.0,,16667.0,coinafrique,,2026,2,2026-Q2
Terrain 1 lot pas loin du goudron Segbe Akato,VENTE,Terrain,akato,20000000.0,,600.0,,33333.0,coinafrique,,2026,2,2026-Q2
Terrain 1/2 lot Agoe telessou carrefour Tazo,VENTE,Terrain,telessou,20000000.0,,300.0,,66667.0,coinafrique,,2026,2,2026-Q2
Terrain 1 lot - Agodeké,VENTE,Terrain,agodeka,20000000.0,,600.0,,33333.0,coinafrique,,2026,2,2026-Q2
Terrain 1/2 lot - Adidogomé,VENTE,Terrain,adidogome,20000000.0,,300.0,,66667.0,coinafrique,,2026,2,2026-Q2
Terrains 4 lots - Zanguéra,VENTE,Terrain,zanguera,20000000.0,,2400.0,,8333.0,coinafrique,,2026,2,2026-Q2
Terrain à 2 lots collés 1200m² Djagble Aveta,VENTE,Terrain,djagble aveta,20000000.0,,1200.0,,16667.0,coinafrique,,2026,2,2026-Q2
Terrain 1/2 lot - Adidogome,VENTE,Terrain,adidogome,20000000.0,,300.0,,66667.0,coinafrique,,2026,2,2026-Q2
Terrain + 4 pièces - Zanguéra,VENTE,Terrain,zanguera,20000000.0,4.0,600.0,,33333.0,coinafrique,,2026,2,2026-Q2
Terrain 1 lot à Djagble,VENTE,Terrain,djagble,20000000.0,,600.0,,33333.0,coinafrique,,2026,2,2026-Q2
Terrain ¾ de lot à Adidogome apedokoe,VENTE,Terrain,apedokoe,20000000.0,,600.0,,33333.0,coinafrique,,2026,2,2026-Q2
Terrain 3/4 de lot Adidogomé Apédokoé,VENTE,Terrain,adidogome,20000000.0,,600.0,,33333.0,coinafrique,,2026,2,2026-Q2
Terrain 1 lot à Adidogomé Sagbado Logoté,VENTE,Terrain,adidogome,20000000.0,,600.0,,33333.0,coinafrique,,2026,2,2026-Q2
Terrain - Adidogomé,VENTE,Terrain,adidogome,20000000.0,,600.0,,33333.0,coinafrique,,2026,2,2026-Q2
Terrain à Agoè koffi pannou,VENTE,Terrain,agoe,20000000.0,,600.0,,33333.0,coinafrique,,2026,2,2026-Q2
Terrain avec chambre salon á 400m du Carrefour Amarinta cour primaire,VENTE,Terrain,amarinta,20000000.0,,600.0,,33333.0,coinafrique,,2026,2,2026-Q2
Parcelle 1 lot à Djagblé a 500 m du goudron,VENTE,Terrain,djagble a,20000000.0,,600.0,,33333.0,coinafrique,,2026,2,2026-Q2
Terrain 2 lots à Legbassito quartier Belgique,VENTE,Terrain,legbassito quartier belgique,20000000.0,,1200.0,,16667.0,coinafrique,,2026,2,2026-Q2
Terrain clôturé à Adidogomé wognome,VENTE,Terrain,adidogome,20000000.0,,600.0,,33333.0,coinafrique,,2026,2,2026-Q2
Terrain 1/2 lot - Kegué 14,VENTE,Terrain,kegue,20000000.0,,300.0,,66667.0,coinafrique,,2026,2,2026-Q2
Terrain 300m² - Grand marché de lomé,VENTE,Terrain,assigame,20000000.0,,300.0,,66667.0,coinafrique,,2026,2,2026-Q2
Terrain 1/2 lot - Baguida,VENTE,Terrain,baguida,20000000.0,,300.0,,66667.0,coinafrique,,2026,2,2026-Q2
Terrain 1/2 lot - Agoè Sogbossito,VENTE,Terrain,agoe,20000000.0,,300.0,,66667.0,coinafrique,,2026,2,2026-Q2
Terrain 1lot à Agoè Légbassito,VENTE,Terrain,agoe,20000000.0,,600.0,,33333.0,coinafrique,,2026,2,2026-Q2
Terrain 01 lot bien clôturé TF à Zanguera Kleme château,VENTE,Terrain,zanguera kleme chateau,20000000.0,,600.0,,33333.0,coinafrique,,2026,2,2026-Q2
Terrain 1 lot à Legbassito,VENTE,Terrain,legbassito,20000000.0,,600.0,,33333.0,coinafrique,,2026,2,2026-Q2
Terrain agricole - Gamé,VENTE,Terrain,game,20000000.0,,600.0,,33333.0,coinafrique,,2026,2,2026-Q2
Terrain 1 lot Adidogome logote,VENTE,Terrain,logote,20000000.0,,600.0,,33333.0,coinafrique,,2026,2,2026-Q2
Terrain 1/2 lot Agoe entreprise de l'union,VENTE,Terrain,entreprise de l union,20000000.0,,300.0,,66667.0,coinafrique,,2026,2,2026-Q2
Terain 600 m² Agoe Légbassito zovadjin,VENTE,Terrain,legbassito,20000000.0,,600.0,,33333.0,coinafrique,,2026,2,2026-Q2
Terrain - Agoè Koffi Pannou,VENTE,Terrain,agoe,20000000.0,,600.0,,33333.0,coinafrique,,2026,2,2026-Q2
Terrain 1/2 lot à Baguida derrière la cité boad,VENTE,Terrain,baguida,20000000.0,,300.0,,66667.0,coinafrique,,2026,2,2026-Q2
Terrain ½ lot à Baguida,VENTE,Terrain,baguida,20000000.0,,150.0,,133333.0,coinafrique,,2026,2,2026-Q2
Terrain 300m² à Baguida,VENTE,Terrain,baguida,20000000.0,,300.0,,66667.0,coinafrique,,2026,2,2026-Q2
Terrain 5 lots - Akato,VENTE,Terrain,akato,20000000.0,,3000.0,,6667.0,coinafrique,,2026,2,2026-Q2
Terrain 600 m² - Djagblé,VENTE,Terrain,djagble,20000000.0,,600.0,,33333.0,coinafrique,,2026,2,2026-Q2
Terrain angle rue à Zanguera avec titre foncier,VENTE,Terrain,zanguera,20000000.0,,600.0,,33333.0,coinafrique,,2026,2,2026-Q2
Terrain 3/4 de lot à agoè cool catché,VENTE,Terrain,agoe,20000000.0,,450.0,,44444.0,coinafrique,,2026,2,2026-Q2
Terrain 1/2 lot angle de rues - agoé - legbassito,VENTE,Terrain,legbassito,20000000.0,,300.0,,66667.0,coinafrique,,2026,2,2026-Q2
Terrain TF 488m² à 3/4 lot 488m² clôturé à Adidogomé Apedokoè,VENTE,Terrain,adidogome,20000000.0,,488.0,,40984.0,coinafrique,,2026,2,2026-Q2
Terrain demi lot carré - Togo,VENTE,Terrain,togo 2000,20000000.0,,600.0,,33333.0,coinafrique,,2026,2,2026-Q2
Terrain à Baguida derrière la cité mBoad,VENTE,Terrain,baguida,20000000.0,,600.0,,33333.0,coinafrique,,2026,2,2026-Q2
"Terrain 1 lot à Kpalimé,quartier nyivemé",VENTE,Terrain,nyiveme publi,20000000.0,,600.0,,33333.0,coinafrique,,2026,2,2026-Q2
Terrain 1lot cloturè 602m2 - Zanguera,VENTE,Terrain,zanguera,20000000.0,,600.0,,33333.0,coinafrique,,2026,2,2026-Q2
Terrain 1/2 lot à Agoè Démakpoè,VENTE,Terrain,agoe,20000000.0,,300.0,,66667.0,coinafrique,,2026,2,2026-Q2
Terrain 1 lot 602 m² - Zanguéra,VENTE,Terrain,zanguera,20000000.0,,600.0,,33333.0,coinafrique,,2026,2,2026-Q2
Terrain demi lot à Ayassor cacavéli,VENTE,Terrain,cacaveli,20000000.0,,600.0,,33333.0,coinafrique,,2026,2,2026-Q2
Terrain 5 lots collés - Zanguéra,VENTE,Terrain,zanguera,20000000.0,,3000.0,,6667.0,coinafrique,,2026,2,2026-Q2
Terrain à Akato,VENTE,Terrain,akato,20000000.0,,600.0,,33333.0,coinafrique,,2026,2,2026-Q2
Terrain 1/2 lot à Cacavéli,VENTE,Terrain,cacaveli,20000000.0,,300.0,,66667.0,coinafrique,,2026,2,2026-Q2
Terrain en angle rue clôturé avec titre persoll+ une pièce vcd externe - Zanguera,VENTE,Terrain,zanguera,20000000.0,,600.0,,33333.0,coinafrique,,2026,2,2026-Q2
Terrain 1/2lot à Agoe Fiovi,VENTE,Terrain,fiovi,20000000.0,,300.0,,66667.0,coinafrique,,2026,2,2026-Q2
Terrain 3lots à Zanguéra,VENTE,Terrain,zanguera,20000000.0,,1800.0,,11111.0,coinafrique,,2026,2,2026-Q2
Terrain en chantier - Lomé Sagbado,VENTE,Terrain,sagbado,20000000.0,,600.0,,33333.0,coinafrique,,2026,2,2026-Q2
Terrain 2 lots collés - aAessito côté opposé de la pharmacie bakoe avec accès facile et direct à 300 mètres de la grande voie. document: titre foncierprix:20 millions,VENTE,Terrain,apessito,20000000.0,,1200.0,,16667.0,coinafrique,,2026,2,2026-Q2
Terrain 1 lot à Djagblé gato kopé,VENTE,Terrain,djagble gato kope,20000000.0,,600.0,,33333.0,coinafrique,,2026,2,2026-Q2
Terrain 2 lots collés à Apessito côté opposé de la pharmacie bakoe avec accès facile et direct à 300 mètres de la grande voie. document: titre foncierprix:20 millions,VENTE,Terrain,apessito,20000000.0,,1200.0,,16667.0,coinafrique,,2026,2,2026-Q2
Terrain - Kleme djigbe,VENTE,Terrain,kleme djigbe,19800000.0,,600.0,,33000.0,coinafrique,,2026,2,2026-Q2
Terrain 1/2 lot - Bè Klikamé,VENTE,Terrain,be,19000000.0,,300.0,,63333.0,coinafrique,,2026,2,2026-Q2
Terrain 1/2 lot à 600 m du goudron Avepozo,VENTE,Terrain,avepozo,19000000.0,,300.0,,63333.0,coinafrique,,2026,2,2026-Q2
Terrain 1 lot Agbavi côté plage,VENTE,Terrain,agbavi,19000000.0,,600.0,,31667.0,coinafrique,,2026,2,2026-Q2
Terrain 1/2 lot à Minamadou 2,VENTE,Terrain,minamadou,19000000.0,,300.0,,63333.0,coinafrique,,2026,2,2026-Q2
Terrain 1200m² à Zanguera,VENTE,Terrain,zanguera,19000000.0,,1200.0,,15833.0,coinafrique,,2026,2,2026-Q2
Terrain 1/2lot Amadahomè pharmacie izis,VENTE,Terrain,amadahome,18000000.0,,300.0,,60000.0,coinafrique,,2026,2,2026-Q2
Terrain 1/4 lot solidement clôturé a avedji limousine - Avédji,VENTE,Terrain,avedji,18000000.0,,150.0,,120000.0,coinafrique,,2026,2,2026-Q2
Terrain 1/2 lot - Adidogomé,VENTE,Terrain,adidogome,18000000.0,,300.0,,60000.0,coinafrique,,2026,2,2026-Q2
Terrain 1/2 à Amadahomé,VENTE,Terrain,amadahome,18000000.0,,300.0,,60000.0,coinafrique,,2026,2,2026-Q2
Terrain 1/4 lot - Hedranawoé,VENTE,Terrain,hedzranawoe,18000000.0,,150.0,,120000.0,coinafrique,,2026,2,2026-Q2
Terrain 1/4 lot - Agoè 2lions,VENTE,Terrain,agoe,18000000.0,,150.0,,120000.0,coinafrique,,2026,2,2026-Q2
À terrain 1/4 lot - Hedranawoé,VENTE,Terrain,hedzranawoe,18000000.0,,150.0,,120000.0,coinafrique,,2026,2,2026-Q2
Terrain 2 lots à Apessito moekope,VENTE,Terrain,apessito moekope,18000000.0,,1200.0,,15000.0,coinafrique,,2026,2,2026-Q2
Terrain 1 lot - Adetikopé,VENTE,Terrain,adetikope,18000000.0,,600.0,,30000.0,coinafrique,,2026,2,2026-Q2
Terrain 2 lots e à Apessito Moekopé,VENTE,Terrain,apessito moekope,18000000.0,,1200.0,,15000.0,coinafrique,,2026,2,2026-Q2
Terrain 3/4 lot - Adidigome,VENTE,Terrain,adidogome,18000000.0,,2400.0,,7500.0,coinafrique,,2026,2,2026-Q2
Terrain 1 lot - zanguera ucao,VENTE,Terrain,zanguera ucao,18000000.0,,600.0,,30000.0,coinafrique,,2026,2,2026-Q2
Terrain 1/2 lot - Amadahomè Pharmacie,VENTE,Terrain,amadahome,18000000.0,,300.0,,60000.0,coinafrique,,2026,2,2026-Q2
Terrain 1/2 lot bien clôturé à Adidogome Awatame,VENTE,Terrain,awatame,18000000.0,,300.0,,60000.0,coinafrique,,2026,2,2026-Q2
Terrain 14 Lots collés - Adeticope non loin d' usine voltic,VENTE,Terrain,adetikope,18000000.0,,8400.0,,2143.0,coinafrique,,2026,2,2026-Q2
Terrain 1 lot - Agoè Sogbossito,VENTE,Terrain,agoe,18000000.0,,600.0,,30000.0,coinafrique,,2026,2,2026-Q2
Terrain 300m² - Agoe fiovi cool catsé,VENTE,Terrain,fiovi,18000000.0,,300.0,,60000.0,coinafrique,,2026,2,2026-Q2
Terrain 1/2 lots - Sogbossito,VENTE,Terrain,sogbossito,18000000.0,,300.0,,60000.0,coinafrique,,2026,2,2026-Q2
Terrain 1 lot à Adidogomé Apedokoè,VENTE,Terrain,adidogome,18000000.0,,600.0,,30000.0,coinafrique,,2026,2,2026-Q2
Terrain 14 lots à Adetikope,VENTE,Terrain,adetikope,18000000.0,,8400.0,,2143.0,coinafrique,,2026,2,2026-Q2
Terrain 1/4 de lot à Agoé assiyeye,VENTE,Terrain,assiyeye,18000000.0,,150.0,,120000.0,coinafrique,,2026,2,2026-Q2
Terrain 14 lots collés à Adetikope non de l'usine voltic,VENTE,Terrain,adetikope,18000000.0,,8400.0,,2143.0,coinafrique,,2026,2,2026-Q2
Terrain 1 lot TF à à Zanguera Klikame Agbleliko,VENTE,Terrain,zanguera klikame agbleliko,18000000.0,,600.0,,30000.0,coinafrique,,2026,2,2026-Q2
Terrain 1/4lot - Agoe,VENTE,Terrain,agoe,18000000.0,,150.0,,120000.0,coinafrique,,2026,2,2026-Q2
Terrain 1/2lot TF à Agoe Logopé bar tazo,VENTE,Terrain,logope bar tazo,18000000.0,,300.0,,60000.0,coinafrique,,2026,2,2026-Q2
Terrain 1/2lot - Adidogome,VENTE,Terrain,adidogome,18000000.0,,300.0,,60000.0,coinafrique,,2026,2,2026-Q2
Terrain demi lot clôturé avec 3 pièces entre Sagbado agotime logoté,VENTE,Terrain,sagbado logote,18000000.0,3.0,600.0,,30000.0,coinafrique,,2026,2,2026-Q2
Terrain 2lots nus à Zanguera,VENTE,Terrain,zanguera,18000000.0,,1200.0,,15000.0,coinafrique,,2026,2,2026-Q2
"Terrain TF 2 lots nus collés, situés à Zanguera",VENTE,Terrain,zanguera,18000000.0,,1200.0,,15000.0,coinafrique,,2026,2,2026-Q2
Terrain 1lot - Kpalime,VENTE,Terrain,kpalime,18000000.0,,600.0,,30000.0,coinafrique,,2026,2,2026-Q2
Terrain demi - lot à Legbassito,VENTE,Terrain,legbassito,18000000.0,,600.0,,30000.0,coinafrique,,2026,2,2026-Q2
Terrain 1/2 lot à zanguéra,VENTE,Terrain,zanguera,18000000.0,,300.0,,60000.0,coinafrique,,2026,2,2026-Q2
Terrain3 lots à Segbe akato,VENTE,Terrain,segbe akato,18000000.0,,1800.0,,10000.0,coinafrique,,2026,2,2026-Q2
Terrain 1/2 lot - Legbassito,VENTE,Terrain,legbassito,18000000.0,,300.0,,60000.0,coinafrique,,2026,2,2026-Q2
Terrain 2 lots à Zanguera,VENTE,Terrain,zanguera,18000000.0,,1200.0,,15000.0,coinafrique,,2026,2,2026-Q2
Terrain à Adetikopé,VENTE,Terrain,adetikope,17500000.0,,600.0,,29167.0,coinafrique,,2026,2,2026-Q2
Terrain 4 lots collés avec TF à Adetikope,VENTE,Terrain,adetikope,17500000.0,,2400.0,,7292.0,coinafrique,,2026,2,2026-Q2
Terrain 6 lots à Adetikope,VENTE,Terrain,adetikope,17500000.0,,3600.0,,4861.0,coinafrique,,2026,2,2026-Q2
Terrain 1/4 lot - Adidogomé,VENTE,Terrain,adidogome,17500000.0,,150.0,,116667.0,coinafrique,,2026,2,2026-Q2
Terrain 1/2 lot à 40 m du goudron Segbe douane,VENTE,Terrain,segbe,17500000.0,,300.0,,58333.0,coinafrique,,2026,2,2026-Q2
Terrain 14lots à Adeticope,VENTE,Terrain,adetikope,17500000.0,,8400.0,,2083.0,coinafrique,,2026,2,2026-Q2
Terrain 1 lot à Adidogome Sagbado,VENTE,Terrain,sagbado,17000000.0,,600.0,,28333.0,coinafrique,,2026,2,2026-Q2
Terrain - Zanguera,VENTE,Terrain,zanguera,17000000.0,,600.0,,28333.0,coinafrique,,2026,2,2026-Q2
Terrain 1/4 lot à Adidogome Attigangome,VENTE,Terrain,attigangome,17000000.0,,150.0,,113333.0,coinafrique,,2026,2,2026-Q2
Terrain 10 lots à Akepe,VENTE,Terrain,akepe,17000000.0,,6000.0,,2833.0,coinafrique,,2026,2,2026-Q2
Terrain de 1 lot à Agovoudou cote lac,VENTE,Terrain,agovoudou cote lac,17000000.0,,600.0,,28333.0,coinafrique,,2026,2,2026-Q2
Terrain 1/4 de lot à à Djidjolé,VENTE,Terrain,djidjole,17000000.0,,150.0,,113333.0,coinafrique,,2026,2,2026-Q2
Parcelle 242 m² - Baguida,VENTE,Terrain,baguida,17000000.0,,242.0,,70248.0,coinafrique,,2026,2,2026-Q2
Terrain 1/4 lot clôturé à Avédji limousine,VENTE,Terrain,avedji,17000000.0,,150.0,,113333.0,coinafrique,,2026,2,2026-Q2
Terrain 1/4 lot - Avedji,VENTE,Terrain,avedji,17000000.0,,150.0,,113333.0,coinafrique,,2026,2,2026-Q2
Terrain 1/4 lot - Adidogomé Atigangomé au bord du goudron,VENTE,Terrain,adidogome,17000000.0,,150.0,,113333.0,coinafrique,,2026,2,2026-Q2
Terrain 1/2 lot contenant 7 pièces - Avédji pharmacie apolon,VENTE,Terrain,avedji,17000000.0,7.0,300.0,,56667.0,coinafrique,,2026,2,2026-Q2
Terrain 10 lots - Aképé,VENTE,Terrain,akepe,17000000.0,,6000.0,,2833.0,coinafrique,,2026,2,2026-Q2
Terrain 15 lots avec titre foncier à amAképé,VENTE,Terrain,akepe,17000000.0,,9000.0,,1889.0,coinafrique,,2026,2,2026-Q2
Terrain 1/4 lot - Agoè Minamadou,VENTE,Terrain,agoe,17000000.0,,150.0,,113333.0,coinafrique,,2026,2,2026-Q2
Terrai - Aképé,VENTE,Terrain,akepe,17000000.0,,600.0,,28333.0,coinafrique,,2026,2,2026-Q2
Terrain 1/2 lot - Adeticopé,VENTE,Terrain,adetikope,17000000.0,,300.0,,56667.0,coinafrique,,2026,2,2026-Q2
Terrain 300m² à Avedji,VENTE,Terrain,avedji,17000000.0,,300.0,,56667.0,coinafrique,,2026,2,2026-Q2
Terrain 1/8lot à Agoé Kelegougan,VENTE,Terrain,kelegougan,17000000.0,,4800.0,,3542.0,coinafrique,,2026,2,2026-Q2
Terrain 1 lot - Ségbé,VENTE,Terrain,segbe,17000000.0,,600.0,,28333.0,coinafrique,,2026,2,2026-Q2
Terrain 300m² à Zanguéra Klémé,VENTE,Terrain,zanguera,17000000.0,,300.0,,56667.0,coinafrique,,2026,2,2026-Q2
Terrain 1/2 lot à Vakpossito,VENTE,Terrain,vakpossito,17000000.0,,300.0,,56667.0,coinafrique,,2026,2,2026-Q2
Terrain 1 lot - Zanguéra,VENTE,Terrain,zanguera,17000000.0,,600.0,,28333.0,coinafrique,,2026,2,2026-Q2
Terrain 1/2 lot Adidogome Sagbado,VENTE,Terrain,sagbado,17000000.0,,300.0,,56667.0,coinafrique,,2026,2,2026-Q2
Terrain á Zanguéra l,VENTE,Terrain,zanguera,17000000.0,,600.0,,28333.0,coinafrique,,2026,2,2026-Q2
Terrain 460m² soit un 3/4 á Zanguéra lieu dit Fozui,VENTE,Terrain,zanguera,17000000.0,,460.0,,36957.0,coinafrique,,2026,2,2026-Q2
Terrain à Agbelouve avec Titre foncier,VENTE,Terrain,agbelouve,17000000.0,,600.0,,28333.0,coinafrique,,2026,2,2026-Q2
Terrain 1lot - Segbe,VENTE,Terrain,segbe,17000000.0,,600.0,,28333.0,coinafrique,,2026,2,2026-Q2
Terrain à Segbe,VENTE,Terrain,segbe,17000000.0,,600.0,,28333.0,coinafrique,,2026,2,2026-Q2
Terrain 1/2 lot à Adidogome Sagbado,VENTE,Terrain,sagbado,17000000.0,,300.0,,56667.0,coinafrique,,2026,2,2026-Q2
Terrain 1/2 lot à Agoè Legbassito,VENTE,Terrain,agoe,17000000.0,,300.0,,56667.0,coinafrique,,2026,2,2026-Q2
Terrain - Segbe,VENTE,Terrain,segbe,17000000.0,,600.0,,28333.0,coinafrique,,2026,2,2026-Q2
Terrain 1 lot à Segbe avec titre foncier,VENTE,Terrain,segbe,17000000.0,,600.0,,28333.0,coinafrique,,2026,2,2026-Q2
Terrain 600 m² - Lomé,VENTE,Terrain,lome,17000000.0,,600.0,,28333.0,coinafrique,,2026,2,2026-Q2
Terrain 2 lots à Djagblé Aveta,VENTE,Terrain,djagble aveta,17000000.0,,1200.0,,14167.0,coinafrique,,2026,2,2026-Q2
Terrain 1lot à Akato viepe,VENTE,Terrain,akato viepe,16500000.0,,600.0,,27500.0,coinafrique,,2026,2,2026-Q2
Terrain 1/2 lot a déduire sur 1 lot à Vakpossito,VENTE,Terrain,vakpossito,16500000.0,,300.0,,55000.0,coinafrique,,2026,2,2026-Q2
Terrain 1 lot à akato,VENTE,Terrain,akato,16500000.0,,600.0,,27500.0,coinafrique,,2026,2,2026-Q2
Terrain 1/2 lot - Zanguéra,VENTE,Terrain,zanguera,16000000.0,,300.0,,53333.0,coinafrique,,2026,2,2026-Q2
Terrain 2lots - Davier,VENTE,Terrain,davier,16000000.0,,1200.0,,13333.0,coinafrique,,2026,2,2026-Q2
Terrain à Agoé Legbassito Zovadijin,VENTE,Terrain,legbassito zovadijin,16000000.0,,600.0,,26667.0,coinafrique,,2026,2,2026-Q2
Terrain 1 lot 600m² à Djagblé abolavé,VENTE,Terrain,djagble abolave,16000000.0,,600.0,,26667.0,coinafrique,,2026,2,2026-Q2
Terrain 4ha à Tsevie,VENTE,Terrain,tsevie,16000000.0,,600.0,,26667.0,coinafrique,,2026,2,2026-Q2
Terrain 1 lot - Agoe zossimé,VENTE,Terrain,zossime,16000000.0,,600.0,,26667.0,coinafrique,,2026,2,2026-Q2
Terrains 600 m² - Lomé,VENTE,Terrain,lome,16000000.0,,600.0,,26667.0,coinafrique,,2026,2,2026-Q2
Parcelle 4 lots - Noépé,VENTE,Terrain,noepe,16000000.0,,2400.0,,6667.0,coinafrique,,2026,2,2026-Q2
Terrain 1 lots à à Agoè Sogbossito,VENTE,Terrain,agoe,16000000.0,,600.0,,26667.0,coinafrique,,2026,2,2026-Q2
Terrain 1 lot - Apessito,VENTE,Terrain,apessito,16000000.0,,600.0,,26667.0,coinafrique,,2026,2,2026-Q2
Terrain sur 1/2lot à Adidogome wonyome catholique pour 16000000f,VENTE,Terrain,wonyome catholique pour,16000000.0,,300.0,,53333.0,coinafrique,,2026,2,2026-Q2
Terrain - Djidjole,VENTE,Terrain,djidjole,16000000.0,,600.0,,26667.0,coinafrique,,2026,2,2026-Q2
Terrain 1 lot - Zanguera,VENTE,Terrain,zanguera,16000000.0,,600.0,,26667.0,coinafrique,,2026,2,2026-Q2
Terrain 6 lots collés à Kovié Djéméké Atidin,VENTE,Terrain,kovie djemeke atidin,16000000.0,,3600.0,,4444.0,coinafrique,,2026,2,2026-Q2
Terrain 1/2 lot carré clôturé - Adidogomè kohé,VENTE,Terrain,kohe,16000000.0,,300.0,,53333.0,coinafrique,,2026,2,2026-Q2
Parcelle - Agoè Sogbossito,VENTE,Terrain,agoe,16000000.0,,600.0,,26667.0,coinafrique,,2026,2,2026-Q2
Terrain 3/4 de lot soit 486m² Au bord du goudron jeanPaul2,VENTE,Terrain,novissi,16000000.0,,486.0,,32922.0,coinafrique,,2026,2,2026-Q2
Terrain 3/4 à 800 m du goudron Zanguera - kleme,VENTE,Terrain,kleme,16000000.0,,450.0,,35556.0,coinafrique,,2026,2,2026-Q2
Terrain 1 lot clôturé à kégué zogbedi,VENTE,Terrain,kegue,16000000.0,,600.0,,26667.0,coinafrique,,2026,2,2026-Q2
Terrain 1lot cloturé - Kegue,VENTE,Terrain,kegue,16000000.0,,600.0,,26667.0,coinafrique,,2026,2,2026-Q2
Terrain 12 lots - Djagblé,VENTE,Terrain,djagble,16000000.0,,7200.0,,2222.0,coinafrique,,2026,2,2026-Q2
Terrain demi lot carré à Agoé sogbossito,VENTE,Terrain,sogbossito,16000000.0,,600.0,,26667.0,coinafrique,,2026,2,2026-Q2
Terrain ½ lot à Adidogomé,VENTE,Terrain,adidogome,16000000.0,,600.0,,26667.0,coinafrique,,2026,2,2026-Q2
Terrain 1/2 lot clôturé á Vakpossito,VENTE,Terrain,vakpossito,16000000.0,,300.0,,53333.0,coinafrique,,2026,2,2026-Q2
Terrain à Agoé Sogbossito,VENTE,Terrain,sogbossito,16000000.0,,600.0,,26667.0,coinafrique,,2026,2,2026-Q2
Terrain 1/2 lot - Adidogome Sagbado,VENTE,Terrain,sagbado,16000000.0,,300.0,,53333.0,coinafrique,,2026,2,2026-Q2
Terrain 1/2 lot - Agoè,VENTE,Terrain,agoe,16000000.0,,300.0,,53333.0,coinafrique,,2026,2,2026-Q2
Terrain - Zanguera,VENTE,Terrain,zanguera,16000000.0,,600.0,,26667.0,coinafrique,,2026,2,2026-Q2
Terrain 563m² à Légbassito,VENTE,Terrain,legbassito,16000000.0,,563.0,,28419.0,coinafrique,,2026,2,2026-Q2
Terrain 1lot à Apessito avec constructions,VENTE,Terrain,apessito,16000000.0,,600.0,,26667.0,coinafrique,,2026,2,2026-Q2
Terrain 1 lot à Legbassito,VENTE,Terrain,legbassito,16000000.0,,600.0,,26667.0,coinafrique,,2026,2,2026-Q2
Terrain 1lot à Apessito,VENTE,Terrain,apessito,16000000.0,,600.0,,26667.0,coinafrique,,2026,2,2026-Q2
Terrain 01 lot à Apessito,VENTE,Terrain,apessito,16000000.0,,600.0,,26667.0,coinafrique,,2026,2,2026-Q2
Terrain - Kégue,VENTE,Terrain,kegue,15000000.0,,600.0,,25000.0,coinafrique,,2026,2,2026-Q2
Terrain 1/2 lot - Agoe sogbossito,VENTE,Terrain,sogbossito,15000000.0,,300.0,,50000.0,coinafrique,,2026,2,2026-Q2
Terrain 1/2 lot cloturé à Adidogomé,VENTE,Terrain,adidogome,15000000.0,,300.0,,50000.0,coinafrique,,2026,2,2026-Q2
Terrain 1/2 - Agoé,VENTE,Terrain,agoe,15000000.0,,300.0,,50000.0,coinafrique,,2026,2,2026-Q2
Terrain 1 lot + 1 pièces - Adidogomé,VENTE,Terrain,adidogome,15000000.0,1.0,600.0,,25000.0,coinafrique,,2026,2,2026-Q2
Terrain 1/2 lot - Adidogomé,VENTE,Terrain,adidogome,15000000.0,,300.0,,50000.0,coinafrique,,2026,2,2026-Q2
Terrain 1/2 lot - Adidogomé base ébomaf,VENTE,Terrain,adidogome,15000000.0,,300.0,,50000.0,coinafrique,,2026,2,2026-Q2
Terrain 2½ lots collés - Djagble,VENTE,Terrain,djagble,15000000.0,,1500.0,,10000.0,coinafrique,,2026,2,2026-Q2
Terrain 1/4 lot à Agoè adougba derrière la maison de bawarra avec tf,VENTE,Terrain,agoe,15000000.0,,150.0,,100000.0,coinafrique,,2026,2,2026-Q2
Terrain 1/2 lot - Kpogan,VENTE,Terrain,kpogan,15000000.0,,300.0,,50000.0,coinafrique,,2026,2,2026-Q2
Terrain 1/2 lot - Zanguéra,VENTE,Terrain,zanguera,15000000.0,,300.0,,50000.0,coinafrique,,2026,2,2026-Q2
Terrain 10 lots - Adétikopé,VENTE,Terrain,adetikope,15000000.0,,6000.0,,2500.0,coinafrique,,2026,2,2026-Q2
Terrain 1/4 lot - Attiegou,VENTE,Terrain,attiegou,15000000.0,,150.0,,100000.0,coinafrique,,2026,2,2026-Q2
Terrain à Zanguera,VENTE,Terrain,zanguera,15000000.0,,600.0,,25000.0,coinafrique,,2026,2,2026-Q2
Terrain à Avepozo côté plage,VENTE,Terrain,avepozo cote plage,15000000.0,,600.0,,25000.0,coinafrique,,2026,2,2026-Q2
Terrain 04 lots - Agoe apessito,VENTE,Terrain,apessito,15000000.0,,2400.0,,6250.0,coinafrique,,2026,2,2026-Q2
Terrain 1/2 lot à Lomé Agoé,VENTE,Terrain,agoe,15000000.0,,300.0,,50000.0,coinafrique,,2026,2,2026-Q2
Terrain ¼ de lot à Yokoe,VENTE,Terrain,yokoe,15000000.0,,150.0,,100000.0,coinafrique,,2026,2,2026-Q2
Terrain 4 lots à Noèpe,VENTE,Terrain,noepe,15000000.0,,2400.0,,6250.0,coinafrique,,2026,2,2026-Q2
Terrain demi lot clôturé à Adidogomé CEG Sagbado,VENTE,Terrain,adidogome,15000000.0,,600.0,,25000.0,coinafrique,,2026,2,2026-Q2
Vente 10 lots collés au bord de goudron à NOÈPE,VENTE,Terrain,noepe,15000000.0,,6000.0,,2500.0,coinafrique,,2026,2,2026-Q2
Terrain 1/2 lot à Agoe nadegbé,VENTE,Terrain,nanegbe,15000000.0,,300.0,,50000.0,coinafrique,,2026,2,2026-Q2
Terrain 1 lot - Adetikope,VENTE,Terrain,adetikope,15000000.0,,600.0,,25000.0,coinafrique,,2026,2,2026-Q2
Terrain 1/2 lot angle à Agoè Amadinta non loin du ceg amadinta,VENTE,Terrain,agoe,15000000.0,,300.0,,50000.0,coinafrique,,2026,2,2026-Q2
Terrain 1/2 lot à Agoè danliko,VENTE,Terrain,agoe,15000000.0,,300.0,,50000.0,coinafrique,,2026,2,2026-Q2
Terrain 1/2 lot au bord d'une grande voie de 20m au CEG Nanégbe,VENTE,Terrain,nanegbe,15000000.0,,300.0,,50000.0,coinafrique,,2026,2,2026-Q2
"Terrain 3 lots - Legbassito,",VENTE,Terrain,legbassito,15000000.0,,1800.0,,8333.0,coinafrique,,2026,2,2026-Q2
Terrain - Agoè Legbassito(,VENTE,Terrain,agoe,15000000.0,,600.0,,25000.0,coinafrique,,2026,2,2026-Q2
Terrain 1 lot face au goudron de UCAO Zanguera,VENTE,Terrain,zanguera ucao,15000000.0,,600.0,,25000.0,coinafrique,,2026,2,2026-Q2
Terrain 1/2 lot à Agoe Zossimé,VENTE,Terrain,zossime,15000000.0,,300.0,,50000.0,coinafrique,,2026,2,2026-Q2
Terrain 1/2 lot - Agbata,VENTE,Terrain,agbata,15000000.0,,300.0,,50000.0,coinafrique,,2026,2,2026-Q2
Terrain 2 lots - Lomé,VENTE,Terrain,lome,15000000.0,,1200.0,,12500.0,coinafrique,,2026,2,2026-Q2
Terrain 1 lot à Zanguera Afiadenynigan,VENTE,Terrain,zanguera afiadenynigan,15000000.0,,600.0,,25000.0,coinafrique,,2026,2,2026-Q2
Terrain 3 lots à Kpessi,VENTE,Terrain,kpessi,15000000.0,,1800.0,,8333.0,coinafrique,,2026,2,2026-Q2
Terrain à Avepozo,VENTE,Terrain,avepozo,15000000.0,,600.0,,25000.0,coinafrique,,2026,2,2026-Q2
Terrain - Adidogomé,VENTE,Terrain,adidogome,15000000.0,,600.0,,25000.0,coinafrique,,2026,2,2026-Q2
Terrain 1/2 lot clôturer - Agoe legbassito,VENTE,Terrain,legbassito,15000000.0,,300.0,,50000.0,coinafrique,,2026,2,2026-Q2
Terrain 6 lots collés - Segbé,VENTE,Terrain,segbe,15000000.0,,3600.0,,4167.0,coinafrique,,2026,2,2026-Q2
Terrain vide + 1/4 lot - Agoè Logope,VENTE,Terrain,agoe,15000000.0,,150.0,,100000.0,coinafrique,,2026,2,2026-Q2
Terain 350m² - Adidogomé boukarou,VENTE,Terrain,adidogome,15000000.0,,350.0,,42857.0,coinafrique,,2026,2,2026-Q2
Terrain à à Sanguera au lieu - dit Afidegnigban,VENTE,Terrain,zanguera afidegnigban,15000000.0,,600.0,,25000.0,coinafrique,,2026,2,2026-Q2
Terrain 1/4 de lot à déduire d'une maison sise à Totsi,VENTE,Terrain,totsi,15000000.0,,150.0,,100000.0,coinafrique,,2026,2,2026-Q2
Terrain demi lot 10/30 à Adidogomé Apédokoe,VENTE,Terrain,adidogome,15000000.0,,300.0,,50000.0,coinafrique,,2026,2,2026-Q2
Terrain 4 lots collés à Zanguéra,VENTE,Terrain,zanguera,15000000.0,,2400.0,,6250.0,coinafrique,,2026,2,2026-Q2
Terrain 9 lots à Djagble,VENTE,Terrain,djagble,15000000.0,,5400.0,,2778.0,coinafrique,,2026,2,2026-Q2
Terrain 1/2 lot Zanguera Sanyrame,VENTE,Terrain,sanyrame,15000000.0,,300.0,,50000.0,coinafrique,,2026,2,2026-Q2
Terrain 1 lot - Akato Deme,VENTE,Terrain,akato deme,15000000.0,,600.0,,25000.0,coinafrique,,2026,2,2026-Q2
Terrain à Totsi 200m goudron,VENTE,Terrain,totsi,15000000.0,,600.0,,25000.0,coinafrique,,2026,2,2026-Q2
Terrain 3/4 lot - Adidogomé boukarou,VENTE,Terrain,adidogome,15000000.0,,2400.0,,6250.0,coinafrique,,2026,2,2026-Q2
Terrain 1 lot - Kpessi,VENTE,Terrain,kpessi,15000000.0,,600.0,,25000.0,coinafrique,,2026,2,2026-Q2
Terrain 3 lots - Legbassito,VENTE,Terrain,legbassito,15000000.0,,1800.0,,8333.0,coinafrique,,2026,2,2026-Q2
Terrain 1 lot a Agoe legbassito,VENTE,Terrain,legbassito,15000000.0,,600.0,,25000.0,coinafrique,,2026,2,2026-Q2
Terrain 360 m² à Agoe Legbassito,VENTE,Terrain,legbassito,15000000.0,,360.0,,41667.0,coinafrique,,2026,2,2026-Q2
Terrain demi - lot carré clôturé 2 pièces inachevées 04 rues terrain rare à Lomé à Légbassito/cité Attieme,VENTE,Terrain,legbassito,15000000.0,2.0,600.0,,25000.0,coinafrique,,2026,2,2026-Q2
Terrain à Agoe nenegbé a de l'école anastasia,VENTE,Terrain,nanegbe,15000000.0,,600.0,,25000.0,coinafrique,,2026,2,2026-Q2
Terrain à Adidogomé Boukarou,VENTE,Terrain,adidogome,15000000.0,,600.0,,25000.0,coinafrique,,2026,2,2026-Q2
Terrain 300 m² - Agoè Sogbossito,VENTE,Terrain,agoe,15000000.0,,300.0,,50000.0,coinafrique,,2026,2,2026-Q2
Terrain 8 lots à Noepe,VENTE,Terrain,noepe,15000000.0,,4800.0,,3125.0,coinafrique,,2026,2,2026-Q2
Terrain 1/4 lot à Attiègou sokpanou,VENTE,Terrain,attiegou sokpanou,15000000.0,,150.0,,100000.0,coinafrique,,2026,2,2026-Q2
Terrain clôturé à Legbassito et du bar anago 1,VENTE,Terrain,legbassito et du bar anago,15000000.0,,600.0,,25000.0,coinafrique,,2026,2,2026-Q2
Terrain 1/2 lot à Adidogome avec titre foncier,VENTE,Terrain,adidogome,15000000.0,,300.0,,50000.0,coinafrique,,2026,2,2026-Q2
Terrain 10lots - Zanguéra akepedo,VENTE,Terrain,zanguera,15000000.0,,6000.0,,2500.0,coinafrique,,2026,2,2026-Q2
Terrain 8lots collès - Noepe,VENTE,Terrain,noepe,15000000.0,,4800.0,,3125.0,coinafrique,,2026,2,2026-Q2
Terrain 1 lot à Akato,VENTE,Terrain,akato,15000000.0,,600.0,,25000.0,coinafrique,,2026,2,2026-Q2
Terrain 10 lots clôturés - Zanguera Akeped jérusalem,VENTE,Terrain,zanguera akepedo,15000000.0,,6000.0,,2500.0,coinafrique,,2026,2,2026-Q2
Terrain 1/2 Lot - Adidogome Amandahome à côté des rails,VENTE,Terrain,amadahome,15000000.0,,300.0,,50000.0,coinafrique,,2026,2,2026-Q2
Terrain 2 lots - Légbassito,VENTE,Terrain,legbassito,15000000.0,,1200.0,,12500.0,coinafrique,,2026,2,2026-Q2
Terrain 1 lot à Nanégbé,VENTE,Terrain,nanegbe,15000000.0,,600.0,,25000.0,coinafrique,,2026,2,2026-Q2
Terrain 1/2 lot à adidogome yokoe,VENTE,Terrain,yokoe,15000000.0,,300.0,,50000.0,coinafrique,,2026,2,2026-Q2
Terrain 1/2 Lot Amandahomey,VENTE,Terrain,amadahome,15000000.0,,300.0,,50000.0,coinafrique,,2026,2,2026-Q2
Parcelle 15 ha - Bagbe,VENTE,Terrain,bagbe,15000000.0,,150000.0,,100.0,coinafrique,,2026,2,2026-Q2
Terrain 3 ha - Tsévié Gblainvié,VENTE,Terrain,tsevie gblainvie,15000000.0,,600.0,,25000.0,coinafrique,,2026,2,2026-Q2
Terrain 1/2 lot à Agoè legbassito madjikpèto juste a peine 100m du goudron ou du carrefour de l'hôpital de madjikpèto papier : plan simple+ mandat prix : *15 millions à débattre légèrement*,VENTE,Terrain,agoe,15000000.0,,300.0,,50000.0,coinafrique,,2026,2,2026-Q2
Terrain 1/2 lot - Adidogomé Apedokoè,VENTE,Terrain,adidogome,14500000.0,,300.0,,48333.0,coinafrique,,2026,2,2026-Q2
Terrain 2 lots Kpome,VENTE,Terrain,kpome,14500000.0,,1200.0,,12083.0,coinafrique,,2026,2,2026-Q2
Terrain 1½ lots - Apessito,VENTE,Terrain,apessito,14000000.0,,900.0,,15556.0,coinafrique,,2026,2,2026-Q2
Terrains - Akepe,VENTE,Terrain,akepe,14000000.0,,600.0,,23333.0,coinafrique,,2026,2,2026-Q2
Terrain 596 m² - Noepé,VENTE,Terrain,noepe,14000000.0,,596.0,,23490.0,coinafrique,,2026,2,2026-Q2
Terrain 14 lots - Clobateme,VENTE,Terrain,klobateme,14000000.0,,8400.0,,1667.0,coinafrique,,2026,2,2026-Q2
Terrain 1/2 lot - Avédji carrefour margot,VENTE,Terrain,avedji,14000000.0,,300.0,,46667.0,coinafrique,,2026,2,2026-Q2
Terrain 1/2 lot à Bokpokoe,VENTE,Terrain,bokpokoe,14000000.0,,300.0,,46667.0,coinafrique,,2026,2,2026-Q2
Terrain 1 lot - Agoè Zossimé,VENTE,Terrain,agoe,14000000.0,,600.0,,23333.0,coinafrique,,2026,2,2026-Q2
Terrain 14 lots collés - Agoè clobatèmè,VENTE,Terrain,agoe,14000000.0,,8400.0,,1667.0,coinafrique,,2026,2,2026-Q2
Terrain 1 lot face voie de 14m à 800 mètres du goudron à Legbassito Avinato,VENTE,Terrain,legbassito avinato,14000000.0,,600.0,,23333.0,coinafrique,,2026,2,2026-Q2
Terrain 1/2 lot Agoe Vakpossito,VENTE,Terrain,vakpossito,14000000.0,,300.0,,46667.0,coinafrique,,2026,2,2026-Q2
Terrain 600 m² - Zanguera Kleme,VENTE,Terrain,zanguera kleme,14000000.0,,600.0,,23333.0,coinafrique,,2026,2,2026-Q2
Terrain 2.5 lots - Kovié Centre Ville,VENTE,Terrain,kovie centre ville,14000000.0,,1200.0,,11667.0,coinafrique,,2026,2,2026-Q2
Terrain 1/2 lot à Agoe sogbossito avec titre foncier,VENTE,Terrain,sogbossito,14000000.0,,300.0,,46667.0,coinafrique,,2026,2,2026-Q2
Terrain 1 lot à Apedokoé,VENTE,Terrain,apedokoe,14000000.0,,600.0,,23333.0,coinafrique,,2026,2,2026-Q2
Terrain à entre Gbodjomé et Devikeme,VENTE,Terrain,gbodjome,14000000.0,,600.0,,23333.0,coinafrique,,2026,2,2026-Q2
Terrain 1/2 lot - Démakpoè,VENTE,Terrain,demakpoe,14000000.0,,300.0,,46667.0,coinafrique,,2026,2,2026-Q2
Parcelle demi lots nu clôturé Adidogomé Sagbado logoté,VENTE,Terrain,adidogome,14000000.0,,600.0,,23333.0,coinafrique,,2026,2,2026-Q2
Terrain 1/2 lot - Carrefour Zossimé,VENTE,Terrain,zossime,14000000.0,,300.0,,46667.0,coinafrique,,2026,2,2026-Q2
Terrain 1/2 lot - Segbe,VENTE,Terrain,segbe,14000000.0,,300.0,,46667.0,coinafrique,,2026,2,2026-Q2
Terrain 1/2lot - Agoe,VENTE,Terrain,agoe,14000000.0,,300.0,,46667.0,coinafrique,,2026,2,2026-Q2
Terrain 1 lot et 4 lots - Apessito,VENTE,Terrain,apessito,14000000.0,,600.0,,23333.0,coinafrique,,2026,2,2026-Q2
Terrain 1/2 lot - Afidenygba,VENTE,Terrain,afidenygba,14000000.0,,300.0,,46667.0,coinafrique,,2026,2,2026-Q2
Terrain 4 lots à Apessito,VENTE,Terrain,apessito,14000000.0,,2400.0,,5833.0,coinafrique,,2026,2,2026-Q2
Terrain ½ lot bien clôturée à côté de l'église catholique angle de rue,VENTE,Terrain,assigame,140000000.0,,600.0,,233333.0,coinafrique,,2026,2,2026-Q2
Terrain 600 m² - Adétikopé,VENTE,Terrain,adetikope,13500000.0,,600.0,,22500.0,coinafrique,,2026,2,2026-Q2
Terrain 1/2 lot à Zanguéra,VENTE,Terrain,zanguera,13500000.0,,300.0,,45000.0,coinafrique,,2026,2,2026-Q2
Terrain 3 hectares à Tsévié Gblainvié,VENTE,Terrain,tsevie gblainvie,13500000.0,,600.0,,22500.0,coinafrique,,2026,2,2026-Q2
Terrain 1 lot à Adidogomé ancienne douane carrefour,VENTE,Terrain,adidogome,13000000.0,,600.0,,21667.0,coinafrique,,2026,2,2026-Q2
Terrain à Agoè Démakpoè,VENTE,Terrain,agoe,13000000.0,,600.0,,21667.0,coinafrique,,2026,2,2026-Q2
Terrain 1/2 lot 300m² à Kpogan,VENTE,Terrain,kpogan,13000000.0,,300.0,,43333.0,coinafrique,,2026,2,2026-Q2
Terrain 1/2 lot à Zanguéra,VENTE,Terrain,zanguera,13000000.0,,300.0,,43333.0,coinafrique,,2026,2,2026-Q2
Terrain lot clôturés à Hedjanawoe,VENTE,Terrain,hedzranawoe,13000000.0,,600.0,,21667.0,coinafrique,,2026,2,2026-Q2
Terrain 1 lot à quartier la paix Apessito,VENTE,Terrain,apessito,13000000.0,,600.0,,21667.0,coinafrique,,2026,2,2026-Q2
Terrain 1/2 lot - Adidogomé,VENTE,Terrain,adidogome,13000000.0,,300.0,,43333.0,coinafrique,,2026,2,2026-Q2
Terrain 1/2 lot - Legbassito kové,VENTE,Terrain,legbassito kove,13000000.0,,300.0,,43333.0,coinafrique,,2026,2,2026-Q2
"Terrain 1/2 lot a Agoè danliko,",VENTE,Terrain,agoe,13000000.0,,300.0,,43333.0,coinafrique,,2026,2,2026-Q2
Terrain 1/2 lot clôturé Adidogome apedokoe base ebomaf,VENTE,Terrain,apedokoe,13000000.0,,300.0,,43333.0,coinafrique,,2026,2,2026-Q2
Terrain 1/2 lot à 200 m du goudron Zanguera,VENTE,Terrain,zanguera,13000000.0,,300.0,,43333.0,coinafrique,,2026,2,2026-Q2
Terrain à Djagblé,VENTE,Terrain,djagble,13000000.0,,600.0,,21667.0,coinafrique,,2026,2,2026-Q2
Terrain - Davié Tékpo,VENTE,Terrain,davie tekpo,13000000.0,,600.0,,21667.0,coinafrique,,2026,2,2026-Q2
Terrain 1/2 lot clôturé Adidogomè zanguera,VENTE,Terrain,zanguera,13000000.0,,300.0,,43333.0,coinafrique,,2026,2,2026-Q2
Terrain 1/2 lot clôturé - Didogomé Apédokoè base ébomaf,VENTE,Terrain,apedokoe,13000000.0,,300.0,,43333.0,coinafrique,,2026,2,2026-Q2
Terrain 04 lots - kpala - mission tové,VENTE,Terrain,mission tove,13000000.0,,2400.0,,5417.0,coinafrique,,2026,2,2026-Q2
Terrain 1 lot à Vakpossito,VENTE,Terrain,vakpossito,13000000.0,,600.0,,21667.0,coinafrique,,2026,2,2026-Q2
Terrain 6 lots - Akepedo,VENTE,Terrain,akepedo,13000000.0,,3600.0,,3611.0,coinafrique,,2026,2,2026-Q2
Terrain à Agoè Assiyéyé,VENTE,Terrain,agoe,13000000.0,,600.0,,21667.0,coinafrique,,2026,2,2026-Q2
Terrain 1/4 lot - Agoè,VENTE,Terrain,agoe,13000000.0,,150.0,,86667.0,coinafrique,,2026,2,2026-Q2
Terrain 24 lots dont 18 collés à Koala,VENTE,Terrain,kpala,13000000.0,,14400.0,,903.0,coinafrique,,2026,2,2026-Q2
Terain 1/4 lot - Agoe assiyéyé main de dieu,VENTE,Terrain,assiyeye,13000000.0,,150.0,,86667.0,coinafrique,,2026,2,2026-Q2
Terrain 4 lots à kpala - mission tové avec titre foncier,VENTE,Terrain,mission tove,13000000.0,,2400.0,,5417.0,coinafrique,,2026,2,2026-Q2
Terrain lots clôturés situés à Akepedo,VENTE,Terrain,akepedo,13000000.0,,600.0,,21667.0,coinafrique,,2026,2,2026-Q2
Terrain - Kegue,VENTE,Terrain,kegue,13000000.0,,600.0,,21667.0,coinafrique,,2026,2,2026-Q2
Terrains à Akepedo,VENTE,Terrain,akepedo,13000000.0,,600.0,,21667.0,coinafrique,,2026,2,2026-Q2
Terrain à Akepedo,VENTE,Terrain,akepedo,13000000.0,,600.0,,21667.0,coinafrique,,2026,2,2026-Q2
Terrain 1/2 lot à lomé Togo,VENTE,Terrain,lome,13000000.0,,300.0,,43333.0,coinafrique,,2026,2,2026-Q2
Terrain 1/2 lot ouvert sur 2 voies Segbe Zionto,VENTE,Terrain,zionto,12500000.0,,300.0,,41667.0,coinafrique,,2026,2,2026-Q2
Terrain - Davié,VENTE,Terrain,davie,12500000.0,,600.0,,20833.0,coinafrique,,2026,2,2026-Q2
Terrain 1/2 lot à Adidogome Wognome,VENTE,Terrain,wonyome,12000000.0,,300.0,,40000.0,coinafrique,,2026,2,2026-Q2
Terrain 1 lot - Apessito,VENTE,Terrain,apessito,12000000.0,,600.0,,20000.0,coinafrique,,2026,2,2026-Q2
Terrain 1/4 lot - Bè pharmacie cristal,VENTE,Terrain,be,12000000.0,,150.0,,80000.0,coinafrique,,2026,2,2026-Q2
Terrain 1/4 de lot a Agoè klévé,VENTE,Terrain,agoe,12000000.0,,150.0,,80000.0,coinafrique,,2026,2,2026-Q2
Terrain 5 hectares à Noepe,VENTE,Terrain,noepe,12000000.0,,50000.0,,240.0,coinafrique,,2026,2,2026-Q2
Terrain 1/4 lot - Bè,VENTE,Terrain,be,12000000.0,,150.0,,80000.0,coinafrique,,2026,2,2026-Q2
Terrain 1/2 lot à Adidogomé sagbado ceg,VENTE,Terrain,adidogome,12000000.0,,300.0,,40000.0,coinafrique,,2026,2,2026-Q2
Terrain 1/2 lot clôturer - Adidogomé sagbado,VENTE,Terrain,adidogome,12000000.0,,300.0,,40000.0,coinafrique,,2026,2,2026-Q2
Terrain 1/4 lot à Agoè assiyeye algo,VENTE,Terrain,agoe,12000000.0,,150.0,,80000.0,coinafrique,,2026,2,2026-Q2
Terrain 1 lot à Agbodrafo djassémé,VENTE,Terrain,agbodrafo djasseme,12000000.0,,600.0,,20000.0,coinafrique,,2026,2,2026-Q2
Terrain demi lot à Adidogome,VENTE,Terrain,adidogome,12000000.0,,600.0,,20000.0,coinafrique,,2026,2,2026-Q2
Terrain à Agoè Légbassito,VENTE,Terrain,agoe,12000000.0,,600.0,,20000.0,coinafrique,,2026,2,2026-Q2
Terrain 1/2 - Agoe djikamé,VENTE,Terrain,djikame,12000000.0,,300.0,,40000.0,coinafrique,,2026,2,2026-Q2
Terrain 1 lot - Agbodrafo,VENTE,Terrain,agbodrafo,12000000.0,,600.0,,20000.0,coinafrique,,2026,2,2026-Q2
Terrain 3/4 lot - Legbassito,VENTE,Terrain,legbassito,12000000.0,,2400.0,,5000.0,coinafrique,,2026,2,2026-Q2
Terrain 1 lot au goudron principal d'Aneho,VENTE,Terrain,aneho,12000000.0,,600.0,,20000.0,coinafrique,,2026,2,2026-Q2
Terrain 1/2 lot - Agoè danliko,VENTE,Terrain,agoe,12000000.0,,300.0,,40000.0,coinafrique,,2026,2,2026-Q2
Terrain 1/2 lot - Legbassito,VENTE,Terrain,legbassito,12000000.0,,300.0,,40000.0,coinafrique,,2026,2,2026-Q2
Terrain 1/2 lot clôturer - Adidogome ceg sagbado,VENTE,Terrain,adidogome,12000000.0,,300.0,,40000.0,coinafrique,,2026,2,2026-Q2
Terrain 1 lot à adetikope,VENTE,Terrain,adetikope,12000000.0,,600.0,,20000.0,coinafrique,,2026,2,2026-Q2
Terrain à Yidavé,VENTE,Terrain,yidave,12000000.0,,600.0,,20000.0,coinafrique,,2026,2,2026-Q2
Terrains 481 m² - Lomé,VENTE,Terrain,lome,12000000.0,,481.0,,24948.0,coinafrique,,2026,2,2026-Q2
Terrain à Zanguéra,VENTE,Terrain,zanguera,12000000.0,,600.0,,20000.0,coinafrique,,2026,2,2026-Q2
Terrain 1/4 lot - Kégué hôtel maximum,VENTE,Terrain,kegue,12000000.0,,150.0,,80000.0,coinafrique,,2026,2,2026-Q2
Terrain 1/4 lot - Avedji léo2000,VENTE,Terrain,avedji leo2000,12000000.0,,150.0,,80000.0,coinafrique,,2026,2,2026-Q2
"Terrain 1/2 Lot à Agoè Legbassito Bokpoko,",VENTE,Terrain,agoe,12000000.0,,300.0,,40000.0,coinafrique,,2026,2,2026-Q2
Terrain 1/4 lot carré à Minamadou Océanos,VENTE,Terrain,minamadou oceanos,12000000.0,,150.0,,80000.0,coinafrique,,2026,2,2026-Q2
Terrain 1/4 lot à Agoe Minamadou,VENTE,Terrain,minamadou,12000000.0,,150.0,,80000.0,coinafrique,,2026,2,2026-Q2
Terrain 1/4 lots - Agoè,VENTE,Terrain,agoe,12000000.0,,150.0,,80000.0,coinafrique,,2026,2,2026-Q2
Parcelle 600m² 1 lot à Adetikopé lieu dit Kpotavé,VENTE,Terrain,adetikope kpotave,12000000.0,,600.0,,20000.0,coinafrique,,2026,2,2026-Q2
Terrain 1/2 clôturé Adidogome sagbado,VENTE,Terrain,sagbado,12000000.0,,300.0,,40000.0,coinafrique,,2026,2,2026-Q2
Terrain 600 m² - Dalavé,VENTE,Terrain,dalave,12000000.0,,600.0,,20000.0,coinafrique,,2026,2,2026-Q2
Terrain - Klémé,VENTE,Terrain,kleme,12000000.0,,600.0,,20000.0,coinafrique,,2026,2,2026-Q2
Terrain au bord du goudron de la route nationale Lomé - kpalimé à Noepé,VENTE,Terrain,kpalime a noepe,12000000.0,,600.0,,20000.0,coinafrique,,2026,2,2026-Q2
Terrain 1/2 lot carré à Agoè Legbassito Athiemé,VENTE,Terrain,agoe,12000000.0,,300.0,,40000.0,coinafrique,,2026,2,2026-Q2
Terrain - Danliko,VENTE,Terrain,danliko,12000000.0,,600.0,,20000.0,coinafrique,,2026,2,2026-Q2
Terrain à Kégué Tsinga,VENTE,Terrain,kegue,12000000.0,,600.0,,20000.0,coinafrique,,2026,2,2026-Q2
Terrain agricole 2 lots - Noepé Ville,VENTE,Terrain,noepe ville,12000000.0,,1200.0,,10000.0,coinafrique,,2026,2,2026-Q2
Terrain 3 lots à kpala,VENTE,Terrain,kpala,12000000.0,,1800.0,,6667.0,coinafrique,,2026,2,2026-Q2
Parcelle - Agoe Lègbassito kognito,VENTE,Terrain,legbassito kognito,12000000.0,,600.0,,20000.0,coinafrique,,2026,2,2026-Q2
Terrain 4 lots collés Djagble aveta,VENTE,Terrain,aveta,12000000.0,,2400.0,,5000.0,coinafrique,,2026,2,2026-Q2
Terrain 567m² à Lomé Togo,VENTE,Terrain,lome,12000000.0,,567.0,,21164.0,coinafrique,,2026,2,2026-Q2
Terrain demi - lot cloturé à Legbassito,VENTE,Terrain,legbassito,12000000.0,,600.0,,20000.0,coinafrique,,2026,2,2026-Q2
Terrain 1/2 lot - Agoe Legbassito,VENTE,Terrain,legbassito,12000000.0,,300.0,,40000.0,coinafrique,,2026,2,2026-Q2
Terrain 1/2 lot à Légbassito,VENTE,Terrain,legbassito,12000000.0,,300.0,,40000.0,coinafrique,,2026,2,2026-Q2
Parcelle - Djagble Lebe adidome,VENTE,Terrain,djagble lebe adidome,12000000.0,,600.0,,20000.0,coinafrique,,2026,2,2026-Q2
Terrain 1/2 lot à Agoe amarinta,VENTE,Terrain,amarinta,11500000.0,,300.0,,38333.0,coinafrique,,2026,2,2026-Q2
Terrain à ZANGUERA Afiadegnigban,VENTE,Terrain,zanguera afiadegnigban,11500000.0,,600.0,,19167.0,coinafrique,,2026,2,2026-Q2
Terrain 1/4 lot - Agoè Klévé,VENTE,Terrain,agoe,11500000.0,,150.0,,76667.0,coinafrique,,2026,2,2026-Q2
Terrain 1/2 loy - Adidogomé,VENTE,Terrain,adidogome,11500000.0,,300.0,,38333.0,coinafrique,,2026,2,2026-Q2
Terrain ½ lot à Zanguera Agbeliko,VENTE,Terrain,zanguera,11000000.0,,300.0,,36667.0,coinafrique,,2026,2,2026-Q2
Terrain 1/2lot - Vakpossito,VENTE,Terrain,vakpossito,11000000.0,,300.0,,36667.0,coinafrique,,2026,2,2026-Q2
Terrain ½ lot carré angle à Zanguera Agbeliko,VENTE,Terrain,zanguera,11000000.0,,300.0,,36667.0,coinafrique,,2026,2,2026-Q2
Terrain 1/2 lot à Assemmblée de Dieu Apesito,VENTE,Terrain,apessito,11000000.0,,300.0,,36667.0,coinafrique,,2026,2,2026-Q2
Terrain 30 lots à Klobateme,VENTE,Terrain,klobateme,11000000.0,,18000.0,,611.0,coinafrique,,2026,2,2026-Q2
Terrain 1/4 lot angle à Sanguéra kohé,VENTE,Terrain,zanguera kohe,11000000.0,,150.0,,73333.0,coinafrique,,2026,2,2026-Q2
Terrain 1/4 lot angle à Sanguéra Kohé,VENTE,Terrain,zanguera kohe,11000000.0,,150.0,,73333.0,coinafrique,,2026,2,2026-Q2
Terrain de 1/2 lot derrière église ensemblée de Dieu Vakpossito,VENTE,Terrain,vakpossito,11000000.0,,300.0,,36667.0,coinafrique,,2026,2,2026-Q2
Terrain 1 lot - Zanguéra,VENTE,Terrain,zanguera,11000000.0,,600.0,,18333.0,coinafrique,,2026,2,2026-Q2
Terrain 1 lot avec tf à Zanguera,VENTE,Terrain,zanguera,11000000.0,,600.0,,18333.0,coinafrique,,2026,2,2026-Q2
Terrain 30 lots - Djagblé,VENTE,Terrain,djagble,11000000.0,,18000.0,,611.0,coinafrique,,2026,2,2026-Q2
Terrain 1 lot - Zanguera Agbeliko,VENTE,Terrain,zanguera,11000000.0,,600.0,,18333.0,coinafrique,,2026,2,2026-Q2
Terrain 300 m² - Klobatem,VENTE,Terrain,klobateme,11000000.0,,300.0,,36667.0,coinafrique,,2026,2,2026-Q2
Terrain 1/2 lot à Zanguera,VENTE,Terrain,zanguera,11000000.0,,300.0,,36667.0,coinafrique,,2026,2,2026-Q2
Terrain 297 m² - Djagblé,VENTE,Terrain,djagble,11000000.0,,297.0,,37037.0,coinafrique,,2026,2,2026-Q2
Terrain 1/2 lots - Legbassito,VENTE,Terrain,legbassito,11000000.0,,300.0,,36667.0,coinafrique,,2026,2,2026-Q2
Terrain - Zanguéra,VENTE,Terrain,zanguera,11000000.0,,600.0,,18333.0,coinafrique,,2026,2,2026-Q2
Terrain 04 lots à Djablé Lebe Adidomé,VENTE,Terrain,djagble lebe adidome,11000000.0,,2400.0,,4583.0,coinafrique,,2026,2,2026-Q2
Terrain 7 lots - Akepedo,VENTE,Terrain,akepedo,11000000.0,,4200.0,,2619.0,coinafrique,,2026,2,2026-Q2
Terrain 1 lot à Aveta,VENTE,Terrain,aveta,11000000.0,,600.0,,18333.0,coinafrique,,2026,2,2026-Q2
Terrain 1/2 lot à Zanguéra,VENTE,Terrain,zanguera,11000000.0,,300.0,,36667.0,coinafrique,,2026,2,2026-Q2
Terrain 1 lot à Akapedo,VENTE,Terrain,akapedo,11000000.0,,600.0,,18333.0,coinafrique,,2026,2,2026-Q2
Terrain 1/4 de lot Addidogome lycée technique 50m du goudron,VENTE,Terrain,adidogome,11000000.0,,150.0,,73333.0,coinafrique,,2026,2,2026-Q2
Terrain 4 lots à Lomé - kpalimé,VENTE,Terrain,kpalime,11000000.0,,2400.0,,4583.0,coinafrique,,2026,2,2026-Q2
Terrain 4 lots à Agbodrafo ahame,VENTE,Terrain,agbodrafo ahame,11000000.0,,2400.0,,4583.0,coinafrique,,2026,2,2026-Q2
Terrain 4 lot clôturés à Segbé akato,VENTE,Terrain,segbe akato,10500000.0,,2400.0,,4375.0,coinafrique,,2026,2,2026-Q2
Terrain 1/4 + maison inachevée de 3 pièces - Agoe apessito,VENTE,Terrain,apessito,10000000.0,3.0,150.0,,66667.0,coinafrique,,2026,2,2026-Q2
Terrain 1/2 lot + 2 boutiques - Zanguéra,VENTE,Terrain,zanguera,10000000.0,,300.0,,33333.0,coinafrique,,2026,2,2026-Q2
Terrain 1/2 lot à Annexe pya avant Adetikopé,VENTE,Terrain,adetikope pya,10000000.0,,300.0,,33333.0,coinafrique,,2026,2,2026-Q2
Terrain 1/2 lot clôturé à Dangbessito,VENTE,Terrain,dangbessito,10000000.0,,300.0,,33333.0,coinafrique,,2026,2,2026-Q2
Terrain 1/2 lot - Agovoudou,VENTE,Terrain,agovoudou,10000000.0,,300.0,,33333.0,coinafrique,,2026,2,2026-Q2
Terrain 1/2 lot clôturé à Zanguera - dagbéssito,VENTE,Terrain,dagbessito,10000000.0,,300.0,,33333.0,coinafrique,,2026,2,2026-Q2
"Terrain 1/2 lot, soit 294m² à Légbassito",VENTE,Terrain,legbassito,10000000.0,,300.0,,33333.0,coinafrique,,2026,2,2026-Q2
Terrain à Lébé Baya Kopé,VENTE,Terrain,lebe baya kope,10000000.0,,600.0,,16667.0,coinafrique,,2026,2,2026-Q2
Terrain demi lot à Agoe Logope,VENTE,Terrain,logope,10000000.0,,600.0,,16667.0,coinafrique,,2026,2,2026-Q2
Terrain 15 lots à akepe à 350 m rn4,VENTE,Terrain,akepe,10000000.0,,9000.0,,1111.0,coinafrique,,2026,2,2026-Q2
Terrain 1 lot angle rue Apessito Moekope,VENTE,Terrain,apessito moekope,10000000.0,,600.0,,16667.0,coinafrique,,2026,2,2026-Q2
Terrain 1/2 lot non loin du goudron Segbe Akato,VENTE,Terrain,akato,10000000.0,,300.0,,33333.0,coinafrique,,2026,2,2026-Q2
"Terrain 1/2 lot à 1,4 km du goudron Agoe Sogbossito",VENTE,Terrain,sogbossito,10000000.0,,300.0,,33333.0,coinafrique,,2026,2,2026-Q2
Terrain 1/2 lot solidement clôturer a konyto,VENTE,Terrain,konyto,10000000.0,,300.0,,33333.0,coinafrique,,2026,2,2026-Q2
Terrain 1/2 lot - Legbassito konyto,VENTE,Terrain,legbassito konyto,10000000.0,,300.0,,33333.0,coinafrique,,2026,2,2026-Q2
Terrain 1lot - Davie,VENTE,Terrain,davie,10000000.0,,600.0,,16667.0,coinafrique,,2026,2,2026-Q2
Terrain 2 lots - Lebe,VENTE,Terrain,lebe,10000000.0,,1200.0,,8333.0,coinafrique,,2026,2,2026-Q2
Terrain 2036m² - Kloto kpalimé,VENTE,Terrain,kpalime,10000000.0,,2036.0,,4912.0,coinafrique,,2026,2,2026-Q2
Terrain 1/2 lot Adidogome Logote,VENTE,Terrain,logote,10000000.0,,300.0,,33333.0,coinafrique,,2026,2,2026-Q2
Terrain 1/2 lot clôturé - Agoè,VENTE,Terrain,agoe,10000000.0,,300.0,,33333.0,coinafrique,,2026,2,2026-Q2
Terain 06 lots zanguéra aképédo,VENTE,Terrain,zanguera,10000000.0,,3600.0,,2778.0,coinafrique,,2026,2,2026-Q2
Parcelle – Agoé Ahonkpoè,VENTE,Terrain,ahonkpoe,10000000.0,,600.0,,16667.0,coinafrique,,2026,2,2026-Q2
Terrains 2 lots à Lédikopé,VENTE,Terrain,ledikope,10000000.0,,1200.0,,8333.0,coinafrique,,2026,2,2026-Q2
Terrain 70 lots à Zanguéra Akepedo,VENTE,Terrain,zanguera,10000000.0,,42000.0,,238.0,coinafrique,,2026,2,2026-Q2
Terrain 1/2 lot à Segbe,VENTE,Terrain,segbe,10000000.0,,300.0,,33333.0,coinafrique,,2026,2,2026-Q2
Terrain demi lot - Legbassito,VENTE,Terrain,legbassito,10000000.0,,600.0,,16667.0,coinafrique,,2026,2,2026-Q2
Terrain à Togokomé,VENTE,Terrain,togokome,10000000.0,,600.0,,16667.0,coinafrique,,2026,2,2026-Q2
Terrain agricole 2 lots - Adetikope,VENTE,Terrain,adetikope,10000000.0,,1200.0,,8333.0,coinafrique,,2026,2,2026-Q2
Terrain 1 lot bien clôturé - Davie,VENTE,Terrain,davie,10000000.0,,600.0,,16667.0,coinafrique,,2026,2,2026-Q2
Terrain - Kpalimé,VENTE,Terrain,kpalime,10000000.0,,600.0,,16667.0,coinafrique,,2026,2,2026-Q2
Terrain 6 lots à Noepe,VENTE,Terrain,noepe,10000000.0,,3600.0,,2778.0,coinafrique,,2026,2,2026-Q2
Terrains 31ha - Lilikope,VENTE,Terrain,lilikope,10000000.0,,310000.0,,32.0,coinafrique,,2026,2,2026-Q2
Terrain TF à Apessito,VENTE,Terrain,apessito,10000000.0,,600.0,,16667.0,coinafrique,,2026,2,2026-Q2
Terrain /2 Lot Sis Agoê kognito,VENTE,Terrain,kognito,10000000.0,,1200.0,,8333.0,coinafrique,,2026,2,2026-Q2
Terrain 8 lots TF à Noépé,VENTE,Terrain,noepe,10000000.0,,4800.0,,2083.0,coinafrique,,2026,2,2026-Q2
Terrain 8 lots Noepé,VENTE,Terrain,noepe,10000000.0,,4800.0,,2083.0,coinafrique,,2026,2,2026-Q2
Terrain 5 lots Adetikope tonoukouti,VENTE,Terrain,adetikope tonoukcope,10000000.0,,3000.0,,3333.0,coinafrique,,2026,2,2026-Q2
Terrain à Aveta,VENTE,Terrain,aveta,10000000.0,,600.0,,16667.0,coinafrique,,2026,2,2026-Q2
Terrain 1 lot à à Aveta,VENTE,Terrain,aveta,10000000.0,,600.0,,16667.0,coinafrique,,2026,2,2026-Q2
Terrain 1/2lot cloturé - Zanguera,VENTE,Terrain,zanguera,10000000.0,,300.0,,33333.0,coinafrique,,2026,2,2026-Q2
Terrain 6 lots à Aképédo,VENTE,Terrain,akepe,10000000.0,,3600.0,,2778.0,coinafrique,,2026,2,2026-Q2
Terrain 2 lots à kovié - Noepe,VENTE,Terrain,noepe,10000000.0,,1200.0,,8333.0,coinafrique,,2026,2,2026-Q2
Terrain - Zanguera,VENTE,Terrain,zanguera,10000000.0,,600.0,,16667.0,coinafrique,,2026,2,2026-Q2
Terrain TF Agoè Zopomahé,VENTE,Terrain,agoe,10000000.0,,600.0,,16667.0,coinafrique,,2026,2,2026-Q2
Terrain 3 lots collés - Adétikopé hotel GMK,VENTE,Terrain,adetikope gmk,9500000.0,,1800.0,,5278.0,coinafrique,,2026,2,2026-Q2
Terrain 400 lots a Apesito,VENTE,Terrain,apessito,9500000.0,,400.0,,23750.0,coinafrique,,2026,2,2026-Q2
Terrain 1/4 de lot semi clôturé à kegue derrière le bar Trocadéro,VENTE,Terrain,kegue,9500000.0,,150.0,,63333.0,coinafrique,,2026,2,2026-Q2
Terrain 1/2 lot - Djagblé,VENTE,Terrain,djagble,9000000.0,,300.0,,30000.0,coinafrique,,2026,2,2026-Q2
Terain 211m² à Agoe Amerinta Assiko,VENTE,Terrain,amerinta assiko,9000000.0,,211.0,,42654.0,coinafrique,,2026,2,2026-Q2
Terrain 1/4 lot à Adidogomé Wognomé otr,VENTE,Terrain,adidogome,9000000.0,,150.0,,60000.0,coinafrique,,2026,2,2026-Q2
Terrain 1/2 lot - Legbassito,VENTE,Terrain,legbassito,9000000.0,,300.0,,30000.0,coinafrique,,2026,2,2026-Q2
Terrain à Aképédo,VENTE,Terrain,akepe,9000000.0,,600.0,,15000.0,coinafrique,,2026,2,2026-Q2
Terrain 600 m² à noèpe au bord de la 70 m de kovie,VENTE,Terrain,kovie,9000000.0,,600.0,,15000.0,coinafrique,,2026,2,2026-Q2
Terrain 1/4 lot - Agoe daliko,VENTE,Terrain,daliko,9000000.0,,150.0,,60000.0,coinafrique,,2026,2,2026-Q2
Terrain 1/4 lot plus à Agoe Legbassito Avinato,VENTE,Terrain,legbassito avinato,9000000.0,,150.0,,60000.0,coinafrique,,2026,2,2026-Q2
Terrain - Adidogome,VENTE,Terrain,adidogome,9000000.0,,600.0,,15000.0,coinafrique,,2026,2,2026-Q2
Terrain 1 lot - Zanguera afiadenygban,VENTE,Terrain,zanguera afiadenygban,9000000.0,,600.0,,15000.0,coinafrique,,2026,2,2026-Q2
"Terrain 1/2 lot de forme triangulaire clôturé à Assiko kloklognipé, a 100m de la grande voie",VENTE,Terrain,assiko,9000000.0,,300.0,,30000.0,coinafrique,,2026,2,2026-Q2
Terrain 1/2 lot - Attiegou Yayra Kopé,VENTE,Terrain,attiegou yayra kope,9000000.0,,300.0,,30000.0,coinafrique,,2026,2,2026-Q2
Parcelle - Zanguera,VENTE,Terrain,zanguera,9000000.0,,600.0,,15000.0,coinafrique,,2026,2,2026-Q2
Terrain à Zanguera Attidjin,VENTE,Terrain,zanguera attidjin,9000000.0,,600.0,,15000.0,coinafrique,,2026,2,2026-Q2
Terrain Demi lot à Sogbossito Nyamasigan,VENTE,Terrain,sogbossito,9000000.0,,600.0,,15000.0,coinafrique,,2026,2,2026-Q2
Terrain 1/2lots à Zanguera Kpala,VENTE,Terrain,zanguera kpala,9000000.0,,300.0,,30000.0,coinafrique,,2026,2,2026-Q2
"Terrain 139m² soit 7,5m/ 18,60 á Agoé baya 2",VENTE,Terrain,baya,9000000.0,,139.0,,64748.0,coinafrique,,2026,2,2026-Q2
Terrain - Lomé Aképé,VENTE,Terrain,akepe,9000000.0,,600.0,,15000.0,coinafrique,,2026,2,2026-Q2
Terrain - Tomdè (kara),VENTE,Terrain,tomde kara,9000000.0,,600.0,,15000.0,coinafrique,,2026,2,2026-Q2
Terrain 1/2 lot à Akato,VENTE,Terrain,akato,9000000.0,,300.0,,30000.0,coinafrique,,2026,2,2026-Q2
Terrain 1/2 lot à Akepe,VENTE,Terrain,akepe,9000000.0,,300.0,,30000.0,coinafrique,,2026,2,2026-Q2
Terrain TF à Mission tove,VENTE,Terrain,mission tove,9000000.0,,600.0,,15000.0,coinafrique,,2026,2,2026-Q2
Parcelle contenant 2 pièces 150m² Agoé Daliko,VENTE,Terrain,daliko,9000000.0,2.0,150.0,,60000.0,coinafrique,,2026,2,2026-Q2
Terrain 700 m² - Grand Marché De Lomé,VENTE,Terrain,assigame,9000000.0,,700.0,,12857.0,coinafrique,,2026,2,2026-Q2
Terrain 1/2 lot Apessito,VENTE,Terrain,apessito,9000000.0,,300.0,,30000.0,coinafrique,,2026,2,2026-Q2
Terrain ½ lot à Apessito non loin de adjoignon,VENTE,Terrain,apessito,9000000.0,,300.0,,30000.0,coinafrique,,2026,2,2026-Q2
Terrain 1/2 lot - Togokomé,VENTE,Terrain,togokome,8500000.0,,300.0,,28333.0,coinafrique,,2026,2,2026-Q2
Terrain 1 lot à Anoepe,VENTE,Terrain,anoepe,8500000.0,,600.0,,14167.0,coinafrique,,2026,2,2026-Q2
Terrain 1/4 lot - Agoé,VENTE,Terrain,agoe,8500000.0,,150.0,,56667.0,coinafrique,,2026,2,2026-Q2
Terrain 1/2 lot - Kpala,VENTE,Terrain,kpala,8500000.0,,300.0,,28333.0,coinafrique,,2026,2,2026-Q2
Terrain 1/2 lot - Agoe Legbassito,VENTE,Terrain,legbassito,8500000.0,,300.0,,28333.0,coinafrique,,2026,2,2026-Q2
Terrain 1 lot à Akepe contournement,VENTE,Terrain,akepe contournement,8500000.0,,600.0,,14167.0,coinafrique,,2026,2,2026-Q2
Terrain 3 lots à akepe,VENTE,Terrain,akepe,8500000.0,,1800.0,,4722.0,coinafrique,,2026,2,2026-Q2
Terrain 1/4 lot - Segbé,VENTE,Terrain,segbe,8500000.0,,2400.0,,3542.0,coinafrique,,2026,2,2026-Q2
Terrain 28 lots collés - Legbassito,VENTE,Terrain,legbassito,8000000.0,,16800.0,,476.0,coinafrique,,2026,2,2026-Q2
Terrain 20 lots collés - Tsevie,VENTE,Terrain,tsevie,8000000.0,,12000.0,,667.0,coinafrique,,2026,2,2026-Q2
Terrain 600 m² - Zopomahé,VENTE,Terrain,zopomahe,8000000.0,,600.0,,13333.0,coinafrique,,2026,2,2026-Q2
Terrain 1/4 lot - Agoe daliko,VENTE,Terrain,daliko,8000000.0,,150.0,,53333.0,coinafrique,,2026,2,2026-Q2
Terrain 2 lots - Avéta,VENTE,Terrain,aveta,8000000.0,,1200.0,,6667.0,coinafrique,,2026,2,2026-Q2
Terrain 1/2 carré à Segbé,VENTE,Terrain,segbe,8000000.0,,300.0,,26667.0,coinafrique,,2026,2,2026-Q2
Terrain 20 lots à Tsevie kpali,VENTE,Terrain,tsevie kpali,8000000.0,,12000.0,,667.0,coinafrique,,2026,2,2026-Q2
Terrain 1/4 lot à sogbossito,VENTE,Terrain,sogbossito,8000000.0,,150.0,,53333.0,coinafrique,,2026,2,2026-Q2
Terrain 8 lots - Noépe,VENTE,Terrain,noepe,8000000.0,,4800.0,,1667.0,coinafrique,,2026,2,2026-Q2
Terrain à Adidogome wognome,VENTE,Terrain,wonyome,8000000.0,,600.0,,13333.0,coinafrique,,2026,2,2026-Q2
Terrain 28lots - Legbassito,VENTE,Terrain,legbassito,8000000.0,,16800.0,,476.0,coinafrique,,2026,2,2026-Q2
Terrain 1 ha - Tsévié,VENTE,Terrain,tsevie,8000000.0,,10000.0,,800.0,coinafrique,,2026,2,2026-Q2
Terrain 1 lot - Agosito,VENTE,Terrain,agosito,8000000.0,,600.0,,13333.0,coinafrique,,2026,2,2026-Q2
Terrain 1 lot au bord du goudron de Hahotoe,VENTE,Terrain,hahotoe,8000000.0,,600.0,,13333.0,coinafrique,,2026,2,2026-Q2
Parcelle - Zanguera,VENTE,Terrain,zanguera,8000000.0,,600.0,,13333.0,coinafrique,,2026,2,2026-Q2
Terrain ½lot (300m²) sur son terrain de 709m² à Agoé Togblékopé Akoin,VENTE,Terrain,togblekope akoin,8000000.0,,300.0,,26667.0,coinafrique,,2026,2,2026-Q2
Terrain 08 lots - Noépé,VENTE,Terrain,noepe,8000000.0,,4800.0,,1667.0,coinafrique,,2026,2,2026-Q2
Terrain 1/2 lot à Dangbessito,VENTE,Terrain,dangbessito,8000000.0,,300.0,,26667.0,coinafrique,,2026,2,2026-Q2
Terrain 709m² à Agoé Togblékopé Akoin,VENTE,Terrain,togblekope akoin,8000000.0,,709.0,,11283.0,coinafrique,,2026,2,2026-Q2
Terrain 1 lot au Péage d’Aképé,VENTE,Terrain,akepe,8000000.0,,600.0,,13333.0,coinafrique,,2026,2,2026-Q2
Terrain demi lot à Kégué Zogbedji,VENTE,Terrain,kegue,8000000.0,,600.0,,13333.0,coinafrique,,2026,2,2026-Q2
Terrains - Apessito,VENTE,Terrain,apessito,8000000.0,,600.0,,13333.0,coinafrique,,2026,2,2026-Q2
Terrain 1 demi lot angle 2 rues clôture à Amerinta,VENTE,Terrain,amarinta,8000000.0,,600.0,,13333.0,coinafrique,,2026,2,2026-Q2
Terrain 279m² à à 45m de la grande route Djagble - abolave,VENTE,Terrain,abolave,8000000.0,,279.0,,28674.0,coinafrique,,2026,2,2026-Q2
"Terrain 1/2 lot Legbassito - Zovadjin, 1km du contournement",VENTE,Terrain,zovadjin,8000000.0,,300.0,,26667.0,coinafrique,,2026,2,2026-Q2
Terrain 1 lot - Aveta,VENTE,Terrain,aveta,8000000.0,,600.0,,13333.0,coinafrique,,2026,2,2026-Q2
Terrain 1/4 lot à Legbassito,VENTE,Terrain,legbassito,8000000.0,,2400.0,,3333.0,coinafrique,,2026,2,2026-Q2
Parcelle - Agoè Logopé,VENTE,Terrain,agoe,8000000.0,,600.0,,13333.0,coinafrique,,2026,2,2026-Q2
Terrain ¼ de lot à vakpossito,VENTE,Terrain,vakpossito,8000000.0,,150.0,,53333.0,coinafrique,,2026,2,2026-Q2
Terrain 4 lots - Tsevié,VENTE,Terrain,tsevie,8000000.0,,2400.0,,3333.0,coinafrique,,2026,2,2026-Q2
Terrain 1 lot Avéta,VENTE,Terrain,aveta,8000000.0,,600.0,,13333.0,coinafrique,,2026,2,2026-Q2
Terrain 01 lot à noepe,VENTE,Terrain,noepe,8000000.0,,600.0,,13333.0,coinafrique,,2026,2,2026-Q2
Terrain - Lomé Djagblé,VENTE,Terrain,djagble,8000000.0,,600.0,,13333.0,coinafrique,,2026,2,2026-Q2
Terrain 3 lots - Gbamakope,VENTE,Terrain,gbamakope,8000000.0,,1800.0,,4444.0,coinafrique,,2026,2,2026-Q2
Terrain 1/2 lot à Akepe,VENTE,Terrain,akepe,7500000.0,,300.0,,25000.0,coinafrique,,2026,2,2026-Q2
Terrain 300m² à zanguéra ancien péage,VENTE,Terrain,zanguera,7500000.0,,300.0,,25000.0,coinafrique,,2026,2,2026-Q2
Terrain 1/2 lot - Agoe Amerinta,VENTE,Terrain,amarinta,7500000.0,,300.0,,25000.0,coinafrique,,2026,2,2026-Q2
Terrain 1/4 lot - Sogbossito,VENTE,Terrain,sogbossito,7500000.0,,150.0,,50000.0,coinafrique,,2026,2,2026-Q2
Terrain 1/4 de lot à Adidogomé konhé,VENTE,Terrain,adidogome,7500000.0,,150.0,,50000.0,coinafrique,,2026,2,2026-Q2
Terrain 1/4 lot - Agoè Sogbossito,VENTE,Terrain,agoe,7500000.0,,150.0,,50000.0,coinafrique,,2026,2,2026-Q2
Terrain agricole 1/2 lot - Zanguéra,VENTE,Terrain,zanguera,7500000.0,,300.0,,25000.0,coinafrique,,2026,2,2026-Q2
Terrain 8 lots à Noépé,VENTE,Terrain,noepe,7500000.0,,4800.0,,1562.0,coinafrique,,2026,2,2026-Q2
Terrain 8 lots - Noépé,VENTE,Terrain,noepe,7500000.0,,4800.0,,1562.0,coinafrique,,2026,2,2026-Q2
Terrain - Adidogome - kohe,VENTE,Terrain,kohe,7500000.0,,600.0,,12500.0,coinafrique,,2026,2,2026-Q2
Terrain 150 lots - Adetikope,VENTE,Terrain,adetikope,7000000.0,,150.0,,46667.0,coinafrique,,2026,2,2026-Q2
Terrain 300m² - Apessito,VENTE,Terrain,apessito,7000000.0,,300.0,,23333.0,coinafrique,,2026,2,2026-Q2
Terrain 1/2 lot - Djagblé,VENTE,Terrain,djagble,7000000.0,,300.0,,23333.0,coinafrique,,2026,2,2026-Q2
Terrain - Kpala,VENTE,Terrain,kpala,7000000.0,,600.0,,11667.0,coinafrique,,2026,2,2026-Q2
Terrain 1 lot - Noepè,VENTE,Terrain,noepe,7000000.0,,600.0,,11667.0,coinafrique,,2026,2,2026-Q2
Terrain 300m² à Kégué Zogbedji,VENTE,Terrain,kegue,7000000.0,,300.0,,23333.0,coinafrique,,2026,2,2026-Q2
Terrain - Somone,VENTE,Terrain,somone,7000000.0,,600.0,,11667.0,coinafrique,,2026,2,2026-Q2
Terraina - Zanguera,VENTE,Terrain,zanguera,7000000.0,,600.0,,11667.0,coinafrique,,2026,2,2026-Q2
Terrain 1/4 de lot avec 2 pieces a Avedji Wessomé,VENTE,Terrain,avedji wessome,7000000.0,,150.0,,46667.0,coinafrique,,2026,2,2026-Q2
Terrain 4 lots a Akepé,VENTE,Terrain,akepe,7000000.0,,2400.0,,2917.0,coinafrique,,2026,2,2026-Q2
Terrain 2 lots - Davié,VENTE,Terrain,davie,7000000.0,,1200.0,,5833.0,coinafrique,,2026,2,2026-Q2
Terrain 1/2 lot - Legbassito,VENTE,Terrain,legbassito,7000000.0,,300.0,,23333.0,coinafrique,,2026,2,2026-Q2
Terrain 150m² à Adidogomé - wongnomai,VENTE,Terrain,adidogome,7000000.0,,150.0,,46667.0,coinafrique,,2026,2,2026-Q2
Terrain 1/2 lot - Noepe Ville V,VENTE,Terrain,noepe ville v,7000000.0,,300.0,,23333.0,coinafrique,,2026,2,2026-Q2
Terrain 1/2 lot - Noepé Ville,VENTE,Terrain,noepe ville,7000000.0,,300.0,,23333.0,coinafrique,,2026,2,2026-Q2
Terrain demi lot à Kpala Dzigbe,VENTE,Terrain,kpala dzigbe,7000000.0,,600.0,,11667.0,coinafrique,,2026,2,2026-Q2
Terrain ¼ de lot 7.5/20 à Akato catholique,VENTE,Terrain,akato catholique,7000000.0,,600.0,,11667.0,coinafrique,,2026,2,2026-Q2
Terrain un demi lot à Kégué Zogbedji,VENTE,Terrain,kegue,7000000.0,,600.0,,11667.0,coinafrique,,2026,2,2026-Q2
Terrain 7 lots Dalavé après le payage,VENTE,Terrain,dalave,7000000.0,,4200.0,,1667.0,coinafrique,,2026,2,2026-Q2
Terrain 1/4 à Legbassito Lomé,VENTE,Terrain,legbassito,7000000.0,,150.0,,46667.0,coinafrique,,2026,2,2026-Q2
Terrain 2 lot - Noepé,VENTE,Terrain,noepe,7000000.0,,1200.0,,5833.0,coinafrique,,2026,2,2026-Q2
Terrain 1/2 lot - Noépé,VENTE,Terrain,noepe,6500000.0,,300.0,,21667.0,coinafrique,,2026,2,2026-Q2
Terrain 1/2 lot avec 2 pièces à Noèpé,VENTE,Terrain,noepe,6500000.0,2.0,300.0,,21667.0,coinafrique,,2026,2,2026-Q2
Terrain 20 lots collés à Adétikopé,VENTE,Terrain,adetikope,6500000.0,,12000.0,,542.0,coinafrique,,2026,2,2026-Q2
Terrain 948 m² - Tsévié,VENTE,Terrain,tsevie,6500000.0,,948.0,,6857.0,coinafrique,,2026,2,2026-Q2
Terrain 1/2 lot à ZANGUERA Klikamé,VENTE,Terrain,zanguera klikame,6500000.0,,300.0,,21667.0,coinafrique,,2026,2,2026-Q2
Terrain 1/4 lot clôturer - Zossime dali,VENTE,Terrain,zossime dali,6500000.0,,150.0,,43333.0,coinafrique,,2026,2,2026-Q2
Terrain demi lot 10/30m à ZANGUERA Klikamé,VENTE,Terrain,zanguera klikame,6500000.0,,300.0,,21667.0,coinafrique,,2026,2,2026-Q2
Terrain 1 lot à Adetikope,VENTE,Terrain,adetikope,6500000.0,,600.0,,10833.0,coinafrique,,2026,2,2026-Q2
Terrain demi lot nu Agoé Kové non loin du carrefour kpogli,VENTE,Terrain,kpogli,6500000.0,,600.0,,10833.0,coinafrique,,2026,2,2026-Q2
Vente 10 lots au bord du goudron Agou - Gadjekpé,VENTE,Terrain,gadjekpe,6000000.0,,6000.0,,1000.0,coinafrique,,2026,2,2026-Q2
Terrains 12 lots face à la grande voie Badja Agoudja,VENTE,Terrain,badja agoudja,6000000.0,,7200.0,,833.0,coinafrique,,2026,2,2026-Q2
Terrain 1 /2 lot - Djasseme,VENTE,Terrain,djasseme,6000000.0,,1200.0,,5000.0,coinafrique,,2026,2,2026-Q2
Terrain 1/2 lot - Agbodrafo,VENTE,Terrain,agbodrafo,6000000.0,,300.0,,20000.0,coinafrique,,2026,2,2026-Q2
Terrain - Adetsikope,VENTE,Terrain,adetikope,6000000.0,,600.0,,10000.0,coinafrique,,2026,2,2026-Q2
Terrain 1/4 de lot à Agoè Legbassito,VENTE,Terrain,agoe,6000000.0,,150.0,,40000.0,coinafrique,,2026,2,2026-Q2
Terrain 2 lots - Tsévié,VENTE,Terrain,tsevie,6000000.0,,1200.0,,5000.0,coinafrique,,2026,2,2026-Q2
Terrain 1 lot à Tsevie,VENTE,Terrain,tsevie,6000000.0,,600.0,,10000.0,coinafrique,,2026,2,2026-Q2
Terrain 6lots collé à Noepé Lanwandankopé,VENTE,Terrain,noepe lanwandankope,6000000.0,,3600.0,,1667.0,coinafrique,,2026,2,2026-Q2
Terrain 2 lots - Noepe,VENTE,Terrain,noepe,6000000.0,,1200.0,,5000.0,coinafrique,,2026,2,2026-Q2
Terrain à Davie,VENTE,Terrain,davie,6000000.0,,600.0,,10000.0,coinafrique,,2026,2,2026-Q2
Terrains 2 lots 1/2 à Dalavé,VENTE,Terrain,dalave,6000000.0,,300.0,,20000.0,coinafrique,,2026,2,2026-Q2
Terrain 30ha à Glekondji,VENTE,Terrain,glekondji,6000000.0,,600.0,,10000.0,coinafrique,,2026,2,2026-Q2
Terrain 3 lots à Kovié,VENTE,Terrain,kovie,6000000.0,,1800.0,,3333.0,coinafrique,,2026,2,2026-Q2
Terrain demi lot à Agoe legbassito kognito,VENTE,Terrain,legbassito kognito,6000000.0,,600.0,,10000.0,coinafrique,,2026,2,2026-Q2
Terrain 1 lot à kpome,VENTE,Terrain,kpome,6000000.0,,600.0,,10000.0,coinafrique,,2026,2,2026-Q2
Terrain à Zanguera juste derrière la fabrication de gaz,VENTE,Terrain,zanguera,6000000.0,,600.0,,10000.0,coinafrique,,2026,2,2026-Q2
Terrain 1/2 lot à Zanguera,VENTE,Terrain,zanguera,6000000.0,,300.0,,20000.0,coinafrique,,2026,2,2026-Q2
Terrain 3 lots - Akepe,VENTE,Terrain,akepe,6000000.0,,1800.0,,3333.0,coinafrique,,2026,2,2026-Q2
Parcelle 300m² - Adétikopé,VENTE,Terrain,adetikope,6000000.0,,300.0,,20000.0,coinafrique,,2026,2,2026-Q2
Terrain - Néopé,VENTE,Terrain,noepe,6000000.0,,600.0,,10000.0,coinafrique,,2026,2,2026-Q2
Terrain 1/2 lot - Adetikope,VENTE,Terrain,adetikope,6000000.0,,300.0,,20000.0,coinafrique,,2026,2,2026-Q2
Terrain demi carré 15 /20 angle de rue à Apéssito Avenyakè,VENTE,Terrain,apessito avenyake,6000000.0,,300.0,,20000.0,coinafrique,,2026,2,2026-Q2
Terrains 300m² - Lomé,VENTE,Terrain,lome,5600000.0,,300.0,,18667.0,coinafrique,,2026,2,2026-Q2
Terrain 1/2 lot - Djagble abolave,VENTE,Terrain,djagble abolave,5500000.0,,300.0,,18333.0,coinafrique,,2026,2,2026-Q2
Terrain 1/4 lot - Togokomé,VENTE,Terrain,togokome,5500000.0,,150.0,,36667.0,coinafrique,,2026,2,2026-Q2
Terrain 200 lots collés - Adetikope kpome,VENTE,Terrain,adetikope kpome,5500000.0,,200.0,,27500.0,coinafrique,,2026,2,2026-Q2
Terrains lots à Adetikope,VENTE,Terrain,adetikope,5500000.0,,600.0,,9167.0,coinafrique,,2026,2,2026-Q2
Terrain 20 lots collés à Adétikopé,VENTE,Terrain,adetikope,5500000.0,,12000.0,,458.0,coinafrique,,2026,2,2026-Q2
Terrain 3.5 lots - Noèpé,VENTE,Terrain,noepe,5500000.0,,2400.0,,2292.0,coinafrique,,2026,2,2026-Q2
Terrain 1/4 lot - Agoe legbassito,VENTE,Terrain,legbassito,5500000.0,,150.0,,36667.0,coinafrique,,2026,2,2026-Q2
Terrain 1/2 lot 325m² à Djagble Abolavé,VENTE,Terrain,djagble abolave,5500000.0,,300.0,,18333.0,coinafrique,,2026,2,2026-Q2
Terrain 2 lots collés à Noepe,VENTE,Terrain,noepe,5500000.0,,1200.0,,4583.0,coinafrique,,2026,2,2026-Q2
Terrain 1/4 de lot carré à Légbassito,VENTE,Terrain,legbassito,5500000.0,,150.0,,36667.0,coinafrique,,2026,2,2026-Q2
Terrain demi lot - Davie,VENTE,Terrain,davie,5500000.0,,600.0,,9167.0,coinafrique,,2026,2,2026-Q2
Terrain à Noepé derrière le lycée et le CEG,VENTE,Terrain,noepe,5500000.0,,600.0,,9167.0,coinafrique,,2026,2,2026-Q2
Terrain 1/2 lot à Djagble,VENTE,Terrain,djagble,5500000.0,,300.0,,18333.0,coinafrique,,2026,2,2026-Q2
Terrain demi lot - Djagble,VENTE,Terrain,djagble,5500000.0,,600.0,,9167.0,coinafrique,,2026,2,2026-Q2
Terrain 1/4 lot - Adetikopé,VENTE,Terrain,adetikope,5500000.0,,2400.0,,2292.0,coinafrique,,2026,2,2026-Q2
Terrain - Djagblé,VENTE,Terrain,djagble,5000000.0,,600.0,,8333.0,coinafrique,,2026,2,2026-Q2
Terrain 27 lots collés - Tsevie,VENTE,Terrain,tsevie,5000000.0,,16200.0,,309.0,coinafrique,,2026,2,2026-Q2
Terrain 5 lots 2971m² à Tsévié - Agbélouve,VENTE,Terrain,agbelouve,5000000.0,,3000.0,,1667.0,coinafrique,,2026,2,2026-Q2
Terrain 1 lot - Abobo kpoguedé,VENTE,Terrain,abobo,5000000.0,,600.0,,8333.0,coinafrique,,2026,2,2026-Q2
Terrain 1/4 lot - Agovoudou,VENTE,Terrain,agovoudou,5000000.0,,150.0,,33333.0,coinafrique,,2026,2,2026-Q2
Terrain 1/2 lot - Ydavé,VENTE,Terrain,davie,5000000.0,,300.0,,16667.0,coinafrique,,2026,2,2026-Q2
Terrains 600 m² - Lomé,VENTE,Terrain,lome,5000000.0,,600.0,,8333.0,coinafrique,,2026,2,2026-Q2
Terrain 1/2 lot - Kpala,VENTE,Terrain,kpala,5000000.0,,300.0,,16667.0,coinafrique,,2026,2,2026-Q2
Terrain 1/4 lot - Adidogomé,VENTE,Terrain,adidogome,5000000.0,,150.0,,33333.0,coinafrique,,2026,2,2026-Q2
Terrain 1/2 lot Apessito moekope,VENTE,Terrain,apessito moekope,5000000.0,,300.0,,16667.0,coinafrique,,2026,2,2026-Q2
Terrain à Ahokoto,VENTE,Terrain,ahokoto,5000000.0,,600.0,,8333.0,coinafrique,,2026,2,2026-Q2
Terrain 1/4 lot - ZANGUERA klikanme,VENTE,Terrain,zanguera klikanme,5000000.0,,150.0,,33333.0,coinafrique,,2026,2,2026-Q2
Terrain 3 lots - kovié,VENTE,Terrain,kovie,5000000.0,,1800.0,,2778.0,coinafrique,,2026,2,2026-Q2
Terrain 1/4 lot - Ségbé Agokpanou,VENTE,Terrain,segbe agokpanou,5000000.0,,2400.0,,2083.0,coinafrique,,2026,2,2026-Q2
Terrain - Yokoè,VENTE,Terrain,yokoe,5000000.0,,600.0,,8333.0,coinafrique,,2026,2,2026-Q2
Terrain 1 lot a ABOBO kpodegé,VENTE,Terrain,abobo,5000000.0,,600.0,,8333.0,coinafrique,,2026,2,2026-Q2
Terrain demi lot à Agoe Apessito,VENTE,Terrain,apessito,5000000.0,,600.0,,8333.0,coinafrique,,2026,2,2026-Q2
Terrain 10lots collés à Davié Tékpo,VENTE,Terrain,davie tekpo,5000000.0,,6000.0,,833.0,coinafrique,,2026,2,2026-Q2
Terrain agricole 3 ha - Tsévié Gblainvié,VENTE,Terrain,tsevie gblainvie,5000000.0,,600.0,,8333.0,coinafrique,,2026,2,2026-Q2
Terrains 3lots - Kpomé au niveau du carrefour de zeglé,VENTE,Terrain,kpome zegle,5000000.0,,1800.0,,2778.0,coinafrique,,2026,2,2026-Q2
Terrain 1/2 lot - Davié,VENTE,Terrain,davie,5000000.0,,300.0,,16667.0,coinafrique,,2026,2,2026-Q2
Terrain 325m² à Djable Abolavé,VENTE,Terrain,djagble abolave,5000000.0,,325.0,,15385.0,coinafrique,,2026,2,2026-Q2
Terrain 1/2 lot à Akepedo,VENTE,Terrain,akepedo,5000000.0,,300.0,,16667.0,coinafrique,,2026,2,2026-Q2
Terrain demi - lot - Akepedo,VENTE,Terrain,akepedo,5000000.0,,600.0,,8333.0,coinafrique,,2026,2,2026-Q2
Terrain 1/2 lot à Djagblé abolavé,VENTE,Terrain,djagble abolave,5000000.0,,300.0,,16667.0,coinafrique,,2026,2,2026-Q2
Terrain 1/2 lot à Lomé Togo,VENTE,Terrain,lome,5000000.0,,300.0,,16667.0,coinafrique,,2026,2,2026-Q2
Terrain avec 2 chambres salon à Agoe non loin d'assiyeye,VENTE,Terrain,assiyeye,4900000.0,2.0,600.0,,8167.0,coinafrique,,2026,2,2026-Q2
Terrain 1/2 lot - Adetikope,VENTE,Terrain,adetikope,4800000.0,,300.0,,16000.0,coinafrique,,2026,2,2026-Q2
Parcelle - Tsévié,VENTE,Terrain,tsevie,4700000.0,,600.0,,7833.0,coinafrique,,2026,2,2026-Q2
Terrain 1/4 lot - Lomé,VENTE,Terrain,lome,4500000.0,,150.0,,30000.0,coinafrique,,2026,2,2026-Q2
Terrain 2 lots collés à Davié assomé,VENTE,Terrain,davie assome,4500000.0,,1200.0,,3750.0,coinafrique,,2026,2,2026-Q2
Terrain 3/4 lots - Adetikope Adjoguidi,VENTE,Terrain,adetikope adjoguidi,4500000.0,,2400.0,,1875.0,coinafrique,,2026,2,2026-Q2
Parcelle - Assiko,VENTE,Terrain,assiko,4500000.0,,600.0,,7500.0,coinafrique,,2026,2,2026-Q2
Terrain à Bagbé non loin de la base d'ÉBOMAF,VENTE,Terrain,bagbe,4500000.0,,600.0,,7500.0,coinafrique,,2026,2,2026-Q2
Terrain 1 Lot - Kovié,VENTE,Terrain,kovie,4500000.0,,600.0,,7500.0,coinafrique,,2026,2,2026-Q2
Terrain 1 lot à Bagbé,VENTE,Terrain,bagbe,4500000.0,,600.0,,7500.0,coinafrique,,2026,2,2026-Q2
Vente 1/4 lot à Zanguéra ucao,VENTE,Terrain,zanguera,4500000.0,,150.0,,30000.0,coinafrique,,2026,2,2026-Q2
Terrain ¼ de lot à Zanguera,VENTE,Terrain,zanguera,4500000.0,,600.0,,7500.0,coinafrique,,2026,2,2026-Q2
Terrain 1/4 lot - Zanguera,VENTE,Terrain,zanguera,4500000.0,,150.0,,30000.0,coinafrique,,2026,2,2026-Q2
Terrain 1/4 de lot à Zanguera,VENTE,Terrain,zanguera,4500000.0,,150.0,,30000.0,coinafrique,,2026,2,2026-Q2
Terrain 2lots à Kovié Ananissémé,VENTE,Terrain,kovie ananisseme,4500000.0,,1200.0,,3750.0,coinafrique,,2026,2,2026-Q2
Terrain 3/4 lots - Davié Akové,VENTE,Terrain,davie akove,4500000.0,,2400.0,,1875.0,coinafrique,,2026,2,2026-Q2
Terrain 1/2 lot à akepe à 800 m de goudron,VENTE,Terrain,akepe,4200000.0,,300.0,,14000.0,coinafrique,,2026,2,2026-Q2
Terrain 3 hectares de terrain à Tsevie - Gblevié,VENTE,Terrain,gblevie,4000000.0,,600.0,,6667.0,coinafrique,,2026,2,2026-Q2
Terrain 30 lots collés - Tsevie,VENTE,Terrain,tsevie,4000000.0,,18000.0,,222.0,coinafrique,,2026,2,2026-Q2
Terrains 300m² - Lomé,VENTE,Terrain,lome,4000000.0,,300.0,,13333.0,coinafrique,,2026,2,2026-Q2
Terrain 36 hectares à Dalave,VENTE,Terrain,dalave,4000000.0,,360000.0,,11.0,coinafrique,,2026,2,2026-Q2
Terrain 1/4 lot - Togokomé,VENTE,Terrain,togokome,4000000.0,,150.0,,26667.0,coinafrique,,2026,2,2026-Q2
Terrains 150m² - Lomé,VENTE,Terrain,lome,4000000.0,,150.0,,26667.0,coinafrique,,2026,2,2026-Q2
Terrain 1/2 lot à Logoé,VENTE,Terrain,logoe,4000000.0,,300.0,,13333.0,coinafrique,,2026,2,2026-Q2
Terrain 2 lots - Hahoete,VENTE,Terrain,hahotoe,4000000.0,,1200.0,,3333.0,coinafrique,,2026,2,2026-Q2
Terrain 1/4 lot - Djagble Adjidome,VENTE,Terrain,djagble adjidome,4000000.0,,150.0,,26667.0,coinafrique,,2026,2,2026-Q2
Terrain 1/4 de lot à Zanguera,VENTE,Terrain,zanguera,4000000.0,,150.0,,26667.0,coinafrique,,2026,2,2026-Q2
Terrain 1/4 TF à Agoe sogbossito,VENTE,Terrain,sogbossito,4000000.0,,150.0,,26667.0,coinafrique,,2026,2,2026-Q2
Terrain 1/4 de lot Zanguéra,VENTE,Terrain,zanguera,4000000.0,,150.0,,26667.0,coinafrique,,2026,2,2026-Q2
Terrain 1/4 de lot à Agoè Avinato,VENTE,Terrain,agoe,4000000.0,,150.0,,26667.0,coinafrique,,2026,2,2026-Q2
Terrain ¼ de lot à Zanguera,VENTE,Terrain,zanguera,4000000.0,,600.0,,6667.0,coinafrique,,2026,2,2026-Q2
Terrain 1/4 de lot carré à Adidogomé yokoe,VENTE,Terrain,adidogome,4000000.0,,150.0,,26667.0,coinafrique,,2026,2,2026-Q2
Terrain 1/2 lot à Noépé,VENTE,Terrain,noepe,4000000.0,,300.0,,13333.0,coinafrique,,2026,2,2026-Q2
Terrain demi lot à Adéticopé,VENTE,Terrain,adetikope,4000000.0,,600.0,,6667.0,coinafrique,,2026,2,2026-Q2
Terrain 1/2 lot à Legbassito Zovadjin,VENTE,Terrain,legbassito zovadjin,4000000.0,,300.0,,13333.0,coinafrique,,2026,2,2026-Q2
Terrain Quart de lot carré 10x15 m clôturé - Légbassito Zovadjin,VENTE,Terrain,legbassito,4000000.0,,150.0,,26667.0,coinafrique,,2026,2,2026-Q2
Terrain 1/4 de lot carré à Légbassito,VENTE,Terrain,legbassito,4000000.0,,150.0,,26667.0,coinafrique,,2026,2,2026-Q2
Terrain agricole 18 lots - Noépé,VENTE,Terrain,noepe,4000000.0,,10800.0,,370.0,coinafrique,,2026,2,2026-Q2
Terrain 1/2 lot - Aképé,VENTE,Terrain,akepe,4000000.0,,300.0,,13333.0,coinafrique,,2026,2,2026-Q2
Terrain 1/2 lot - Davië,VENTE,Terrain,davie,4000000.0,,300.0,,13333.0,coinafrique,,2026,2,2026-Q2
Terrain - Adetikopé Kpotavé,VENTE,Terrain,adetikope kpotave,3800000.0,,600.0,,6333.0,coinafrique,,2026,2,2026-Q2
Terrain agricole 85 ha à Amoussoukopé,VENTE,Terrain,amoussoukope,3500000.0,,10000.0,,350.0,coinafrique,,2026,2,2026-Q2
Terrain - Tsévié,VENTE,Terrain,tsevie,3500000.0,,600.0,,5833.0,coinafrique,,2026,2,2026-Q2
Terrain - Kara - togo,VENTE,Terrain,togo 2000,3500000.0,,600.0,,5833.0,coinafrique,,2026,2,2026-Q2
Terrain 1/2 lot a Adetikopé adjorocopé,VENTE,Terrain,adetikope adjorocope,3500000.0,,300.0,,11667.0,coinafrique,,2026,2,2026-Q2
Terrain - Lomé,VENTE,Terrain,lome,3500000.0,,600.0,,5833.0,coinafrique,,2026,2,2026-Q2
Terrain 4 lots - Noepe,VENTE,Terrain,noepe,3500000.0,,2400.0,,1458.0,coinafrique,,2026,2,2026-Q2
Terrain 33ha à Agbelouve,VENTE,Terrain,agbelouve,3500000.0,,600.0,,5833.0,coinafrique,,2026,2,2026-Q2
Terrain à Aképédo,VENTE,Terrain,akepe,3500000.0,,600.0,,5833.0,coinafrique,,2026,2,2026-Q2
Terrain 1/4 lot Kpala,VENTE,Terrain,kpala,3500000.0,,2400.0,,1458.0,coinafrique,,2026,2,2026-Q2
Terrain 70 lots collés - Tsevie,VENTE,Terrain,tsevie,3000000.0,,42000.0,,71.0,coinafrique,,2026,2,2026-Q2
Terrain agricole 1 ha - Badja,VENTE,Terrain,badja,3000000.0,,10000.0,,300.0,coinafrique,,2026,2,2026-Q2
Terrain 1/2 Lot - Mission tové,VENTE,Terrain,mission tove,3000000.0,,300.0,,10000.0,coinafrique,,2026,2,2026-Q2
Terrain 1 /4 lot á Kpala,VENTE,Terrain,kpala,3000000.0,,2400.0,,1250.0,coinafrique,,2026,2,2026-Q2
Parcelle - Davié derrière l'usine chinoise,VENTE,Terrain,davie,3000000.0,,600.0,,5000.0,coinafrique,,2026,2,2026-Q2
Parcelle - Zanguera,VENTE,Terrain,zanguera,3000000.0,,600.0,,5000.0,coinafrique,,2026,2,2026-Q2
Terrain 1/2 lot - Daviè,VENTE,Terrain,davie,2800000.0,,300.0,,9333.0,coinafrique,,2026,2,2026-Q2
Terrain demi lot à Daviè,VENTE,Terrain,davie,2800000.0,,600.0,,4667.0,coinafrique,,2026,2,2026-Q2
Terrain - Kara Togo,VENTE,Terrain,kara,2700000.0,,600.0,,4500.0,coinafrique,,2026,2,2026-Q2
Terrain 1/4 lot à Kpala,VENTE,Terrain,kpala,2500000.0,,150.0,,16667.0,coinafrique,,2026,2,2026-Q2
Parcelle 1/4 lot - Davié,VENTE,Terrain,davie,2500000.0,,150.0,,16667.0,coinafrique,,2026,2,2026-Q2
Terrain - Akepedo,VENTE,Terrain,akepedo,2500000.0,,600.0,,4167.0,coinafrique,,2026,2,2026-Q2
Terrain 30 lots à Davié vli,VENTE,Terrain,davie vli,2500000.0,,18000.0,,139.0,coinafrique,,2026,2,2026-Q2
Terrain 97 hectares à Agbelouve,VENTE,Terrain,agbelouve,2500000.0,,10000.0,,250.0,coinafrique,,2026,2,2026-Q2
Terrains 600 - Lomé,VENTE,Terrain,lome,2000000.0,,600.0,,3333.0,coinafrique,,2026,2,2026-Q2
Terrain - Noepé,VENTE,Terrain,noepe,2000000.0,,600.0,,3333.0,coinafrique,,2026,2,2026-Q2
Vente terrains agricoles 60000 m² - Kpalimé,VENTE,Terrain,kpalime,2000000.0,,60000.0,,33.0,coinafrique,,2026,2,2026-Q2
Terrain - Kovié,VENTE,Terrain,kovie,2000000.0,,600.0,,3333.0,coinafrique,,2026,2,2026-Q2
Terrain à Dalave à 2 km du marché,VENTE,Terrain,dalave a,2000000.0,,600.0,,3333.0,coinafrique,,2026,2,2026-Q2
Terrain - Notsé,VENTE,Terrain,notse,2000000.0,,600.0,,3333.0,coinafrique,,2026,2,2026-Q2
Terrain,VENTE,Terrain,terrain,2000000.0,,600.0,,3333.0,coinafrique,,2026,2,2026-Q2
Tzrrain 16 ha à kdpele adeta,VENTE,Terrain,kpele adeta,2000000.0,,160000.0,,12.0,coinafrique,,2026,2,2026-Q2
Terrain - Tsevie,VENTE,Terrain,tsevie,2000000.0,,600.0,,3333.0,coinafrique,,2026,2,2026-Q2
Parcelle agricole 79 ha - Adjakpa,VENTE,Terrain,adjakpa,2000000.0,,600.0,,3333.0,coinafrique,,2026,2,2026-Q2
Terrain demi lot à Tsevie,VENTE,Terrain,tsevie,2000000.0,,600.0,,3333.0,coinafrique,,2026,2,2026-Q2
Terrain – agbelouvé,VENTE,Terrain,agbelouve,2000000.0,,600.0,,3333.0,coinafrique,,2026,2,2026-Q2
Terrain 1ha à Assahoun,VENTE,Terrain,assahoun,2000000.0,,10000.0,,200.0,coinafrique,,2026,2,2026-Q2
Terrain à Kovié Djéméké,VENTE,Terrain,kovie djemeke,2000000.0,,600.0,,3333.0,coinafrique,,2026,2,2026-Q2
Terrain - Kpogan,VENTE,Terrain,kpogan,1980000.0,,600.0,,3300.0,coinafrique,,2026,2,2026-Q2
Terrain 1 /4 lot à Kpemé,VENTE,Terrain,kpeme,1700000.0,,2400.0,,708.0,coinafrique,,2026,2,2026-Q2
Terrain 1/4 de lot - Kpala agogomé,VENTE,Terrain,kpala agogome,1700000.0,,150.0,,11333.0,coinafrique,,2026,2,2026-Q2
Terrain agricole - Kpalimé,VENTE,Terrain,kpalime,1700000.0,,600.0,,2833.0,coinafrique,,2026,2,2026-Q2
Parcelles à Badja - Honvé à Lomé - Kpalime,VENTE,Terrain,kpalime,1600000.0,,600.0,,2667.0,coinafrique,,2026,2,2026-Q2
Terrains 6H - Lomé,VENTE,Terrain,lome,1500000.0,,600.0,,2500.0,coinafrique,,2026,2,2026-Q2
Terrains agricoles 2800 ha - Toyegan,VENTE,Terrain,toyegan,1500000.0,,600.0,,2500.0,coinafrique,,2026,2,2026-Q2
Terrains agricoles 2800 ha - Kpalimé,VENTE,Terrain,kpalime,1500000.0,,600.0,,2500.0,coinafrique,,2026,2,2026-Q2
Terrains agricoles - Agou,VENTE,Terrain,agou,1500000.0,,600.0,,2500.0,coinafrique,,2026,2,2026-Q2
Terrains 41 m² - Atakpamé,VENTE,Terrain,atakpame,1500000.0,,24600.0,,61.0,coinafrique,,2026,2,2026-Q2
Terrains - Tsevie,VENTE,Terrain,tsevie,1500000.0,,600.0,,2500.0,coinafrique,,2026,2,2026-Q2
Terrain 250 lots zu bord du goudron - Agbelouvé,VENTE,Terrain,agbelouve,1500000.0,,250.0,,6000.0,coinafrique,,2026,2,2026-Q2
Terrain 91 ha a wahala,VENTE,Terrain,wahala,1500000.0,,910000.0,,2.0,coinafrique,,2026,2,2026-Q2
Terrain TF 3 lots à Kpalimé agognongbo,VENTE,Terrain,kpalime agognongbo,1500000.0,,1800.0,,833.0,coinafrique,,2026,2,2026-Q2
Terrain agricole 8 ha - Zio Nord,VENTE,Terrain,zio nord,1500000.0,,600.0,,2500.0,coinafrique,,2026,2,2026-Q2
Terrain 13 lots collés à Adetikope GMK,VENTE,Terrain,adetikope gmk,1300000.0,,7800.0,,167.0,coinafrique,,2026,2,2026-Q2
Terrain - Kpove,VENTE,Terrain,kpove,1250000.0,,600.0,,2083.0,coinafrique,,2026,2,2026-Q2
Terrain agricoles 50 ha à agbelouve,VENTE,Terrain,agbelouve,1200000.0,,10000.0,,120.0,coinafrique,,2026,2,2026-Q2
Terrains - Tsévié,VENTE,Terrain,tsevie,1100000.0,,600.0,,1833.0,coinafrique,,2026,2,2026-Q2
Terrain agricole - Notsé,VENTE,Terrain,notse,1000000.0,,600.0,,1667.0,coinafrique,,2026,2,2026-Q2
Terrain 335 m² - Vogan,VENTE,Terrain,vogan,950000.0,,335.0,,2836.0,coinafrique,,2026,2,2026-Q2
Terrain - Badja,VENTE,Terrain,badja,900000.0,,600.0,,1500.0,coinafrique,,2026,2,2026-Q2
Terrains agricoles 120 ha - Lomé,VENTE,Terrain,lome,800000.0,,600.0,,1333.0,coinafrique,,2026,2,2026-Q2
Terrain agricole - Karra,VENTE,Terrain,kara,800000.0,,600.0,,1333.0,coinafrique,,2026,2,2026-Q2
Terrain agricole - Yométchin,VENTE,Terrain,yometchin,800000.0,,600.0,,1333.0,coinafrique,,2026,2,2026-Q2
Terrain agricole 90000m² - Grand Marché de Lomé,VENTE,Terrain,assigame,800000.0,,90000.0,,9.0,coinafrique,,2026,2,2026-Q2
Terrain 2 lots - Kpalimé,VENTE,Terrain,kpalime,800000.0,,1200.0,,667.0,coinafrique,,2026,2,2026-Q2
Terrain agricole 50 ha - Agbelouvé,VENTE,Terrain,agbelouve,700000.0,,600.0,,1167.0,coinafrique,,2026,2,2026-Q2
Terrain agricole - Agbelouvé,VENTE,Terrain,agbelouve,700000.0,,600.0,,1167.0,coinafrique,,2026,2,2026-Q2
Terrains à Kévé Agbozome,VENTE,Terrain,keve agbozome,700000.0,,600.0,,1167.0,coinafrique,,2026,2,2026-Q2
Terrain - Agbelouvé,VENTE,Terrain,agbelouve,700000.0,,600.0,,1167.0,coinafrique,,2026,2,2026-Q2
Terrain agricole 4 ha - Agbelouve Game,VENTE,Terrain,agbelouve game,650000.0,,600.0,,1083.0,coinafrique,,2026,2,2026-Q2
Terrain - Kovie - Dzogbetona,VENTE,Terrain,dzogbetona,600000.0,,600.0,,1000.0,coinafrique,,2026,2,2026-Q2
Terrain agricole - Assahoun,VENTE,Terrain,assahoun,600000.0,,600.0,,1000.0,coinafrique,,2026,2,2026-Q2
Terrain 5 lots - Adetikope,VENTE,Terrain,adetikope,500000.0,,3000.0,,167.0,coinafrique,,2026,2,2026-Q2
Terrain agricole - Tohoun,VENTE,Terrain,tohoun,500000.0,,600.0,,833.0,coinafrique,,2026,2,2026-Q2
Terrain agricole 154 ha - Hawala,VENTE,Terrain,hawala,450000.0,,10000.0,,45.0,coinafrique,,2026,2,2026-Q2
Terrain agricole - Wahala,VENTE,Terrain,wahala,400000.0,,600.0,,667.0,coinafrique,,2026,2,2026-Q2
Terrain face au goudron 1/2 lot au niveau 3 k,VENTE,Terrain,adewui,150000.0,,300.0,,500.0,coinafrique,,2026,2,2026-Q2
Terrain - Vakpossitoa,VENTE,Terrain,vakpossitoa,60000.0,,600.0,,100.0,coinafrique,,2026,2,2026-Q2
Terrain 1 lot - Agbalepedo,VENTE,Terrain,agbalepedo,60000.0,,600.0,,100.0,coinafrique,,2026,2,2026-Q2
Vente hôtel R+5 à Adidoadin,VENTE,Villa,adidoadin,1830000000.0,,600.0,,3050000.0,coinafrique,,2026,2,2026-Q2
Vente villa 29 pièces à Cité Oua,VENTE,Villa,cite oua,1800000000.0,29.0,600.0,,3000000.0,coinafrique,,2026,2,2026-Q2
Vente villa à Lomé Novissi au bord du goudron,VENTE,Villa,novissi,1500000000.0,,600.0,,2500000.0,coinafrique,,2026,2,2026-Q2
Vente villa - Kodjoviakop,VENTE,Villa,kodjoviakope,1500000000.0,,600.0,,2500000.0,coinafrique,,2026,2,2026-Q2
Vente villa - Kodjoviakope,VENTE,Villa,kodjoviakope,1500000000.0,,600.0,,2500000.0,coinafrique,,2026,2,2026-Q2
Vente villa R+1 à cité Oua,VENTE,Villa,cite oua,1500000000.0,,600.0,,2500000.0,coinafrique,,2026,2,2026-Q2
Vente villa 13 pièces - Tako,VENTE,Villa,super taco,1500000000.0,13.0,600.0,,2500000.0,coinafrique,,2026,2,2026-Q2
Vente villa à cité Oua,VENTE,Villa,cite oua,1250000000.0,,600.0,,2083333.0,coinafrique,,2026,2,2026-Q2
Vente villa 4 chambres salon à cité Oua,VENTE,Villa,cite oua,1250000000.0,4.0,600.0,,2083333.0,coinafrique,,2026,2,2026-Q2
Vente hôtel 32 chambres sur un lot 600m² sur la rue de lOCAM,VENTE,Villa,rue de locam,1250000000.0,32.0,600.0,,2083333.0,coinafrique,,2026,2,2026-Q2
Vente villa à Baguida,VENTE,Villa,baguida,1200000000.0,,600.0,,2000000.0,coinafrique,,2026,2,2026-Q2
Vente école - Adidogome,VENTE,Villa,adidogome,1000000000.0,,600.0,,1666667.0,coinafrique,,2026,2,2026-Q2
Vente villa 6 pièces à cité caisse,VENTE,Villa,cite oua,1000000000.0,6.0,600.0,,1666667.0,coinafrique,,2026,2,2026-Q2
Vente école - Adidogomé Aménopé,VENTE,Villa,adidogome,1000000000.0,,600.0,,1666667.0,coinafrique,,2026,2,2026-Q2
Vente villa à Tokoin forever,VENTE,Villa,tokoin,1000000000.0,,600.0,,1666667.0,coinafrique,,2026,2,2026-Q2
Vente villa Tokoin forever,VENTE,Villa,tokoin,1000000000.0,,600.0,,1666667.0,coinafrique,,2026,2,2026-Q2
Vente villa 5 chambres à la cité Villa OUA,VENTE,Villa,cite oua,1000000000.0,5.0,600.0,,1666667.0,coinafrique,,2026,2,2026-Q2
Vente villa 5 chambres 2 lots mises en vente à la cité OUA,VENTE,Villa,cite oua,1000000000.0,5.0,1200.0,,833333.0,coinafrique,,2026,2,2026-Q2
Vente villa 6pièces - La Caisse,VENTE,Villa,cite oua,1000000000.0,6.0,600.0,,1666667.0,coinafrique,,2026,2,2026-Q2
Vente villa - Cité Oua,VENTE,Villa,cite oua,950000000.0,,600.0,,1583333.0,coinafrique,,2026,2,2026-Q2
Vente villa - Lomé - Kpogan,VENTE,Villa,kpogan,900000000.0,,600.0,,1500000.0,coinafrique,,2026,2,2026-Q2
Vente villa 4 chambres 2 salon à cité la Caisse,VENTE,Villa,cite oua,900000000.0,4.0,600.0,,1500000.0,coinafrique,,2026,2,2026-Q2
Vente villa 3 lots à la cité la Caisse,VENTE,Villa,cite oua,900000000.0,,1800.0,,500000.0,coinafrique,,2026,2,2026-Q2
Vente villa cité la Caisse,VENTE,Villa,cite oua,900000000.0,,600.0,,1500000.0,coinafrique,,2026,2,2026-Q2
Vente villa 12 appartements à Baguida,VENTE,Villa,baguida,850000000.0,,7200.0,,118056.0,coinafrique,,2026,2,2026-Q2
Vente villa à but locatif Baguida,VENTE,Villa,baguida,850000000.0,,600.0,,1416667.0,coinafrique,,2026,2,2026-Q2
Vente villa à la Cité OUA,VENTE,Villa,cite oua,850000000.0,,600.0,,1416667.0,coinafrique,,2026,2,2026-Q2
Vente villa 4 chambres salon à la cité Renaissance,VENTE,Villa,cite renaissance,800000000.0,4.0,600.0,,1333333.0,coinafrique,,2026,2,2026-Q2
Vente villa 5 pièces à Cité Renaissance,VENTE,Villa,cite renaissance,800000000.0,5.0,600.0,,1333333.0,coinafrique,,2026,2,2026-Q2
Vente villa 5 pièces (cité renaissance à Cité Caisse)),VENTE,Villa,caisse,800000000.0,5.0,600.0,,1333333.0,coinafrique,,2026,2,2026-Q2
Vente villa 4 pièces - Novissi,VENTE,Villa,novissi,800000000.0,4.0,600.0,,1333333.0,coinafrique,,2026,2,2026-Q2
Vente villa à cité Oua,VENTE,Villa,cite oua,800000000.0,,600.0,,1333333.0,coinafrique,,2026,2,2026-Q2
Vente villa 4 pièces à Assiganelle,VENTE,Villa,assigame,800000000.0,4.0,600.0,,1333333.0,coinafrique,,2026,2,2026-Q2
Vente villa à la Caisse,VENTE,Villa,cite oua,750000000.0,,600.0,,1250000.0,coinafrique,,2026,2,2026-Q2
Vente villas 2 pièces à Cité Oua,VENTE,Villa,cite oua,750000000.0,2.0,600.0,,1250000.0,coinafrique,,2026,2,2026-Q2
Vente villa duplex 5pieces - Cité Oua,VENTE,Villa,cite oua,750000000.0,,600.0,,1250000.0,coinafrique,,2026,2,2026-Q2
Vente villa 4pièces - Adidogome sagbado),VENTE,Villa,sagbado,700000000.0,4.0,600.0,,1166667.0,coinafrique,,2026,2,2026-Q2
Vente villa 8 pièces - Noukafu,VENTE,Villa,nukafu,650000000.0,8.0,600.0,,1083333.0,coinafrique,,2026,2,2026-Q2
Vente villa à la Caisse,VENTE,Villa,cite oua,650000000.0,,600.0,,1083333.0,coinafrique,,2026,2,2026-Q2
Vente villa 3 pièces - Dekone,VENTE,Villa,dekon,650000000.0,3.0,600.0,,1083333.0,coinafrique,,2026,2,2026-Q2
Vente villa à Baguida,VENTE,Villa,baguida,650000000.0,,600.0,,1083333.0,coinafrique,,2026,2,2026-Q2
Vente villa à Kpogan Agodeke,VENTE,Villa,agodeka,650000000.0,,600.0,,1083333.0,coinafrique,,2026,2,2026-Q2
Vente villa 5 pièces - Caisse,VENTE,Villa,caisse,600000000.0,5.0,600.0,,1000000.0,coinafrique,,2026,2,2026-Q2
"Vente résidance 1200m² 4 grandes chambres à Lomé,",VENTE,Villa,lome,600000000.0,,1200.0,,500000.0,coinafrique,,2026,2,2026-Q2
Vente villa 6 pièces à Caisse,VENTE,Villa,caisse,600000000.0,6.0,600.0,,1000000.0,coinafrique,,2026,2,2026-Q2
Vente villa bâtie su 1200m² à la Caisse,VENTE,Villa,cite oua,600000000.0,,1200.0,,500000.0,coinafrique,,2026,2,2026-Q2
Vente villa à cité la Caisse,VENTE,Villa,cite oua,600000000.0,,600.0,,1000000.0,coinafrique,,2026,2,2026-Q2
Vente villa cité à la caisse,VENTE,Villa,cite oua,600000000.0,,600.0,,1000000.0,coinafrique,,2026,2,2026-Q2
Vente villa à Avepozo Ibomonou,VENTE,Villa,avepozo ibomonou,565000000.0,,600.0,,941667.0,coinafrique,,2026,2,2026-Q2
Vente villa 5 chambres salon à la Caisse,VENTE,Villa,cite oua,550000000.0,5.0,600.0,,916667.0,coinafrique,,2026,2,2026-Q2
Vente villa à Agoè Legbassito,VENTE,Villa,agoe,550000000.0,,600.0,,916667.0,coinafrique,,2026,2,2026-Q2
Vente Hôtel - Agoé,VENTE,Villa,agoe,500000000.0,,600.0,,833333.0,coinafrique,,2026,2,2026-Q2
Vente villa 04 chambres salon cité Oua,VENTE,Villa,cite oua,500000000.0,4.0,600.0,,833333.0,coinafrique,,2026,2,2026-Q2
Vente villa 4 chambres salon cité Millenium,VENTE,Villa,cite millenium,500000000.0,4.0,600.0,,833333.0,coinafrique,,2026,2,2026-Q2
Vente villa à Adidogome,VENTE,Villa,adidogome,500000000.0,,600.0,,833333.0,coinafrique,,2026,2,2026-Q2
Vente villa à Tokoin wuiti - forever,VENTE,Villa,tokoin,500000000.0,,600.0,,833333.0,coinafrique,,2026,2,2026-Q2
Vente villa duplex piscine 4 chambres en face de la Caisse avec titre foncier,VENTE,Villa,caisse,500000000.0,4.0,600.0,,833333.0,coinafrique,,2026,2,2026-Q2
Vente villa haut standing avec piscine de 4 chambres salon proche de la caisse non loin de la pharmacie Yembla,VENTE,Villa,cite oua,500000000.0,4.0,600.0,,833333.0,coinafrique,,2026,2,2026-Q2
Vente villa 8 pièces - Avepozo,VENTE,Villa,avepozo,500000000.0,8.0,600.0,,833333.0,coinafrique,,2026,2,2026-Q2
Vente villa 3chs à Lomé Togo,VENTE,Villa,lome,480000000.0,4.0,600.0,,800000.0,coinafrique,,2026,2,2026-Q2
Vente Gite - Badja,VENTE,Villa,badja,450000000.0,,600.0,,750000.0,coinafrique,,2026,2,2026-Q2
Vente villa TF,VENTE,Villa,togo 2000,450000000.0,,600.0,,750000.0,coinafrique,,2026,2,2026-Q2
Vente villa duper 7 pièces - Baguida,VENTE,Villa,baguida,450000000.0,7.0,600.0,,750000.0,coinafrique,,2026,2,2026-Q2
Vente villa 1 lot située à Baguida Devego,VENTE,Villa,baguida devego,450000000.0,,600.0,,750000.0,coinafrique,,2026,2,2026-Q2
Vente villa 4 pièces à Cité Renaissance,VENTE,Villa,cite renaissance,425000000.0,4.0,600.0,,708333.0,coinafrique,,2026,2,2026-Q2
Vente villa cité renaissance cité Caisse,VENTE,Villa,cite renaissance,425000000.0,,600.0,,708333.0,coinafrique,,2026,2,2026-Q2
Vente villa 3 chambres cité Renaissance cité caisse,VENTE,Villa,caisse,425000000.0,3.0,600.0,,708333.0,coinafrique,,2026,2,2026-Q2
Vente villa 1 lot 600m² à Baguida cité baie des anges,VENTE,Villa,baguida,420000000.0,,600.0,,700000.0,coinafrique,,2026,2,2026-Q2
Vente villa à Baguida cité baie des Anges,VENTE,Villa,baguida,420000000.0,,600.0,,700000.0,coinafrique,,2026,2,2026-Q2
Vente villa - Avedji,VENTE,Villa,avedji,400000000.0,,600.0,,666667.0,coinafrique,,2026,2,2026-Q2
Vente villa duplex 5 pièces - Baguida citée boad,VENTE,Villa,baguida,400000000.0,5.0,600.0,,666667.0,coinafrique,,2026,2,2026-Q2
Vente villa à rénover ou à démolir à la Caisse,VENTE,Villa,cite oua,400000000.0,,600.0,,666667.0,coinafrique,,2026,2,2026-Q2
Vente villa à Àepozo,VENTE,Villa,hedzranawoe aeroport,400000000.0,,600.0,,666667.0,coinafrique,,2026,2,2026-Q2
Vente villa à Baguida,VENTE,Villa,baguida,400000000.0,,600.0,,666667.0,coinafrique,,2026,2,2026-Q2
Vente villa 6 chambres 2 salon à Baguida,VENTE,Villa,baguida,400000000.0,6.0,600.0,,666667.0,coinafrique,,2026,2,2026-Q2
Vente villa à Novissi,VENTE,Villa,novissi,385000000.0,,600.0,,641667.0,coinafrique,,2026,2,2026-Q2
Vente villa à Agoè fil o parc,VENTE,Villa,agoe,380000000.0,,600.0,,633333.0,coinafrique,,2026,2,2026-Q2
Vente villa 10pièces - Agoè fil õ parc,VENTE,Villa,agoe,380000000.0,10.0,600.0,,633333.0,coinafrique,,2026,2,2026-Q2
Vente villa 10 pièces à Attiegou,VENTE,Villa,attiegou,380000000.0,10.0,600.0,,633333.0,coinafrique,,2026,2,2026-Q2
Vente villa 5 pièces à la citée caisse de Lomé,VENTE,Villa,cite oua,380000000.0,5.0,600.0,,633333.0,coinafrique,,2026,2,2026-Q2
Vente villa 5 chambres à Agoe fil o parc,VENTE,Villa,fil o parc,380000000.0,5.0,600.0,,633333.0,coinafrique,,2026,2,2026-Q2
Vente villa à Agoè fil o parc au bord d'un goudron secondaire,VENTE,Villa,agoe,380000000.0,,600.0,,633333.0,coinafrique,,2026,2,2026-Q2
Vente villa 9 pièces à Agoe,VENTE,Villa,agoe,380000000.0,9.0,600.0,,633333.0,coinafrique,,2026,2,2026-Q2
Vente villa avec piscine sur 1800 m2 à Totsi à 5 min de la grande ville de Lomé Togo 228,VENTE,Villa,totsi,380000000.0,,1800.0,,211111.0,coinafrique,,2026,2,2026-Q2
Vente villa - Hrdzranawone,VENTE,Villa,hrdzranawone,380000000.0,,600.0,,633333.0,coinafrique,,2026,2,2026-Q2
Vente villa duplex à hedzranawoe aéroport,VENTE,Villa,hedzranawoe aeroport,380000000.0,,600.0,,633333.0,coinafrique,,2026,2,2026-Q2
Vente villa a démolir - Togo,VENTE,Villa,togo 2000,360000000.0,,600.0,,600000.0,coinafrique,,2026,2,2026-Q2
Vente villa à Novissi,VENTE,Villa,novissi,360000000.0,,600.0,,600000.0,coinafrique,,2026,2,2026-Q2
Terrain villa à Novissi,VENTE,Villa,novissi,360000000.0,,600.0,,600000.0,coinafrique,,2026,2,2026-Q2
Vente villa jumelles R+2 à Novissi,VENTE,Villa,novissi,360000000.0,,600.0,,600000.0,coinafrique,,2026,2,2026-Q2
Vente villa à Kodjoviakope,VENTE,Villa,kodjoviakope,360000000.0,,600.0,,600000.0,coinafrique,,2026,2,2026-Q2
Vente villa 4pièces - Nonvissi,VENTE,Villa,nonvissi,360000000.0,4.0,600.0,,600000.0,coinafrique,,2026,2,2026-Q2
Vente maison 9 pièces - Kégue,VENTE,Villa,kegue,350000000.0,9.0,600.0,,583333.0,coinafrique,,2026,2,2026-Q2
Vente villa R+2 à Kegue,VENTE,Villa,kegue,350000000.0,,600.0,,583333.0,coinafrique,,2026,2,2026-Q2
Vente villa 5 chambres 2 salons Bé - Klikame,VENTE,Villa,klikame,350000000.0,5.0,600.0,,583333.0,coinafrique,,2026,2,2026-Q2
Vente villa 10 pièces à Agoè fil ô parc,VENTE,Villa,agoe,350000000.0,10.0,600.0,,583333.0,coinafrique,,2026,2,2026-Q2
Vente villa 4 pièces - Baguida,VENTE,Villa,baguida,350000000.0,4.0,600.0,,583333.0,coinafrique,,2026,2,2026-Q2
Vente villa 8 pièces à Baguida,VENTE,Villa,baguida,350000000.0,8.0,600.0,,583333.0,coinafrique,,2026,2,2026-Q2
Vente villa 1 lot 600 m² à à La Caisse,VENTE,Villa,cite oua,350000000.0,,600.0,,583333.0,coinafrique,,2026,2,2026-Q2
Vente villa 5 pièces à Baguida,VENTE,Villa,baguida,350000000.0,5.0,600.0,,583333.0,coinafrique,,2026,2,2026-Q2
Vente villa 6 pièces à Baguida,VENTE,Villa,baguida,350000000.0,6.0,600.0,,583333.0,coinafrique,,2026,2,2026-Q2
Terrain à Agbalepedo 2 super lots collés clôturés très bien situés en angle de rues abritant une villa sis à Agbalepedo,VENTE,Villa,agbalepedo,350000000.0,,1200.0,,291667.0,coinafrique,,2026,2,2026-Q2
Vente villa à Avepozo côté plage,VENTE,Villa,avepozo cote plage,350000000.0,,600.0,,583333.0,coinafrique,,2026,2,2026-Q2
Vente villa Baguida cité baie des anges,VENTE,Villa,baguida,350000000.0,,600.0,,583333.0,coinafrique,,2026,2,2026-Q2
Vente villa Adidogome cité Mokpkokpo,VENTE,Villa,adidogome,350000000.0,,600.0,,583333.0,coinafrique,,2026,2,2026-Q2
Vente villa 5 chambres 2 salons à Novissi,VENTE,Villa,novissi,350000000.0,5.0,600.0,,583333.0,coinafrique,,2026,2,2026-Q2
Vente villa à Novissi,VENTE,Villa,novissi,350000000.0,,600.0,,583333.0,coinafrique,,2026,2,2026-Q2
Vente villa à Baguida,VENTE,Villa,baguida,350000000.0,,600.0,,583333.0,coinafrique,,2026,2,2026-Q2
Vente villa Baguida,VENTE,Villa,baguida,350000000.0,,600.0,,583333.0,coinafrique,,2026,2,2026-Q2
Vente villa au sein de la cité Mokpokpo à adidogome,VENTE,Villa,adidogome,350000000.0,,600.0,,583333.0,coinafrique,,2026,2,2026-Q2
Vente villa 9 pièces - Kégué,VENTE,Villa,kegue,350000000.0,9.0,600.0,,583333.0,coinafrique,,2026,2,2026-Q2
Vente villa 3 pièces à Kegue,VENTE,Villa,kegue,350000000.0,3.0,600.0,,583333.0,coinafrique,,2026,2,2026-Q2
Vente villa 5 chambres 2 salons à Be - klikame,VENTE,Villa,klikame,350000000.0,5.0,600.0,,583333.0,coinafrique,,2026,2,2026-Q2
Vente villa duplex à Djidjole,VENTE,Villa,djidjole,350000000.0,,600.0,,583333.0,coinafrique,,2026,2,2026-Q2
Vente maison à la Caisse,VENTE,Villa,cite oua,350000000.0,,600.0,,583333.0,coinafrique,,2026,2,2026-Q2
Vente maison à la caisse,VENTE,Villa,cite oua,350000000.0,,600.0,,583333.0,coinafrique,,2026,2,2026-Q2
Vente villa 600m² Baguida cité baie des anges,VENTE,Villa,baguida,350000000.0,,600.0,,583333.0,coinafrique,,2026,2,2026-Q2
Vente maison à raser à la Caisse,VENTE,Villa,raser a la caisse,350000000.0,,600.0,,583333.0,coinafrique,,2026,2,2026-Q2
Vente villa à Kegue,VENTE,Villa,kegue,345000000.0,,600.0,,575000.0,coinafrique,,2026,2,2026-Q2
Vente villa à Kégue,VENTE,Villa,kegue,345000000.0,,600.0,,575000.0,coinafrique,,2026,2,2026-Q2
Vente villa à kégué,VENTE,Villa,kegue,345000000.0,,600.0,,575000.0,coinafrique,,2026,2,2026-Q2
Vente villa 9 pièces - Kégué,VENTE,Villa,kegue,340000000.0,9.0,600.0,,566667.0,coinafrique,,2026,2,2026-Q2
Vente villa duplex 8 pièces à baguida,VENTE,Villa,baguida,330000000.0,8.0,600.0,,550000.0,coinafrique,,2026,2,2026-Q2
Vente villa 6 chambres 2 salons à Baguida plage,VENTE,Villa,baguida plage,330000000.0,6.0,600.0,,550000.0,coinafrique,,2026,2,2026-Q2
Vente villa 6 chambres 2 salons Baguida plage,VENTE,Villa,plage,330000000.0,6.0,600.0,,550000.0,coinafrique,,2026,2,2026-Q2
Vente villa 6 pièces à Baguida,VENTE,Villa,baguida,330000000.0,6.0,600.0,,550000.0,coinafrique,,2026,2,2026-Q2
Vente villa 4 pièces à Cité Renaissance,VENTE,Villa,cite renaissance,325000000.0,4.0,600.0,,541667.0,coinafrique,,2026,2,2026-Q2
Vente villa - Baguida,VENTE,Villa,baguida,325000000.0,,600.0,,541667.0,coinafrique,,2026,2,2026-Q2
Vente villa 4 pièces - Novissi,VENTE,Villa,novissi,325000000.0,4.0,600.0,,541667.0,coinafrique,,2026,2,2026-Q2
Vente villa à Tokoin cassablanca,VENTE,Villa,tokoin,310000000.0,,600.0,,516667.0,coinafrique,,2026,2,2026-Q2
Vente villa duplex avec jardin et piscine à Casablanca,VENTE,Villa,casablanca,310000000.0,,600.0,,516667.0,coinafrique,,2026,2,2026-Q2
Vente villa à Tokoin casablanca,VENTE,Villa,tokoin,310000000.0,,600.0,,516667.0,coinafrique,,2026,2,2026-Q2
Vente villa à Tokoin Casablanca,VENTE,Villa,tokoin,310000000.0,,600.0,,516667.0,coinafrique,,2026,2,2026-Q2
Vente villa 1 lot à la Caisse,VENTE,Villa,cite oua,300000000.0,,600.0,,500000.0,coinafrique,,2026,2,2026-Q2
Vente villa duplex 17 pièces - Agoè Minamadou,VENTE,Villa,agoe,300000000.0,17.0,600.0,,500000.0,coinafrique,,2026,2,2026-Q2
Vente villa 4 pièces à Cité Renaissance,VENTE,Villa,cite renaissance,300000000.0,4.0,600.0,,500000.0,coinafrique,,2026,2,2026-Q2
Vente villa à Baguida,VENTE,Villa,baguida,300000000.0,,600.0,,500000.0,coinafrique,,2026,2,2026-Q2
Vente villa Baguida,VENTE,Villa,baguida,300000000.0,,600.0,,500000.0,coinafrique,,2026,2,2026-Q2
Vente villa 7 pièces à Baguida,VENTE,Villa,baguida,300000000.0,7.0,600.0,,500000.0,coinafrique,,2026,2,2026-Q2
Vente villa 5 chambres salon Tokoin casablanca,VENTE,Villa,tokoin,290000000.0,5.0,600.0,,483333.0,coinafrique,,2026,2,2026-Q2
Vente villa àTokoin casablanca,VENTE,Villa,tokoin,290000000.0,,600.0,,483333.0,coinafrique,,2026,2,2026-Q2
Vente villa duplex 7 pièces - Zanguéra,VENTE,Villa,zanguera,280000000.0,7.0,600.0,,466667.0,coinafrique,,2026,2,2026-Q2
Vente villa duplex - Kegue,VENTE,Villa,kegue,280000000.0,,600.0,,466667.0,coinafrique,,2026,2,2026-Q2
Vente villa à Baguida,VENTE,Villa,baguida,280000000.0,,600.0,,466667.0,coinafrique,,2026,2,2026-Q2
Vente villa de 05 pièces - Baguida,VENTE,Villa,baguida,280000000.0,5.0,600.0,,466667.0,coinafrique,,2026,2,2026-Q2
Vente villa à Agoe Kossigan,VENTE,Villa,kossigan,280000000.0,,600.0,,466667.0,coinafrique,,2026,2,2026-Q2
Vente villa 8 pièces - Baguida,VENTE,Villa,baguida,280000000.0,8.0,600.0,,466667.0,coinafrique,,2026,2,2026-Q2
Vente villa 4 pièces à Agoé Kossigan,VENTE,Villa,kossigan,280000000.0,4.0,600.0,,466667.0,coinafrique,,2026,2,2026-Q2
Vente villa 4 pièces à Agoè Kossigan,VENTE,Villa,agoe,280000000.0,4.0,600.0,,466667.0,coinafrique,,2026,2,2026-Q2
Vente villa duplex 10 pièces à Djidjolé,VENTE,Villa,djidjole,270000000.0,10.0,600.0,,450000.0,coinafrique,,2026,2,2026-Q2
Vente villa duplex 11 pièces à Djidjolé obut,VENTE,Villa,djidjole,270000000.0,11.0,600.0,,450000.0,coinafrique,,2026,2,2026-Q2
Vente villa à Djidjole,VENTE,Villa,djidjole,270000000.0,,600.0,,450000.0,coinafrique,,2026,2,2026-Q2
Vente villa à Baguida,VENTE,Villa,baguida,270000000.0,,600.0,,450000.0,coinafrique,,2026,2,2026-Q2
Vente villa 6 pièces - Djidjole,VENTE,Villa,djidjole,260000000.0,6.0,600.0,,433333.0,coinafrique,,2026,2,2026-Q2
Vente villa meublée avec piscine haute game a Adidogomé zanguera UCAO,VENTE,Villa Meuble,adidogome,260000000.0,,600.0,,433333.0,coinafrique,,2026,2,2026-Q2
Vente villa à Zanguera,VENTE,Villa,zanguera,260000000.0,,600.0,,433333.0,coinafrique,,2026,2,2026-Q2
Vente villa meublée 6 pièces à Zanguera,VENTE,Villa Meuble,zanguera,260000000.0,6.0,600.0,,433333.0,coinafrique,,2026,2,2026-Q2
Vente villa à Lomé Casablanca,VENTE,Villa,casablanca,250000000.0,,600.0,,416667.0,coinafrique,,2026,2,2026-Q2
Vente villa 6 pièces - Kégué,VENTE,Villa,kegue,250000000.0,6.0,600.0,,416667.0,coinafrique,,2026,2,2026-Q2
Vente villa - Lomé,VENTE,Villa,lome,250000000.0,,600.0,,416667.0,coinafrique,,2026,2,2026-Q2
Vente villa meublée 8 pièces - Tokoin cassablanca,VENTE,Villa Meuble,tokoin,250000000.0,8.0,600.0,,416667.0,coinafrique,,2026,2,2026-Q2
Vente villa 6 pièces - Tokoin casablanca,VENTE,Villa,tokoin,250000000.0,6.0,600.0,,416667.0,coinafrique,,2026,2,2026-Q2
Vente villa à Kegue,VENTE,Villa,kegue,250000000.0,,600.0,,416667.0,coinafrique,,2026,2,2026-Q2
Vente villa triplex - Tokoin cassablanca,VENTE,Villa,tokoin,250000000.0,,600.0,,416667.0,coinafrique,,2026,2,2026-Q2
Vente villa à Hedzranawo,VENTE,Villa,hedzranawoe,250000000.0,,600.0,,416667.0,coinafrique,,2026,2,2026-Q2
Vente villa Tokoin casablanca,VENTE,Villa,tokoin,250000000.0,,600.0,,416667.0,coinafrique,,2026,2,2026-Q2
Vente villa 7pièces - Casablanca,VENTE,Villa,casablanca,250000000.0,7.0,600.0,,416667.0,coinafrique,,2026,2,2026-Q2
Vente villa triplex 5 pièces - Tokoin,VENTE,Villa,tokoin,250000000.0,5.0,600.0,,416667.0,coinafrique,,2026,2,2026-Q2
Vente villa triplex avec piscine – Tokoin Casablanca,VENTE,Villa,tokoin,250000000.0,,600.0,,416667.0,coinafrique,,2026,2,2026-Q2
Vente villa 5 chambres 2 salons à Totsi,VENTE,Villa,totsi,240000000.0,5.0,600.0,,400000.0,coinafrique,,2026,2,2026-Q2
Vente villa 3/4 collés près de ECOBANK Agoe et de FUCEC,VENTE,Villa,fucec,240000000.0,,450.0,,533333.0,coinafrique,,2026,2,2026-Q2
Vente villa à Totsi,VENTE,Villa,totsi,240000000.0,,600.0,,400000.0,coinafrique,,2026,2,2026-Q2
Vente villa 1 lot à Hedzranawoé non loin du marché,VENTE,Villa,hedzranawoe,240000000.0,,600.0,,400000.0,coinafrique,,2026,2,2026-Q2
Vente villa 12chs à Hedzranawoe,VENTE,Villa,hedzranawoe,240000000.0,,600.0,,400000.0,coinafrique,,2026,2,2026-Q2
Vente villa 8 pièces à Hedzranawoe,VENTE,Villa,hedzranawoe,240000000.0,8.0,600.0,,400000.0,coinafrique,,2026,2,2026-Q2
Vente villa R+1 à la cité renaissance,VENTE,Villa,cite renaissance,238000000.0,,600.0,,396667.0,coinafrique,,2026,2,2026-Q2
Vente villa de 6 pièces avec piscine à cacaveli,VENTE,Villa,cacaveli,235000000.0,6.0,600.0,,391667.0,coinafrique,,2026,2,2026-Q2
Vente villa duplex 6 pièces + piscine à Agoè cacaveli,VENTE,Villa,agoe,235000000.0,6.0,600.0,,391667.0,coinafrique,,2026,2,2026-Q2
Vente villa duplex 5 chambres à Agoè Cacavelie,VENTE,Villa,agoe,235000000.0,5.0,600.0,,391667.0,coinafrique,,2026,2,2026-Q2
Vente villa R+2 à piscine à Agoè Assiyeye Bafanabafana,VENTE,Villa,agoe,230000000.0,,600.0,,383333.0,coinafrique,,2026,2,2026-Q2
Vente villa meublée - Baguida,VENTE,Villa Meuble,baguida,230000000.0,,600.0,,383333.0,coinafrique,,2026,2,2026-Q2
Vente villa à Hedzranawoe),VENTE,Villa,hedzranawoe,225000000.0,,600.0,,375000.0,coinafrique,,2026,2,2026-Q2
Vente villa R+1 à Agoè cacaveli,VENTE,Villa,agoe,220000000.0,,600.0,,366667.0,coinafrique,,2026,2,2026-Q2
Vente villa r+2 à Agoè Assiyeye,VENTE,Villa,agoe,220000000.0,,600.0,,366667.0,coinafrique,,2026,2,2026-Q2
Vente villa à Agoè Assiyeye,VENTE,Villa,agoe,220000000.0,,600.0,,366667.0,coinafrique,,2026,2,2026-Q2
Vente villa R+2 à Agoe assiyeye,VENTE,Villa,assiyeye,220000000.0,,600.0,,366667.0,coinafrique,,2026,2,2026-Q2
Vente villa 3 chambres à Adéwui,VENTE,Villa,adewui,220000000.0,3.0,600.0,,366667.0,coinafrique,,2026,2,2026-Q2
Vente villa avec piscine à Agoè Cacavéli,VENTE,Villa,agoe,220000000.0,,600.0,,366667.0,coinafrique,,2026,2,2026-Q2
Vente villa à Kegué,VENTE,Villa,kegue,220000000.0,,600.0,,366667.0,coinafrique,,2026,2,2026-Q2
Vente villa R+1 à Agoè cacaveli,VENTE,Villa,agoe,220000000.0,,450.0,,488889.0,coinafrique,,2026,2,2026-Q2
Vente maison - Kegué,VENTE,Villa,kegue,220000000.0,,600.0,,366667.0,coinafrique,,2026,2,2026-Q2
"Vente maison duplex 8 pièces - Baguida, Lomé",VENTE,Villa,baguida,220000000.0,8.0,600.0,,366667.0,coinafrique,,2026,2,2026-Q2
Vente villa à Agoe Cacaveli,VENTE,Villa,cacaveli,220000000.0,,600.0,,366667.0,coinafrique,,2026,2,2026-Q2
Vente villa duplex à Cacaveli,VENTE,Villa,cacaveli,220000000.0,,600.0,,366667.0,coinafrique,,2026,2,2026-Q2
Vente villa 4 pièces - Agbalepedo,VENTE,Villa,agbalepedo,210000000.0,4.0,600.0,,350000.0,coinafrique,,2026,2,2026-Q2
Vente villa à 80 m du goudron Agbalepedo,VENTE,Villa,agbalepedo,210000000.0,,600.0,,350000.0,coinafrique,,2026,2,2026-Q2
Vente villa duplex - Agoe cacaveli,VENTE,Villa,cacaveli,210000000.0,,600.0,,350000.0,coinafrique,,2026,2,2026-Q2
Vente villa 5 pièces à Agoe la source,VENTE,Villa,agoe la source,210000000.0,5.0,600.0,,350000.0,coinafrique,,2026,2,2026-Q2
Vente villa 5 pièces - Agoè,VENTE,Villa,agoe,210000000.0,5.0,600.0,,350000.0,coinafrique,,2026,2,2026-Q2
Vente villa duplex R+1 à Agbalepedo,VENTE,Villa,agbalepedo,200000000.0,,600.0,,333333.0,coinafrique,,2026,2,2026-Q2
Vente hotel à Kpalimé,VENTE,Villa,kpalime,200000000.0,,600.0,,333333.0,coinafrique,,2026,2,2026-Q2
Vente villa 5 pièces à Lomé kegue,VENTE,Villa,kegue,200000000.0,5.0,600.0,,333333.0,coinafrique,,2026,2,2026-Q2
Vente villa - Lomé,VENTE,Villa,lome,200000000.0,,600.0,,333333.0,coinafrique,,2026,2,2026-Q2
Vente magasin 2 lots Lomé Togo quartier bé pkota.,VENTE,Villa,be pkota,200000000.0,,1200.0,,166667.0,coinafrique,,2026,2,2026-Q2
Vente villa R+1 à Cacaveli Agoe Lomé 228 Togo,VENTE,Villa,cacaveli,200000000.0,,600.0,,333333.0,coinafrique,,2026,2,2026-Q2
Vente villa 10 pièces - Carrefours GTA,VENTE,Villa,gta,200000000.0,10.0,600.0,,333333.0,coinafrique,,2026,2,2026-Q2
Vente villa 4 pièces à Agbalepedo,VENTE,Villa,agbalepedo,200000000.0,4.0,600.0,,333333.0,coinafrique,,2026,2,2026-Q2
Vente villa 4 chambres salon à Adidogome,VENTE,Villa,adidogome,200000000.0,4.0,600.0,,333333.0,coinafrique,,2026,2,2026-Q2
Vente villa 4 chambres à Adidogome,VENTE,Villa,adidogome,200000000.0,4.0,600.0,,333333.0,coinafrique,,2026,2,2026-Q2
Vente villa à Agoe Telessou,VENTE,Villa,telessou,200000000.0,,600.0,,333333.0,coinafrique,,2026,2,2026-Q2
Vente villa 5 pièces à adidogome,VENTE,Villa,adidogome,200000000.0,5.0,600.0,,333333.0,coinafrique,,2026,2,2026-Q2
Vente villa 4 pièces à adidogome,VENTE,Villa,adidogome,200000000.0,4.0,600.0,,333333.0,coinafrique,,2026,2,2026-Q2
Vente villa 4chs à Adidogome,VENTE,Villa,adidogome,200000000.0,5.0,600.0,,333333.0,coinafrique,,2026,2,2026-Q2
Vente villa à la cite Mokpokpo Lomé,VENTE,Villa,cite mokpokpo,200000000.0,,600.0,,333333.0,coinafrique,,2026,2,2026-Q2
Vente villa 15 pièces à Agoé Cacaveli,VENTE,Villa,cacaveli,200000000.0,15.0,600.0,,333333.0,coinafrique,,2026,2,2026-Q2
Vente villa TF 1 lot 10 chambres salon et 2 boyeries - Agoe non loin de c e.e.t,VENTE,Villa,agoe,200000000.0,10.0,600.0,,333333.0,coinafrique,,2026,2,2026-Q2
Vente villa triplex avec piscine à Agbalepedo,VENTE,Villa,agbalepedo,195000000.0,,600.0,,325000.0,coinafrique,,2026,2,2026-Q2
Vente villa duplex - Agbalépédo,VENTE,Villa,agbalepedo,195000000.0,,600.0,,325000.0,coinafrique,,2026,2,2026-Q2
Vente villa triplex 7 pièces - Agnanlépédo,VENTE,Villa,agnanlepedo,195000000.0,7.0,600.0,,325000.0,coinafrique,,2026,2,2026-Q2
Vente villa 7pièces - Agbalepedo,VENTE,Villa,agbalepedo,195000000.0,7.0,600.0,,325000.0,coinafrique,,2026,2,2026-Q2
Vente villa 4 pièces - Agbalépedo,VENTE,Villa,agbalepedo,190000000.0,4.0,600.0,,316667.0,coinafrique,,2026,2,2026-Q2
Ventre villa 5 chambres 2 salons à Agbalepedo,VENTE,Villa,agbalepedo,190000000.0,5.0,600.0,,316667.0,coinafrique,,2026,2,2026-Q2
Vente villa à Baguida cité beceao,VENTE,Villa,baguida,185000000.0,,600.0,,308333.0,coinafrique,,2026,2,2026-Q2
Vente villa duplex 9 chambres à Hedzranawoe ou Attiégou Sokpanou,VENTE,Villa,hedzranawoe,185000000.0,9.0,600.0,,308333.0,coinafrique,,2026,2,2026-Q2
Vente villa à Attiegou Sokpanou,VENTE,Villa,attiegou sokpanou,180000000.0,,600.0,,300000.0,coinafrique,,2026,2,2026-Q2
Vente villas 7 pièces - lomé,VENTE,Villa,lome,175000000.0,7.0,600.0,,291667.0,coinafrique,,2026,2,2026-Q2
Vente villa à Baguida,VENTE,Villa,baguida,175000000.0,,600.0,,291667.0,coinafrique,,2026,2,2026-Q2
Vente villa 14 pièces à Noukafu,VENTE,Villa,nukafu,175000000.0,14.0,600.0,,291667.0,coinafrique,,2026,2,2026-Q2
Vente villa 5 pièces - Tokoin forever,VENTE,Villa,tokoin,170000000.0,5.0,600.0,,283333.0,coinafrique,,2026,2,2026-Q2
Vente villa 4 chambres salon à Baguida,VENTE,Villa,baguida,170000000.0,4.0,600.0,,283333.0,coinafrique,,2026,2,2026-Q2
Vente villas 6 pièces - Lomé,VENTE,Villa,lome,170000000.0,6.0,600.0,,283333.0,coinafrique,,2026,2,2026-Q2
Vente villa 6 pièces - Cité boad baguida,VENTE,Villa,cite boad,170000000.0,6.0,600.0,,283333.0,coinafrique,,2026,2,2026-Q2
Vente villa duplex 5 pièces - Avenou,VENTE,Villa,avenou,170000000.0,5.0,600.0,,283333.0,coinafrique,,2026,2,2026-Q2
Vente villa 5 pièces - Citée boad Baguida,VENTE,Villa,cite boad,170000000.0,5.0,600.0,,283333.0,coinafrique,,2026,2,2026-Q2
Vente villa 5 pièces - Cité Boas,VENTE,Villa,cite boad,170000000.0,5.0,600.0,,283333.0,coinafrique,,2026,2,2026-Q2
Vente villa duplex 8 pièces - Avénou,VENTE,Villa,avenou,170000000.0,8.0,600.0,,283333.0,coinafrique,,2026,2,2026-Q2
Vente villa duplex 5 pièces à Tokoin forever,VENTE,Villa,tokoin,170000000.0,5.0,600.0,,283333.0,coinafrique,,2026,2,2026-Q2
Vente villa Triplex à Atikoumé,VENTE,Villa,atikoume,170000000.0,,600.0,,283333.0,coinafrique,,2026,2,2026-Q2
Vente villa 04 pièces ) Adidogomé avenou,VENTE,Villa,adidogome,170000000.0,4.0,600.0,,283333.0,coinafrique,,2026,2,2026-Q2
Vente villa à Agoe Telessou,VENTE,Villa,telessou,170000000.0,,600.0,,283333.0,coinafrique,,2026,2,2026-Q2
Vente villa R+2 à Avenou,VENTE,Villa,avenou,170000000.0,,600.0,,283333.0,coinafrique,,2026,2,2026-Q2
Vente villa à Baguida cité Boad,VENTE,Villa,baguida,170000000.0,,600.0,,283333.0,coinafrique,,2026,2,2026-Q2
Vente villa à Baguida cité boad,VENTE,Villa,baguida,170000000.0,,600.0,,283333.0,coinafrique,,2026,2,2026-Q2
Vente villa 8 pièces - Avénou Factory,VENTE,Villa,avenou factory,170000000.0,8.0,600.0,,283333.0,coinafrique,,2026,2,2026-Q2
Vente villa 5chambres salons à Agodeke,VENTE,Villa,agodeka,170000000.0,5.0,600.0,,283333.0,coinafrique,,2026,2,2026-Q2
Vente villa duplex 12 pièces à Atikoumé,VENTE,Villa,atikoume,170000000.0,12.0,600.0,,283333.0,coinafrique,,2026,2,2026-Q2
Vente villa 2 pièces à Avenou,VENTE,Villa,avenou,170000000.0,2.0,600.0,,283333.0,coinafrique,,2026,2,2026-Q2
Vente Villa 2 piéces à Avenou,VENTE,Villa,avenou,170000000.0,,600.0,,283333.0,coinafrique,,2026,2,2026-Q2
Vente villa duplex - Avénou Factory,VENTE,Villa,avenou factory,170000000.0,,600.0,,283333.0,coinafrique,,2026,2,2026-Q2
Vente villa 05 chambres R+2 - Avénou factory,VENTE,Villa,avenou factory,170000000.0,5.0,600.0,,283333.0,coinafrique,,2026,2,2026-Q2
Vente villa - Adidogomé - Avenou,VENTE,Villa,adidogome,170000000.0,,600.0,,283333.0,coinafrique,,2026,2,2026-Q2
Vente villa duplex - Avenou,VENTE,Villa,avenou,170000000.0,,600.0,,283333.0,coinafrique,,2026,2,2026-Q2
Vente villa 7 pièces - Avénou Factory,VENTE,Villa,avenou factory,170000000.0,7.0,600.0,,283333.0,coinafrique,,2026,2,2026-Q2
Vente villa 05 pièces - Tokoin forever,VENTE,Villa,tokoin,165000000.0,5.0,600.0,,275000.0,coinafrique,,2026,2,2026-Q2
Vente villa à Avenou,VENTE,Villa,avenou,165000000.0,,600.0,,275000.0,coinafrique,,2026,2,2026-Q2
Vente maison duplex au bord du goudron à Avédji,VENTE,Villa,avedji,165000000.0,,600.0,,275000.0,coinafrique,,2026,2,2026-Q2
Vente villa 8 pièces - Avedji,VENTE,Villa,avedji,165000000.0,8.0,600.0,,275000.0,coinafrique,,2026,2,2026-Q2
Vente villa duplex R+1 à Kodjoviakopé,VENTE,Villa,kodjoviakope,150000000.0,,600.0,,250000.0,coinafrique,,2026,2,2026-Q2
Vente entrepôt - Akodesséwa,VENTE,Villa,akodessewa,150000000.0,,600.0,,250000.0,coinafrique,,2026,2,2026-Q2
Vente villa 12 pièces à Agoè cacaveli,VENTE,Villa,agoe,150000000.0,12.0,600.0,,250000.0,coinafrique,,2026,2,2026-Q2
Vente villa duplex à Kodjoviakope,VENTE,Villa,kodjoviakope,150000000.0,,600.0,,250000.0,coinafrique,,2026,2,2026-Q2
Vente villa à Agoè Cacaveli,VENTE,Villa,agoe,150000000.0,,600.0,,250000.0,coinafrique,,2026,2,2026-Q2
Vente villa meublée 4 pièces à Agoè zossimé,VENTE,Villa Meuble,agoe,150000000.0,4.0,600.0,,250000.0,coinafrique,,2026,2,2026-Q2
Vente villa à Agoe Zossime,VENTE,Villa,zossime,150000000.0,,600.0,,250000.0,coinafrique,,2026,2,2026-Q2
Vente villa à Hedzranawoe,VENTE,Villa,hedzranawoe,150000000.0,,600.0,,250000.0,coinafrique,,2026,2,2026-Q2
Vente entrepôt 1lot à Akodessewa,VENTE,Villa,akodessewa,150000000.0,,600.0,,250000.0,coinafrique,,2026,2,2026-Q2
Vente villa à Kodjoviakope,VENTE,Villa,kodjoviakope,150000000.0,,600.0,,250000.0,coinafrique,,2026,2,2026-Q2
Vente villa R+1 Agoe Anome Lomé,VENTE,Villa,anome,150000000.0,,600.0,,250000.0,coinafrique,,2026,2,2026-Q2
Vente villa à Agoe Cacaveli,VENTE,Villa,cacaveli,150000000.0,,600.0,,250000.0,coinafrique,,2026,2,2026-Q2
Vente villa à Avepozo,VENTE,Villa,avepozo,150000000.0,,600.0,,250000.0,coinafrique,,2026,2,2026-Q2
Vente hôtel de 18 chambres à Adidogome,VENTE,Villa,adidogome,150000000.0,18.0,600.0,,250000.0,coinafrique,,2026,2,2026-Q2
Vente villa - Agoè Cacaveli*,VENTE,Villa,agoe,150000000.0,,600.0,,250000.0,coinafrique,,2026,2,2026-Q2
Vente villa duplex à Tokoin Kodjoviakopé,VENTE,Villa,tokoin,150000000.0,,600.0,,250000.0,coinafrique,,2026,2,2026-Q2
Vente villa 3 pièces à Adidogome,VENTE,Villa,adidogome,150000000.0,3.0,600.0,,250000.0,coinafrique,,2026,2,2026-Q2
Vente villa duplex 12pièces - À goe cacaveli,VENTE,Villa,cacaveli,150000000.0,12.0,600.0,,250000.0,coinafrique,,2026,2,2026-Q2
Vente villa - Àdidogome wognome,VENTE,Villa,wonyome,150000000.0,,600.0,,250000.0,coinafrique,,2026,2,2026-Q2
Vente villa 5 pièces à kodjoviakopé,VENTE,Villa,kodjoviakope,150000000.0,5.0,600.0,,250000.0,coinafrique,,2026,2,2026-Q2
Vente villa 17 pièces à Agoé Cacaveli,VENTE,Villa,cacaveli,150000000.0,17.0,600.0,,250000.0,coinafrique,,2026,2,2026-Q2
Vente villa 1 lot TF à Agoè Cacaveli,VENTE,Villa,agoe,150000000.0,,600.0,,250000.0,coinafrique,,2026,2,2026-Q2
Vente villa - Agoè,VENTE,Villa,agoe,150000000.0,,600.0,,250000.0,coinafrique,,2026,2,2026-Q2
Vente villa 600 m² à Ablogamé Écobank,VENTE,Villa,ablogame,140000000.0,,600.0,,233333.0,coinafrique,,2026,2,2026-Q2
Vente villa duplex 8 pièces - Kégué,VENTE,Villa,kegue,140000000.0,8.0,600.0,,233333.0,coinafrique,,2026,2,2026-Q2
Vente villa 5 pièces à kpogan agbetiko,VENTE,Villa,kpogan agbetiko,140000000.0,5.0,600.0,,233333.0,coinafrique,,2026,2,2026-Q2
Vente villa duplex 3 pièces - Benin,VENTE,Villa,benin,130000000.0,3.0,600.0,,216667.0,coinafrique,,2026,2,2026-Q2
Vente villas 5 pièces - Lomé,VENTE,Villa,lome,130000000.0,5.0,600.0,,216667.0,coinafrique,,2026,2,2026-Q2
Vente villa 3 pièces - Résidence caisse,VENTE,Villa,residence caisse,130000000.0,3.0,600.0,,216667.0,coinafrique,,2026,2,2026-Q2
Vente 2 villa duplex 3 chambres Hédzranawoe école gloria,VENTE,Villa,hedzranawoe,130000000.0,3.0,600.0,,216667.0,coinafrique,,2026,2,2026-Q2
Vente villa 2chambres salon à Agoè Legbassito,VENTE,Villa,agoe,130000000.0,2.0,600.0,,216667.0,coinafrique,,2026,2,2026-Q2
Vente villa à Agoe legbassito,VENTE,Villa,legbassito,130000000.0,,600.0,,216667.0,coinafrique,,2026,2,2026-Q2
Vente villa 4 pièces à Agoe Vakpossito),VENTE,Villa,vakpossito,130000000.0,4.0,600.0,,216667.0,coinafrique,,2026,2,2026-Q2
Vente villa duplex - Agoe legassito,VENTE,Villa,legbassito,130000000.0,,600.0,,216667.0,coinafrique,,2026,2,2026-Q2
Vente villa à Adidogome Apedokoe,VENTE,Villa,apedokoe,130000000.0,,600.0,,216667.0,coinafrique,,2026,2,2026-Q2
Vente villa à Agoe Legbassito,VENTE,Villa,legbassito,130000000.0,,600.0,,216667.0,coinafrique,,2026,2,2026-Q2
Vente villa 5 pièces - Vakpossito,VENTE,Villa,vakpossito,130000000.0,5.0,600.0,,216667.0,coinafrique,,2026,2,2026-Q2
Vente villa duplex 05 pièces à Kégué,VENTE,Villa,kegue,130000000.0,5.0,600.0,,216667.0,coinafrique,,2026,2,2026-Q2
Vente mini villa 5 pièces à la Caisse,VENTE,Villa,cite oua,125000000.0,5.0,600.0,,208333.0,coinafrique,,2026,2,2026-Q2
Vente villa inachevée bâtie 336m² à Kodjoviakopé,VENTE,Villa,kodjoviakope,125000000.0,,336.0,,372024.0,coinafrique,,2026,2,2026-Q2
Vente villa R+1 à Nukafu Cerfer,VENTE,Villa,nukafu cerfer,120000000.0,,600.0,,200000.0,coinafrique,,2026,2,2026-Q2
Vente maison - Super Taco,VENTE,Villa,super taco,120000000.0,,600.0,,200000.0,coinafrique,,2026,2,2026-Q2
Vente villa duplex 5 pièces - Baguida,VENTE,Villa,baguida,120000000.0,5.0,600.0,,200000.0,coinafrique,,2026,2,2026-Q2
Vente villa 1/2 lot cité Mokpokpo Adidogome,VENTE,Villa,mokpokpo,120000000.0,,300.0,,400000.0,coinafrique,,2026,2,2026-Q2
Vente villa à Agoe Cacaveli,VENTE,Villa,cacaveli,120000000.0,,600.0,,200000.0,coinafrique,,2026,2,2026-Q2
Vente villa à Noukafu,VENTE,Villa,nukafu,120000000.0,,600.0,,200000.0,coinafrique,,2026,2,2026-Q2
Vente villa 6 chambres à Kpogan Zogbedzi,VENTE,Villa,kpogan zogbedzi,120000000.0,6.0,600.0,,200000.0,coinafrique,,2026,2,2026-Q2
Vente villa 9 pièces - Super Taco,VENTE,Villa,super taco,120000000.0,9.0,600.0,,200000.0,coinafrique,,2026,2,2026-Q2
Vente villa 5 pièces - Adidogome Cité Mokpokpo,VENTE,Villa,adidogome,120000000.0,5.0,600.0,,200000.0,coinafrique,,2026,2,2026-Q2
Vente villa 4 chambres salon à Togo 2000,VENTE,Villa,togo 2000,110000000.0,4.0,600.0,,183333.0,coinafrique,,2026,2,2026-Q2
Vente maison de location à Tokoin tresor,VENTE,Villa,tokoin,100000000.0,,600.0,,166667.0,coinafrique,,2026,2,2026-Q2
Vente villa 3 chambres salon à Zopomahe,VENTE,Villa,zopomahe,100000000.0,3.0,600.0,,166667.0,coinafrique,,2026,2,2026-Q2
Vente villa5 pièces - Zopomahe,VENTE,Villa,zopomahe,100000000.0,5.0,600.0,,166667.0,coinafrique,,2026,2,2026-Q2
Vente villa duplex 7 pièces - Baguida,VENTE,Villa,baguida,100000000.0,7.0,600.0,,166667.0,coinafrique,,2026,2,2026-Q2
Vente villa basse 4 pièces à adidogomé assiyéyé sur 600m2 à 20min de la ville,VENTE,Villa,adidogome,100000000.0,4.0,600.0,,166667.0,coinafrique,,2026,2,2026-Q2
Vente villa duplex à Kegue,VENTE,Villa,kegue,100000000.0,,600.0,,166667.0,coinafrique,,2026,2,2026-Q2
Vente villa 4 pièces - Kodjoviakope,VENTE,Villa,kodjoviakope,100000000.0,4.0,600.0,,166667.0,coinafrique,,2026,2,2026-Q2
"Vente villa - Baguida,",VENTE,Villa,baguida,100000000.0,,600.0,,166667.0,coinafrique,,2026,2,2026-Q2
Vente villa 5 pièces à Baguida,VENTE,Villa,baguida,100000000.0,5.0,600.0,,166667.0,coinafrique,,2026,2,2026-Q2
"Vente villa 2 chambres - Baguida,",VENTE,Villa,baguida,100000000.0,2.0,600.0,,166667.0,coinafrique,,2026,2,2026-Q2
Vente villa - Baguida,VENTE,Villa,baguida,100000000.0,,600.0,,166667.0,coinafrique,,2026,2,2026-Q2
Vente villa 3 pièces à Baguida,VENTE,Villa,baguida,100000000.0,3.0,600.0,,166667.0,coinafrique,,2026,2,2026-Q2
Vente villa à Baguida,VENTE,Villa,baguida,100000000.0,,600.0,,166667.0,coinafrique,,2026,2,2026-Q2
Vente maison duplex 3 pièces à kegue,VENTE,Villa,kegue,100000000.0,3.0,600.0,,166667.0,coinafrique,,2026,2,2026-Q2
Vente villa 3 chambres salon à Hedzranawoe Sagboville,VENTE,Villa,hedzranawoe sagboville,100000000.0,3.0,600.0,,166667.0,coinafrique,,2026,2,2026-Q2
Vente villa 3 appartements Leo2000,VENTE,Villa,leo 2000,95000000.0,,600.0,,158333.0,coinafrique,,2026,2,2026-Q2
Vente villa duplex à Lomé - Agoè Léo 2000,VENTE,Villa,agoe,95000000.0,,600.0,,158333.0,coinafrique,,2026,2,2026-Q2
Vente villa au centre ville cito aéroport,VENTE,Villa,hedzranawoe aeroport,95000000.0,,600.0,,158333.0,coinafrique,,2026,2,2026-Q2
Vente villa duplex 4 pièces - Baguida,VENTE,Villa,baguida,90000000.0,4.0,600.0,,150000.0,coinafrique,,2026,2,2026-Q2
Vente villa duplex 5 pièces - Agoé,VENTE,Villa,agoe,90000000.0,5.0,600.0,,150000.0,coinafrique,,2026,2,2026-Q2
Vendre villa 5 pièces - Agoè 2 lions,VENTE,Villa,agoe,90000000.0,5.0,600.0,,150000.0,coinafrique,,2026,2,2026-Q2
Vente villa duplex 05 pièces - Agoe 2 lions,VENTE,Villa,2 lions,90000000.0,5.0,600.0,,150000.0,coinafrique,,2026,2,2026-Q2
Vente villa 4 pièces - Agoè plateau,VENTE,Villa,agoe,90000000.0,4.0,600.0,,150000.0,coinafrique,,2026,2,2026-Q2
Vente résidence 3 pièces - caisse,VENTE,Villa,caisse,90000000.0,3.0,600.0,,150000.0,coinafrique,,2026,2,2026-Q2
Vente villa 7 pièces - Lomé,VENTE,Villa,lome,90000000.0,7.0,600.0,,150000.0,coinafrique,,2026,2,2026-Q2
Vente villa 5 chambres 2 salons Adidogome Sagbado Logote,VENTE,Villa,logote,90000000.0,5.0,600.0,,150000.0,coinafrique,,2026,2,2026-Q2
Vente villa 5 chambres Adidogomé Sagbado logoté,VENTE,Villa,adidogome,90000000.0,5.0,600.0,,150000.0,coinafrique,,2026,2,2026-Q2
Vente villa Agoe plateau,VENTE,Villa,plateau,90000000.0,,600.0,,150000.0,coinafrique,,2026,2,2026-Q2
Vente villa 3 chambres salon Adidogome soviepe,VENTE,Villa,soviepe,90000000.0,3.0,600.0,,150000.0,coinafrique,,2026,2,2026-Q2
Vente villa 3 chambres salon à Soviépé,VENTE,Villa,soviepe,90000000.0,3.0,600.0,,150000.0,coinafrique,,2026,2,2026-Q2
Vente villa 4 pièces - Soviépé,VENTE,Villa,soviepe,90000000.0,4.0,600.0,,150000.0,coinafrique,,2026,2,2026-Q2
Vente villa à Baguida cité la Caisse,VENTE,Villa,baguida,90000000.0,,600.0,,150000.0,coinafrique,,2026,2,2026-Q2
Vente villa 4 pièces à Agoè Plateau,VENTE,Villa,agoe,90000000.0,4.0,600.0,,150000.0,coinafrique,,2026,2,2026-Q2
Vente villa 2 chambres salon à Hedranawoe,VENTE,Villa,hedzranawoe,90000000.0,2.0,600.0,,150000.0,coinafrique,,2026,2,2026-Q2
Vente villa 3 pièces - Cité,VENTE,Villa,cite oua,90000000.0,3.0,600.0,,150000.0,coinafrique,,2026,2,2026-Q2
Vente villa 4 pièces - Agodékè,VENTE,Villa,agodeka,88000000.0,4.0,600.0,,146667.0,coinafrique,,2026,2,2026-Q2
Vente villa 5 pièces - Togo 2000,VENTE,Villa,togo 2000,85000000.0,5.0,600.0,,141667.0,coinafrique,,2026,2,2026-Q2
Vente villa 4 pièces - Agbanlepedo,VENTE,Villa,agbalepedo,85000000.0,4.0,600.0,,141667.0,coinafrique,,2026,2,2026-Q2
Vente entrepôt Kegué à Kpatcha,VENTE,Villa,kegue kpatcha,85000000.0,,600.0,,141667.0,coinafrique,,2026,2,2026-Q2
Vente entrepôt - Kégué,VENTE,Villa,kegue,85000000.0,,600.0,,141667.0,coinafrique,,2026,2,2026-Q2
Vente villa à Baguida,VENTE,Villa,baguida,85000000.0,,600.0,,141667.0,coinafrique,,2026,2,2026-Q2
Vente villa Agoe Legbassito atiome cité,VENTE,Villa,legbassito atiome,85000000.0,,600.0,,141667.0,coinafrique,,2026,2,2026-Q2
Vente villa 3 pièces - Baguida,VENTE,Villa,baguida,85000000.0,3.0,600.0,,141667.0,coinafrique,,2026,2,2026-Q2
Vente villa 4 pièces - Togo 2000,VENTE,Villa,togo 2000,85000000.0,4.0,600.0,,141667.0,coinafrique,,2026,2,2026-Q2
Vente villa 5 pièces - Baguida,VENTE,Villa,baguida,85000000.0,5.0,600.0,,141667.0,coinafrique,,2026,2,2026-Q2
Vente villa de 06 pièces - Baguida,VENTE,Villa,baguida,85000000.0,6.0,600.0,,141667.0,coinafrique,,2026,2,2026-Q2
Vente villa – Baguida,VENTE,Villa,baguida,85000000.0,,600.0,,141667.0,coinafrique,,2026,2,2026-Q2
Vente villa 7 pièces - Baguida,VENTE,Villa,baguida,85000000.0,7.0,600.0,,141667.0,coinafrique,,2026,2,2026-Q2
Vente villa 05 pièces - Grand marché de lomé,VENTE,Villa,assigame,85000000.0,5.0,600.0,,141667.0,coinafrique,,2026,2,2026-Q2
Vente villa 3 pièces à Baguida,VENTE,Villa,baguida,85000000.0,3.0,600.0,,141667.0,coinafrique,,2026,2,2026-Q2
Vente villa 4 pièces à Baguida,VENTE,Villa,baguida,85000000.0,4.0,600.0,,141667.0,coinafrique,,2026,2,2026-Q2
Vente villa 4pièces - Hedzranawoè,VENTE,Villa,hedzranawoe,85000000.0,4.0,600.0,,141667.0,coinafrique,,2026,2,2026-Q2
Vente villa de 3 chambres salon à Hedzranawoe à 20m du goudron,VENTE,Villa,hedzranawoe a,85000000.0,3.0,600.0,,141667.0,coinafrique,,2026,2,2026-Q2
Vente villa en angle rue à côté de l'hôtel de l'aéroport de Lomé,VENTE,Villa,hedzranawoe aeroport,85000000.0,,600.0,,141667.0,coinafrique,,2026,2,2026-Q2
vente villa 5 pièces à vakpossito nanegbe,VENTE,Villa,vakpossito nanegbe,85000000.0,5.0,600.0,,141667.0,coinafrique,,2026,2,2026-Q2
Vente villa 12pièces - Vakpossito,VENTE,Villa,vakpossito,85000000.0,12.0,600.0,,141667.0,coinafrique,,2026,2,2026-Q2
Vente villa à Agbalepedo,VENTE,Villa,agbalepedo,85000000.0,,600.0,,141667.0,coinafrique,,2026,2,2026-Q2
Vente villa à Zanguéra UCAO,VENTE,Villa,zanguera,80000000.0,,600.0,,133333.0,coinafrique,,2026,2,2026-Q2
Vente villa à Hedzranawoe,VENTE,Villa,hedzranawoe,80000000.0,,600.0,,133333.0,coinafrique,,2026,2,2026-Q2
Vente villa duplex 8 pièces a Zanguera,VENTE,Villa,zanguera,80000000.0,8.0,600.0,,133333.0,coinafrique,,2026,2,2026-Q2
Vente villa à Zanguera UCAO,VENTE,Villa,zanguera ucao,80000000.0,,600.0,,133333.0,coinafrique,,2026,2,2026-Q2
Vente villa R+1 à Zanguera ucao,VENTE,Villa,zanguera ucao,80000000.0,,600.0,,133333.0,coinafrique,,2026,2,2026-Q2
"Vente villa 3 chambres, salon à Zanguera UCAO",VENTE,Villa,zanguera ucao,80000000.0,3.0,600.0,,133333.0,coinafrique,,2026,2,2026-Q2
Vente villa à Hedzranawoe,VENTE,Villa,hedzranawoe,80000000.0,,1800.0,,44444.0,coinafrique,,2026,2,2026-Q2
Vente villa duplex 6 pièces - Zanguéra ucao,VENTE,Villa,zanguera,80000000.0,6.0,600.0,,133333.0,coinafrique,,2026,2,2026-Q2
Vente entrepôts - Agoe fiovi,VENTE,Villa,fiovi,80000000.0,,600.0,,133333.0,coinafrique,,2026,2,2026-Q2
Vente villa - Djidjolé,VENTE,Villa,djidjole,80000000.0,,600.0,,133333.0,coinafrique,,2026,2,2026-Q2
Vente entrepôt à Agoè fiovi secteur,VENTE,Villa,agoe,80000000.0,,600.0,,133333.0,coinafrique,,2026,2,2026-Q2
Vente entrepot à Agoe Fiovi,VENTE,Villa,fiovi,80000000.0,,600.0,,133333.0,coinafrique,,2026,2,2026-Q2
Terrain contenant une petite villa - Centre ville,VENTE,Villa,centre ville,80000000.0,,600.0,,133333.0,coinafrique,,2026,2,2026-Q2
Vente entrepôt à 200 m du goudron Agoe Fiovi,VENTE,Villa,fiovi,80000000.0,,600.0,,133333.0,coinafrique,,2026,2,2026-Q2
Vente entrepôt à Agoe fiovi secteur CCL,VENTE,Villa,fiovi,80000000.0,,600.0,,133333.0,coinafrique,,2026,2,2026-Q2
Vente villa - Adidogomé Apedokoè,VENTE,Villa,adidogome,80000000.0,,600.0,,133333.0,coinafrique,,2026,2,2026-Q2
Vente villa 11 chambres à Gbonssimé,VENTE,Villa,gbonssime,80000000.0,11.0,600.0,,133333.0,coinafrique,,2026,2,2026-Q2
Vente villa 3 chambres salon à Adidogomé Soviepé,VENTE,Villa,adidogome,80000000.0,3.0,600.0,,133333.0,coinafrique,,2026,2,2026-Q2
Vente villa à Agbalepedo,VENTE,Villa,agbalepedo,80000000.0,,600.0,,133333.0,coinafrique,,2026,2,2026-Q2
Vente villa 3 chambres salon à Agbalepedo,VENTE,Villa,agbalepedo,80000000.0,3.0,600.0,,133333.0,coinafrique,,2026,2,2026-Q2
Vente villa à Agbalépedo,VENTE,Villa,agbalepedo,80000000.0,,600.0,,133333.0,coinafrique,,2026,2,2026-Q2
Vente villa 3 chambres salon à Adidogome Attigangomé,VENTE,Villa,attigangome,80000000.0,3.0,600.0,,133333.0,coinafrique,,2026,2,2026-Q2
Vente villa 5 pièces - Agbalepedo,VENTE,Villa,agbalepedo,80000000.0,5.0,600.0,,133333.0,coinafrique,,2026,2,2026-Q2
Vente villa 3 pièces Adidogomé Atigangomè,VENTE,Villa,adidogome,80000000.0,3.0,600.0,,133333.0,coinafrique,,2026,2,2026-Q2
Vente villa 1 lot 3chambres salon à Adidogome Attigangome,VENTE,Villa,attigangome,80000000.0,3.0,600.0,,133333.0,coinafrique,,2026,2,2026-Q2
Vente villa à Adidogome Attigangome,VENTE,Villa,attigangome,80000000.0,,600.0,,133333.0,coinafrique,,2026,2,2026-Q2
Vente villa à Adidogome Akepedo,VENTE,Villa,akepedo,80000000.0,,600.0,,133333.0,coinafrique,,2026,2,2026-Q2
Vente villa nouvelle construction à Kégué,VENTE,Villa,kegue,80000000.0,,600.0,,133333.0,coinafrique,,2026,2,2026-Q2
Vente villa à Kégué,VENTE,Villa,kegue,80000000.0,,600.0,,133333.0,coinafrique,,2026,2,2026-Q2
Vente villas 3 chambres à Kegue,VENTE,Villa,kegue,80000000.0,3.0,600.0,,133333.0,coinafrique,,2026,2,2026-Q2
Vente villa Adidogome apedokoe,VENTE,Villa,apedokoe,80000000.0,,600.0,,133333.0,coinafrique,,2026,2,2026-Q2
Vente villa 4 pièces à kodjoviakope,VENTE,Villa,kodjoviakope,80000000.0,4.0,600.0,,133333.0,coinafrique,,2026,2,2026-Q2
Vente villa 12 pièces à Agoe Assikor,VENTE,Villa,assiko,80000000.0,12.0,600.0,,133333.0,coinafrique,,2026,2,2026-Q2
Vente villa 5 pièces à Adidogome Apedokoe),VENTE,Villa,apedokoe,80000000.0,5.0,600.0,,133333.0,coinafrique,,2026,2,2026-Q2
Vente villa 3 chambres salon à Noukafu,VENTE,Villa,nukafu,80000000.0,3.0,600.0,,133333.0,coinafrique,,2026,2,2026-Q2
Vente villa à Zanguera Akepedo,VENTE,Villa,zanguera akepedo,80000000.0,,600.0,,133333.0,coinafrique,,2026,2,2026-Q2
Vente villa 03 chambres salon à à Agoé Cacaveli,VENTE,Villa,cacaveli,80000000.0,3.0,600.0,,133333.0,coinafrique,,2026,2,2026-Q2
Vente villa 4 pièces - Adidogomé,VENTE,Villa,adidogome,80000000.0,4.0,600.0,,133333.0,coinafrique,,2026,2,2026-Q2
Vente maison locative en Angle de Rue Nyekonakpoe,VENTE,Villa,nyekonakpoe,80000000.0,,600.0,,133333.0,coinafrique,,2026,2,2026-Q2
Vente villa R+1 à Hedranawoe,VENTE,Villa,hedzranawoe,80000000.0,,600.0,,133333.0,coinafrique,,2026,2,2026-Q2
Vente villa - Baguida monument,VENTE,Villa,baguida monument,76000000.0,,600.0,,126667.0,coinafrique,,2026,2,2026-Q2
Vente villa 4 pièces - Avepozo,VENTE,Villa,avepozo,75000000.0,4.0,600.0,,125000.0,coinafrique,,2026,2,2026-Q2
Vente villa 3 chambres salon à Zanguéra,VENTE,Villa,zanguera,75000000.0,3.0,600.0,,125000.0,coinafrique,,2026,2,2026-Q2
Vente villa 3 pièces - Nyekonakpoè,VENTE,Villa,nyekonakpoe,75000000.0,3.0,600.0,,125000.0,coinafrique,,2026,2,2026-Q2
Vente villa à Zanguéra,VENTE,Villa,zanguera,75000000.0,,600.0,,125000.0,coinafrique,,2026,2,2026-Q2
Vente villa 3 pièces - Nyékonakpoè,VENTE,Villa,nyekonakpoe,75000000.0,3.0,600.0,,125000.0,coinafrique,,2026,2,2026-Q2
Vente villa 3 chambres salon à Avepozo,VENTE,Villa,avepozo,75000000.0,3.0,600.0,,125000.0,coinafrique,,2026,2,2026-Q2
Vente villa 5 pièces - Nyékonakpoè,VENTE,Villa,nyekonakpoe,75000000.0,5.0,600.0,,125000.0,coinafrique,,2026,2,2026-Q2
Vente villa duplex 6 pièces - Adidogomé,VENTE,Villa,adidogome,75000000.0,6.0,600.0,,125000.0,coinafrique,,2026,2,2026-Q2
Vente villa 4 pièces - Zanguéra,VENTE,Villa,zanguera,75000000.0,4.0,600.0,,125000.0,coinafrique,,2026,2,2026-Q2
Vente villa 2 chambres salon,VENTE,Villa,agoe,75000000.0,2.0,600.0,,125000.0,coinafrique,,2026,2,2026-Q2
Vente villa à Zanguera - Akepedo,VENTE,Villa,akepedo,75000000.0,,600.0,,125000.0,coinafrique,,2026,2,2026-Q2
Vente villa duplex 3 chambres salon avec piscine dans une cité,VENTE,Villa,caisse,75000000.0,3.0,600.0,,125000.0,coinafrique,,2026,2,2026-Q2
Vente villa duplex 4 pièces - Zanguera Akepedo,VENTE,Villa,zanguera akepedo,75000000.0,4.0,600.0,,125000.0,coinafrique,,2026,2,2026-Q2
Vente maison de location - Apedokoè,VENTE,Villa,apedokoe,75000000.0,,600.0,,125000.0,coinafrique,,2026,2,2026-Q2
Vente villa duplex à Adidogomé Avé Maria,VENTE,Villa,adidogome,75000000.0,,600.0,,125000.0,coinafrique,,2026,2,2026-Q2
Vente villa 4 pièces - Baguida,VENTE,Villa,baguida,75000000.0,4.0,600.0,,125000.0,coinafrique,,2026,2,2026-Q2
Vente villa 3 chambres salons à Baguida,VENTE,Villa,baguida,75000000.0,3.0,600.0,,125000.0,coinafrique,,2026,2,2026-Q2
Vente villa à Adidogome Apedokoe,VENTE,Villa,apedokoe,75000000.0,,600.0,,125000.0,coinafrique,,2026,2,2026-Q2
Vente maison à but lucratif Adidogome Apedokoe,VENTE,Villa,apedokoe,75000000.0,,600.0,,125000.0,coinafrique,,2026,2,2026-Q2
"Vente villa 500m² à Lomé, quartier Adidogomé Soviepe",VENTE,Villa,adidogome,75000000.0,,500.0,,150000.0,coinafrique,,2026,2,2026-Q2
Vente villa 5 chambres à Ablogamé derrière la direction ecobank,VENTE,Villa,ablogame,75000000.0,5.0,600.0,,125000.0,coinafrique,,2026,2,2026-Q2
Vente maison à à Adidogome Sagbado,VENTE,Villa,sagbado,75000000.0,,600.0,,125000.0,coinafrique,,2026,2,2026-Q2
Vente maison 12 pièces - Entreprise de l’union,VENTE,Villa,entreprise de l union,75000000.0,12.0,600.0,,125000.0,coinafrique,,2026,2,2026-Q2
Vente villa 10 pièces à Agoe Assikor,VENTE,Villa,assiko,75000000.0,10.0,600.0,,125000.0,coinafrique,,2026,2,2026-Q2
Vente villa 5piéces - Adidogome apedokoe,VENTE,Villa,apedokoe,75000000.0,,600.0,,125000.0,coinafrique,,2026,2,2026-Q2
Vente villa à Adidogome,VENTE,Villa,adidogome,75000000.0,,600.0,,125000.0,coinafrique,,2026,2,2026-Q2
Vente villa 600m² à Adeticopé,VENTE,Villa,adetikope,72000000.0,,600.0,,120000.0,coinafrique,,2026,2,2026-Q2
Vente villa Adidogome cité Mokpkokpo,VENTE,Villa,adidogome,72000000.0,,600.0,,120000.0,coinafrique,,2026,2,2026-Q2
Vente villa 3 chambres salon à la cité Mokpokpo à Adidogome,VENTE,Villa,mokpokpo,72000000.0,3.0,600.0,,120000.0,coinafrique,,2026,2,2026-Q2
Vente villa 5 pièces - Hedzranawoe,VENTE,Villa,hedzranawoe,70000000.0,5.0,600.0,,116667.0,coinafrique,,2026,2,2026-Q2
Vente villa à Hédjranawoé,VENTE,Villa,hedzranawoe,70000000.0,,600.0,,116667.0,coinafrique,,2026,2,2026-Q2
Vente villa R+1 à Djagble Abolave,VENTE,Villa,djagble abolave,70000000.0,,600.0,,116667.0,coinafrique,,2026,2,2026-Q2
Vente villa à Zanguéra afiadegnigban,VENTE,Villa,zanguera,70000000.0,,600.0,,116667.0,coinafrique,,2026,2,2026-Q2
Vente villa 4 pièces à Hedzranawoe,VENTE,Villa,hedzranawoe,70000000.0,4.0,600.0,,116667.0,coinafrique,,2026,2,2026-Q2
Vente villa duplex R+1 à Hedzranawoé,VENTE,Villa,hedzranawoe,70000000.0,,600.0,,116667.0,coinafrique,,2026,2,2026-Q2
VENTE d'une villa de 11 pièces à Dabarakondji - aéroport,VENTE,Villa,hedzranawoe aeroport,70000000.0,11.0,600.0,,116667.0,coinafrique,,2026,2,2026-Q2
Vente maison - Avepozo,VENTE,Villa,avepozo,70000000.0,,600.0,,116667.0,coinafrique,,2026,2,2026-Q2
Vente villa 2 chambres salon à Sagbado,VENTE,Villa,sagbado,70000000.0,2.0,600.0,,116667.0,coinafrique,,2026,2,2026-Q2
Vente villa 5 pièces à Adidogomé sagbado,VENTE,Villa,adidogome,70000000.0,5.0,600.0,,116667.0,coinafrique,,2026,2,2026-Q2
Vente villa 3 pièces - Hedranawoé,VENTE,Villa,hedzranawoe,70000000.0,3.0,600.0,,116667.0,coinafrique,,2026,2,2026-Q2
Vente villa 3 pièces - Kpalimé,VENTE,Villa,kpalime,70000000.0,3.0,600.0,,116667.0,coinafrique,,2026,2,2026-Q2
Vente villa 5 pièces - Adidogome,VENTE,Villa,adidogome,70000000.0,5.0,600.0,,116667.0,coinafrique,,2026,2,2026-Q2
Vente villa 3 chambres salon à Adidogomé – Sagbado,VENTE,Villa,adidogome,70000000.0,3.0,600.0,,116667.0,coinafrique,,2026,2,2026-Q2
Vente villa 3 pièces à Adidogome,VENTE,Villa,adidogome,70000000.0,3.0,600.0,,116667.0,coinafrique,,2026,2,2026-Q2
Vente villa - Lomé,VENTE,Villa,lome,70000000.0,,600.0,,116667.0,coinafrique,,2026,2,2026-Q2
Vente villa basse 5 pièces - Adidogome wognome,VENTE,Villa,wonyome,70000000.0,5.0,600.0,,116667.0,coinafrique,,2026,2,2026-Q2
Vente villa 5 pièces - Sagbado,VENTE,Villa,sagbado,70000000.0,5.0,600.0,,116667.0,coinafrique,,2026,2,2026-Q2
Vente villa 4 pièces - Adidogome sagbado,VENTE,Villa,sagbado,70000000.0,4.0,600.0,,116667.0,coinafrique,,2026,2,2026-Q2
Vente villa à Zanguera Afiadegnigban,VENTE,Villa,zanguera afiadegnigban,70000000.0,,600.0,,116667.0,coinafrique,,2026,2,2026-Q2
Vente villa 5 pièces à Zanguéra Afiadenyigban,VENTE,Villa,zanguera,70000000.0,5.0,600.0,,116667.0,coinafrique,,2026,2,2026-Q2
Vente villa R+2 à Aképédo,VENTE,Villa,akepe,70000000.0,,600.0,,116667.0,coinafrique,,2026,2,2026-Q2
Vente villa 5 chambres salon à Zanguera Afiadegnigban,VENTE,Villa,zanguera afiadegnigban,70000000.0,5.0,600.0,,116667.0,coinafrique,,2026,2,2026-Q2
Vente villa duplex 7 pièces - Zanguéra,VENTE,Villa,zanguera,70000000.0,7.0,600.0,,116667.0,coinafrique,,2026,2,2026-Q2
Vente villa duplex 7 pièces à Zanguéra afiadégnigban,VENTE,Villa,zanguera,70000000.0,7.0,600.0,,116667.0,coinafrique,,2026,2,2026-Q2
Vente villa 4chambre salon à Avedji Wessome,VENTE,Villa,avedji wessome,70000000.0,4.0,600.0,,116667.0,coinafrique,,2026,2,2026-Q2
Vente villa 4 pièces à Adidogome sagbado,VENTE,Villa,sagbado,70000000.0,4.0,600.0,,116667.0,coinafrique,,2026,2,2026-Q2
Vente villa à Agoe legbassito Assiko koklognipe,VENTE,Villa,legbassito assiko koklognipe,70000000.0,,600.0,,116667.0,coinafrique,,2026,2,2026-Q2
Vente villa 3 pièces à zanguera akepedo,VENTE,Villa,zanguera akepedo,70000000.0,3.0,600.0,,116667.0,coinafrique,,2026,2,2026-Q2
Vente villa - Sagbado,VENTE,Villa,sagbado,70000000.0,,600.0,,116667.0,coinafrique,,2026,2,2026-Q2
Vente villa à Baguida,VENTE,Villa,baguida,70000000.0,,600.0,,116667.0,coinafrique,,2026,2,2026-Q2
Vente villa meublée à Avepozo,VENTE,Villa Meuble,avepozo,70000000.0,,600.0,,116667.0,coinafrique,,2026,2,2026-Q2
Vente villa 3 chs à Adidogome Wognome,VENTE,Villa,wonyome,70000000.0,,600.0,,116667.0,coinafrique,,2026,2,2026-Q2
Vente villa 4pièces - Adidogome sagbado),VENTE,Villa,sagbado,70000000.0,4.0,600.0,,116667.0,coinafrique,,2026,2,2026-Q2
Vente villa 3 chambres salon à Lomé quartier Sagbado,VENTE,Villa,sagbado,70000000.0,3.0,600.0,,116667.0,coinafrique,,2026,2,2026-Q2
Vente villa 5pièces - Aveji,VENTE,Villa,avedji,70000000.0,5.0,600.0,,116667.0,coinafrique,,2026,2,2026-Q2
Vente villa duplex 4 pièces - Lomé,VENTE,Villa,lome,70000000.0,4.0,600.0,,116667.0,coinafrique,,2026,2,2026-Q2
Vente villa duplex 6 pièces - Zanguera,VENTE,Villa,zanguera,70000000.0,6.0,600.0,,116667.0,coinafrique,,2026,2,2026-Q2
"Vente villa 3 chambres salon à Lomé, quartier Sagbado",VENTE,Villa,sagbado,70000000.0,3.0,600.0,,116667.0,coinafrique,,2026,2,2026-Q2
Vente villa 1 lot clôturé bâtie Bè hôpital,VENTE,Villa,be,70000000.0,,600.0,,116667.0,coinafrique,,2026,2,2026-Q2
Vente villa 5 pièces à Magbado,VENTE,Villa,magbado,70000000.0,5.0,600.0,,116667.0,coinafrique,,2026,2,2026-Q2
Vente villa 5 pièces à Lomé,VENTE,Villa,lome,70000000.0,5.0,600.0,,116667.0,coinafrique,,2026,2,2026-Q2
Vente villa 7 pièces à Zanguéra afiadégnigban,VENTE,Villa,zanguera,69000000.0,7.0,600.0,,115000.0,coinafrique,,2026,2,2026-Q2
Vente villa 5 pièces à Adidogome,VENTE,Villa,adidogome,69000000.0,5.0,600.0,,115000.0,coinafrique,,2026,2,2026-Q2
Vente villa à Adidogome Wognome,VENTE,Villa,wonyome,67000000.0,,600.0,,111667.0,coinafrique,,2026,2,2026-Q2
Vente villas 4 pièces - Lomé,VENTE,Villa,lome,67000000.0,4.0,600.0,,111667.0,coinafrique,,2026,2,2026-Q2
Vente villa 3 chambres salon à Adidogome Wognome,VENTE,Villa,wonyome,67000000.0,3.0,600.0,,111667.0,coinafrique,,2026,2,2026-Q2
Vente villa 4 pièces - Adidogome cité lankouvi,VENTE,Villa,adidogome,66000000.0,4.0,600.0,,110000.0,coinafrique,,2026,2,2026-Q2
Vente villa 4 pièces - Segbe,VENTE,Villa,segbe,65000000.0,4.0,600.0,,108333.0,coinafrique,,2026,2,2026-Q2
Vente 2 villas duplex 6 pièces - Hedranawoé,VENTE,Villa,hedzranawoe,65000000.0,6.0,600.0,,108333.0,coinafrique,,2026,2,2026-Q2
Vente villas 3 pièces - Lomé,VENTE,Villa,lome,65000000.0,3.0,600.0,,108333.0,coinafrique,,2026,2,2026-Q2
Vente villa titre foncier personnel à Zanguéra klémè,VENTE,Villa,zanguera,65000000.0,,600.0,,108333.0,coinafrique,,2026,2,2026-Q2
Vente villa 6 pièces - Agoè,VENTE,Villa,agoe,65000000.0,6.0,600.0,,108333.0,coinafrique,,2026,2,2026-Q2
Vente maison R+2 - Agoe téléssou,VENTE,Villa,telessou,65000000.0,,600.0,,108333.0,coinafrique,,2026,2,2026-Q2
Vente villa à Segbe,VENTE,Villa,segbe,65000000.0,,600.0,,108333.0,coinafrique,,2026,2,2026-Q2
Vente villa de 5 pièces à zanguera afiadegnigban,VENTE,Villa,zanguera afiadegnigban,65000000.0,5.0,600.0,,108333.0,coinafrique,,2026,2,2026-Q2
Vente villa 5 pièces - Kpogan,VENTE,Villa,kpogan,65000000.0,5.0,600.0,,108333.0,coinafrique,,2026,2,2026-Q2
Vente villa à Baguida,VENTE,Villa,baguida,65000000.0,,600.0,,108333.0,coinafrique,,2026,2,2026-Q2
Vente villa 07 pièces Ségbé akato,VENTE,Villa,akato,65000000.0,7.0,600.0,,108333.0,coinafrique,,2026,2,2026-Q2
Vente villa à Dague,VENTE,Villa,dague,65000000.0,,600.0,,108333.0,coinafrique,,2026,2,2026-Q2
Vente villa 9 pièces à Segbe Akato),VENTE,Villa,akato,65000000.0,9.0,600.0,,108333.0,coinafrique,,2026,2,2026-Q2
Vente villa 3 chs à Segbe Akato,VENTE,Villa,segbe akato,65000000.0,4.0,600.0,,108333.0,coinafrique,,2026,2,2026-Q2
Vente villa 5pièces - Agoé atchanve,VENTE,Villa,atsanve,65000000.0,5.0,600.0,,108333.0,coinafrique,,2026,2,2026-Q2
Vente villa 4 pièces à Avedji Citro,VENTE,Villa,avedji citro,65000000.0,4.0,600.0,,108333.0,coinafrique,,2026,2,2026-Q2
Vente villa - Agngre,VENTE,Villa,agngre,65000000.0,,600.0,,108333.0,coinafrique,,2026,2,2026-Q2
Vente villa 4pièces - Agoe,VENTE,Villa,agoe,65000000.0,4.0,600.0,,108333.0,coinafrique,,2026,2,2026-Q2
Vente maison 10pièces à Bè Kpota,VENTE,Villa,be,65000000.0,10.0,600.0,,108333.0,coinafrique,,2026,2,2026-Q2
Vente maison 4pièces à Hedzranawoe,VENTE,Villa,hedzranawoe,65000000.0,4.0,600.0,,108333.0,coinafrique,,2026,2,2026-Q2
Vente villa 600m² 1 lot 3 chambres jardin à Adidogomé wognome,VENTE,Villa,adidogome,65000000.0,3.0,600.0,,108333.0,coinafrique,,2026,2,2026-Q2
Vente villa 3 chambres salons 558m² - Hedranawoé,VENTE,Villa,hedzranawoe,65000000.0,3.0,558.0,,116487.0,coinafrique,,2026,2,2026-Q2
Vente villa duplex 7 pièces - Sanguéra Afiadégnigban,VENTE,Villa,zanguera afiadegnigban,63000000.0,7.0,600.0,,105000.0,coinafrique,,2026,2,2026-Q2
Vente villa à Agoè Telessou,VENTE,Villa,agoe,60000000.0,,600.0,,100000.0,coinafrique,,2026,2,2026-Q2
Vente villa 4 pièces à Agoè légbassito,VENTE,Villa,agoe,60000000.0,4.0,600.0,,100000.0,coinafrique,,2026,2,2026-Q2
Vente villa 6 pièces - Agoè,VENTE,Villa,agoe,60000000.0,6.0,600.0,,100000.0,coinafrique,,2026,2,2026-Q2
Vente villa duplex 6 pièces à Zanguéra,VENTE,Villa,zanguera,60000000.0,6.0,600.0,,100000.0,coinafrique,,2026,2,2026-Q2
Vente villa mini villa meublée R+1 à Adidogomé Attigangomé,VENTE,Villa Meuble,adidogome,60000000.0,,300.0,,200000.0,coinafrique,,2026,2,2026-Q2
Vente mini villa à Kégué,VENTE,Villa,kegue,60000000.0,,600.0,,100000.0,coinafrique,,2026,2,2026-Q2
Vente villa à Avedji Wessome,VENTE,Villa,avedji wessome,60000000.0,,600.0,,100000.0,coinafrique,,2026,2,2026-Q2
Vente villa cité aéroport Hedzranawoe,VENTE,Villa,cito aeroport,60000000.0,,600.0,,100000.0,coinafrique,,2026,2,2026-Q2
Vente villa Legbassito Madjikpeto,VENTE,Villa,legbassito madjikpeto,60000000.0,,600.0,,100000.0,coinafrique,,2026,2,2026-Q2
Vente villa 3 chambres salon à Zanguera,VENTE,Villa,zanguera,60000000.0,3.0,600.0,,100000.0,coinafrique,,2026,2,2026-Q2
Vente villa 3 chambres à Avedji Wessome,VENTE,Villa,avedji wessome,60000000.0,3.0,600.0,,100000.0,coinafrique,,2026,2,2026-Q2
Vente villa à Zanguera kleme),VENTE,Villa,kleme,60000000.0,,600.0,,100000.0,coinafrique,,2026,2,2026-Q2
Vente villa Zanguera Kleme,VENTE,Villa,kleme,60000000.0,,600.0,,100000.0,coinafrique,,2026,2,2026-Q2
Vente villa à Zanguera Kleme),VENTE,Villa,kleme,60000000.0,,600.0,,100000.0,coinafrique,,2026,2,2026-Q2
Vente villa 2 chambres à Leo 2000,VENTE,Villa,leo 2000,60000000.0,2.0,600.0,,100000.0,coinafrique,,2026,2,2026-Q2
Vente villa 2 chambres Leo 2000,VENTE,Villa,leo 2000,60000000.0,2.0,600.0,,100000.0,coinafrique,,2026,2,2026-Q2
Vente villa 4pièces - Avedji,VENTE,Villa,avedji,60000000.0,4.0,600.0,,100000.0,coinafrique,,2026,2,2026-Q2
Vente villa 3 chambres à Agoè légbassito,VENTE,Villa,agoe,60000000.0,3.0,600.0,,100000.0,coinafrique,,2026,2,2026-Q2
Vente villa 5 pièces à akato,VENTE,Villa,akato,60000000.0,5.0,600.0,,100000.0,coinafrique,,2026,2,2026-Q2
Vente villa à la cité Aéroport,VENTE,Villa,cito aeroport,60000000.0,,600.0,,100000.0,coinafrique,,2026,2,2026-Q2
Vente maison à Agoè kossigan,VENTE,Villa,agoe,60000000.0,,600.0,,100000.0,coinafrique,,2026,2,2026-Q2
Vente villa 4 pièces - Hedzranawoe,VENTE,Villa,hedzranawoe,60000000.0,4.0,600.0,,100000.0,coinafrique,,2026,2,2026-Q2
Vente villa à la cité Aéroport Lomé,VENTE,Villa,cito aeroport,60000000.0,,600.0,,100000.0,coinafrique,,2026,2,2026-Q2
Vente villa 5 pièces - Sun City Avedji,VENTE,Villa,avedji sun city,60000000.0,5.0,600.0,,100000.0,coinafrique,,2026,2,2026-Q2
Vente villa 6 pièces à Hedzranawoe,VENTE,Villa,hedzranawoe,60000000.0,6.0,600.0,,100000.0,coinafrique,,2026,2,2026-Q2
Vente villa 5 pièces à Segbe Akato,VENTE,Villa,segbe akato,60000000.0,5.0,600.0,,100000.0,coinafrique,,2026,2,2026-Q2
Vente maison de location à Avedji,VENTE,Villa,avedji,57000000.0,,600.0,,95000.0,coinafrique,,2026,2,2026-Q2
Vente villa à Baguida Boad,VENTE,Villa,baguida boad,55000000.0,,600.0,,91667.0,coinafrique,,2026,2,2026-Q2
Vente villa à Agoè Legbassito : Danliko,VENTE,Villa,agoe,55000000.0,,600.0,,91667.0,coinafrique,,2026,2,2026-Q2
Vente villa à Avepozo Ibomonou,VENTE,Villa,avepozo ibomonou,55000000.0,,600.0,,91667.0,coinafrique,,2026,2,2026-Q2
Vente maison 4 chambres salon à Agoé Kitidjan,VENTE,Villa,kitidjan,55000000.0,4.0,600.0,,91667.0,coinafrique,,2026,2,2026-Q2
Vente villa 4 chabres à Agoè Sogbossito,VENTE,Villa,agoe,55000000.0,4.0,600.0,,91667.0,coinafrique,,2026,2,2026-Q2
Vente villa 2 chambres salon à Agoè Adougba,VENTE,Villa,agoe,55000000.0,2.0,600.0,,91667.0,coinafrique,,2026,2,2026-Q2
Vente villa 5 pièces - Hedranawoé,VENTE,Villa,hedzranawoe,55000000.0,5.0,600.0,,91667.0,coinafrique,,2026,2,2026-Q2
Vente villa 4 pièces à Agoè daliko,VENTE,Villa,agoe,55000000.0,4.0,600.0,,91667.0,coinafrique,,2026,2,2026-Q2
Vente villa 3 chambres à Agoè Daliko,VENTE,Villa,agoe,55000000.0,3.0,600.0,,91667.0,coinafrique,,2026,2,2026-Q2
Vente villa 4 pieces à Agoè daliko,VENTE,Villa,agoe,55000000.0,4.0,600.0,,91667.0,coinafrique,,2026,2,2026-Q2
Vente villa de 04 pièces - Hedranawoé,VENTE,Villa,hedzranawoe,55000000.0,4.0,600.0,,91667.0,coinafrique,,2026,2,2026-Q2
Vente villa 4 pièces à Agoè daligo,VENTE,Villa,agoe,55000000.0,4.0,600.0,,91667.0,coinafrique,,2026,2,2026-Q2
Vente maison 3 pièces - Avenou,VENTE,Villa,avenou,55000000.0,3.0,600.0,,91667.0,coinafrique,,2026,2,2026-Q2
Vente villa 2 chambres salon à Agoe Adougba,VENTE,Villa,adjougba,55000000.0,2.0,600.0,,91667.0,coinafrique,,2026,2,2026-Q2
Vente villa 3 pièces à zanguera kleme avant antenne moov,VENTE,Villa,kleme,55000000.0,3.0,600.0,,91667.0,coinafrique,,2026,2,2026-Q2
Vente villa 3 pièces - Adidogome,VENTE,Villa,adidogome,55000000.0,3.0,600.0,,91667.0,coinafrique,,2026,2,2026-Q2
Vente villa inachevée à Avepozo ibomonou,VENTE,Villa,avepozo ibomonou,55000000.0,,600.0,,91667.0,coinafrique,,2026,2,2026-Q2
Vente villa 8 pièces - Agoè Sogbossito,VENTE,Villa,agoe,55000000.0,8.0,600.0,,91667.0,coinafrique,,2026,2,2026-Q2
Vente villa à Agoe Adjougba,VENTE,Villa,adjougba,55000000.0,,600.0,,91667.0,coinafrique,,2026,2,2026-Q2
Vente villa 3 chambres salon à Agoe Daliko Legbassito,VENTE,Villa,daliko legbassito,55000000.0,3.0,600.0,,91667.0,coinafrique,,2026,2,2026-Q2
Vente maison 3 pièces à Adidogomé boukarou,VENTE,Villa,adidogome,55000000.0,3.0,600.0,,91667.0,coinafrique,,2026,2,2026-Q2
Vente villa - Lomé hedjranawoé,VENTE,Villa,hedzranawoe,55000000.0,,600.0,,91667.0,coinafrique,,2026,2,2026-Q2
Vente villa à Agoé Assigome,VENTE,Villa,assigome,55000000.0,,600.0,,91667.0,coinafrique,,2026,2,2026-Q2
Vente maison 2 chambres salon à Adidogomè Boukarou,VENTE,Villa,boukarou,55000000.0,2.0,600.0,,91667.0,coinafrique,,2026,2,2026-Q2
Vente maison à Adidogome Boukarou,VENTE,Villa,boukarou,55000000.0,,600.0,,91667.0,coinafrique,,2026,2,2026-Q2
Vente villa 03 pièces - Baguida BOAD,VENTE,Villa,baguida boad,55000000.0,3.0,600.0,,91667.0,coinafrique,,2026,2,2026-Q2
Vente villa 4 pièces - Avepozo Kpota,VENTE,Villa,avepozo kpota,55000000.0,4.0,600.0,,91667.0,coinafrique,,2026,2,2026-Q2
Vente villa 3 chambres salon à Amadahomé,VENTE,Villa,amadahome,55000000.0,3.0,600.0,,91667.0,coinafrique,,2026,2,2026-Q2
Vente villa de 03 pièces - Adétikopé,VENTE,Villa,adetikope,55000000.0,3.0,600.0,,91667.0,coinafrique,,2026,2,2026-Q2
Vente villa 4 pièces - Agoe assiyeye,VENTE,Villa,assiyeye,55000000.0,4.0,600.0,,91667.0,coinafrique,,2026,2,2026-Q2
Vente villa 4 pièces - segbe akato,VENTE,Villa,segbe akato,55000000.0,4.0,600.0,,91667.0,coinafrique,,2026,2,2026-Q2
Vente villa de 03 pièces Agoe assiyéyé,VENTE,Villa,assiyeye,55000000.0,3.0,600.0,,91667.0,coinafrique,,2026,2,2026-Q2
Vente villa 4 pièces - Avépozo,VENTE,Villa,avepozo,55000000.0,4.0,600.0,,91667.0,coinafrique,,2026,2,2026-Q2
Vente villa à Avepozo Kpota,VENTE,Villa,avepozo kpota,55000000.0,,600.0,,91667.0,coinafrique,,2026,2,2026-Q2
Vente villa Agoe Atchanve,VENTE,Villa,atsanve,55000000.0,,600.0,,91667.0,coinafrique,,2026,2,2026-Q2
Vente villa 1 lot lot et demi soit 8a 63ca à Kpogan Agodeke,VENTE,Villa,agodeka,55000000.0,,600.0,,91667.0,coinafrique,,2026,2,2026-Q2
Vente villa 3 pièces - Agoe legbassito,VENTE,Villa,legbassito,55000000.0,3.0,600.0,,91667.0,coinafrique,,2026,2,2026-Q2
Vente villa - Agoe legbassito,VENTE,Villa,legbassito,55000000.0,,600.0,,91667.0,coinafrique,,2026,2,2026-Q2
Vente maison à but locatif Adidogome wognome,VENTE,Villa,wognome,55000000.0,,600.0,,91667.0,coinafrique,,2026,2,2026-Q2
Vente villa 4 chambres salon à Hedzranawoe,VENTE,Villa,hedzranawoe,55000000.0,4.0,600.0,,91667.0,coinafrique,,2026,2,2026-Q2
Vente villa à Baguida afanou kope,VENTE,Villa,baguida afanou kope,55000000.0,,600.0,,91667.0,coinafrique,,2026,2,2026-Q2
Vente villa 2 chambres à Adidogome apedokoe,VENTE,Villa,apedokoe,55000000.0,2.0,600.0,,91667.0,coinafrique,,2026,2,2026-Q2
Vente villa à Adidogome apedokoe,VENTE,Villa,apedokoe,55000000.0,,600.0,,91667.0,coinafrique,,2026,2,2026-Q2
Vente ferme + villa à Assahoum,VENTE,Villa,assahoun,55000000.0,,600.0,,91667.0,coinafrique,,2026,2,2026-Q2
Vente villa nouvelle construction à agoe legbassito,VENTE,Villa,legbassito,55000000.0,,600.0,,91667.0,coinafrique,,2026,2,2026-Q2
Vente villa 2chs à Adidogome Wognome,VENTE,Villa,wonyome,55000000.0,,600.0,,91667.0,coinafrique,,2026,2,2026-Q2
Vente villa 2 chambres salon à Agoè Atchanve,VENTE,Villa,agoe,55000000.0,2.0,600.0,,91667.0,coinafrique,,2026,2,2026-Q2
Vente villa 3 pièces à Zanguera Antenne Moov,VENTE,Villa,zanguera,55000000.0,3.0,600.0,,91667.0,coinafrique,,2026,2,2026-Q2
Vente villa dallée 3 pièces à Agoè légbassito opéra,VENTE,Villa,agoe,55000000.0,3.0,600.0,,91667.0,coinafrique,,2026,2,2026-Q2
Vente villa 4 pièces - Agoè,VENTE,Villa,agoe,55000000.0,4.0,600.0,,91667.0,coinafrique,,2026,2,2026-Q2
Vente villa 4 chambres salon Hedzranawoe reveil d'or non loin du goudron,VENTE,Villa,hedzranawoe,55000000.0,4.0,600.0,,91667.0,coinafrique,,2026,2,2026-Q2
Vente villa 2 chambres chambres salon à Agoe atchanve vers koffipanou,VENTE,Villa,atsanve,55000000.0,2.0,600.0,,91667.0,coinafrique,,2026,2,2026-Q2
Vente villa à Adidoadin,VENTE,Villa,adidoadin,55000000.0,,600.0,,91667.0,coinafrique,,2026,2,2026-Q2
Vente villa sur 1/2 lot carré en angle rue à 100m du goudron à Tokoin hôpital,VENTE,Villa,tokoin,55000000.0,,300.0,,183333.0,coinafrique,,2026,2,2026-Q2
Vente villa 4 pièces à Tokoin hôpital,VENTE,Villa,tokoin,55000000.0,4.0,600.0,,91667.0,coinafrique,,2026,2,2026-Q2
Vente villa 4 pièces - Tokoin,VENTE,Villa,tokoin,55000000.0,4.0,600.0,,91667.0,coinafrique,,2026,2,2026-Q2
Vente villa inachevée - Avépozo ibomonou,VENTE,Villa,avepozo ibomonou,53000000.0,,600.0,,88333.0,coinafrique,,2026,2,2026-Q2
Vente villa 3 pièces - Adidogome segbe,VENTE,Villa,segbe,50000000.0,3.0,600.0,,83333.0,coinafrique,,2026,2,2026-Q2
Vente villa de 02 pièces - Ségbé,VENTE,Villa,segbe,50000000.0,2.0,600.0,,83333.0,coinafrique,,2026,2,2026-Q2
Vente villas 2 pièces - Lomé,VENTE,Villa,lome,50000000.0,2.0,600.0,,83333.0,coinafrique,,2026,2,2026-Q2
Vente villa 2 chambres salon à Adidogomé àSségbé ars,VENTE,Villa,adidogome,50000000.0,2.0,600.0,,83333.0,coinafrique,,2026,2,2026-Q2
Vente villa 4 pièces à Totsi,VENTE,Villa,totsi,50000000.0,4.0,600.0,,83333.0,coinafrique,,2026,2,2026-Q2
Vente villa 4 pièces à Avedji limousine,VENTE,Villa,avedji limousine,50000000.0,4.0,600.0,,83333.0,coinafrique,,2026,2,2026-Q2
Vente villa 4 pièces - Tokoin,VENTE,Villa,tokoin,50000000.0,4.0,600.0,,83333.0,coinafrique,,2026,2,2026-Q2
Vente villa - Attiegou,VENTE,Villa,attiegou,50000000.0,,600.0,,83333.0,coinafrique,,2026,2,2026-Q2
Vente maison à Attiegou savoir,VENTE,Villa,attiegou savoir,50000000.0,,600.0,,83333.0,coinafrique,,2026,2,2026-Q2
Vente villa 3 pièces à Segbe ars,VENTE,Villa,segbe ars,50000000.0,3.0,600.0,,83333.0,coinafrique,,2026,2,2026-Q2
Vente villa 4 pièces à Ségbé ars,VENTE,Villa,segbe ars,50000000.0,4.0,600.0,,83333.0,coinafrique,,2026,2,2026-Q2
Vente maison - Colombe de la paix,VENTE,Villa,colombe de la paix,50000000.0,,600.0,,83333.0,coinafrique,,2026,2,2026-Q2
Vente villa de 02 pièces - Agoè sogbossito,VENTE,Villa,agoe,50000000.0,2.0,600.0,,83333.0,coinafrique,,2026,2,2026-Q2
Vente villa à Agoe Assiyeye,VENTE,Villa,assiyeye,50000000.0,,600.0,,83333.0,coinafrique,,2026,2,2026-Q2
Vente villa duplex 4 pièces - Zanguéra,VENTE,Villa,zanguera,50000000.0,4.0,600.0,,83333.0,coinafrique,,2026,2,2026-Q2
Vente villa à Agoe Kossigan,VENTE,Villa,kossigan,50000000.0,,600.0,,83333.0,coinafrique,,2026,2,2026-Q2
Vente maison à but locatif Zanguera,VENTE,Villa,zanguera,50000000.0,,600.0,,83333.0,coinafrique,,2026,2,2026-Q2
Vente villa à Zanguera non loin de l'église ARS,VENTE,Villa,zanguera,50000000.0,,600.0,,83333.0,coinafrique,,2026,2,2026-Q2
Vente villa à Avepozo,VENTE,Villa,avepozo,50000000.0,,600.0,,83333.0,coinafrique,,2026,2,2026-Q2
Vente maison de location à Adidogome wognome,VENTE,Villa,wonyome,50000000.0,,600.0,,83333.0,coinafrique,,2026,2,2026-Q2
Vente villa 5 pièces à Baguida,VENTE,Villa,baguida,50000000.0,5.0,600.0,,83333.0,coinafrique,,2026,2,2026-Q2
Vente villa 5 pièces à Zanguera Klikame),VENTE,Villa,klikame,50000000.0,5.0,600.0,,83333.0,coinafrique,,2026,2,2026-Q2
Vente villa 4 chambres salon à Adidogomé wognome,VENTE,Villa,adidogome,50000000.0,4.0,600.0,,83333.0,coinafrique,,2026,2,2026-Q2
Vente villa 3 chambres TF à Zanguéra Klikamé,VENTE,Villa,zanguera,50000000.0,3.0,600.0,,83333.0,coinafrique,,2026,2,2026-Q2
Vente villa 4pièces - Amadohome,VENTE,Villa,amadahome,50000000.0,4.0,600.0,,83333.0,coinafrique,,2026,2,2026-Q2
Vente villa 3 chambres salon à Amadahomé,VENTE,Villa,amadahome,50000000.0,3.0,600.0,,83333.0,coinafrique,,2026,2,2026-Q2
Vente villa 4 chambres à Djagble,VENTE,Villa,djagble,50000000.0,4.0,600.0,,83333.0,coinafrique,,2026,2,2026-Q2
Vente villa 4 pièces - Zanguéra,VENTE,Villa,zanguera,50000000.0,4.0,600.0,,83333.0,coinafrique,,2026,2,2026-Q2
Vente villa 5pièces - Baguida,VENTE,Villa,baguida,50000000.0,5.0,600.0,,83333.0,coinafrique,,2026,2,2026-Q2
Vente villa - Kohé,VENTE,Villa,kohe,50000000.0,,600.0,,83333.0,coinafrique,,2026,2,2026-Q2
Vente maison locative - Zanguéra,VENTE,Villa,zanguera,50000000.0,,600.0,,83333.0,coinafrique,,2026,2,2026-Q2
Vente villa 3 chambres Zanguera non loin de l'église ars,VENTE,Villa,zanguera,50000000.0,3.0,600.0,,83333.0,coinafrique,,2026,2,2026-Q2
Vente villa 4pièces - Zanguera,VENTE,Villa,zanguera,50000000.0,4.0,600.0,,83333.0,coinafrique,,2026,2,2026-Q2
Vente villa 300m² bien située à Zanguera,VENTE,Villa,zanguera,50000000.0,,300.0,,166667.0,coinafrique,,2026,2,2026-Q2
Vente villa à Kohé,VENTE,Villa,kohe,50000000.0,,600.0,,83333.0,coinafrique,,2026,2,2026-Q2
Vente maison de location 4pièces - Kohe,VENTE,Villa,kohe,50000000.0,4.0,600.0,,83333.0,coinafrique,,2026,2,2026-Q2
Vente villa 1/4 3 chambres Zanguera,VENTE,Villa,zanguera,49000000.0,3.0,150.0,,326667.0,coinafrique,,2026,2,2026-Q2
Vente villa 4 pièces à Adidogomé molo moloune,VENTE,Villa,adidogome,48000000.0,4.0,600.0,,80000.0,coinafrique,,2026,2,2026-Q2
Vente villa inachevée à Agoè - Plateau,VENTE,Villa,agoe,48000000.0,,600.0,,80000.0,coinafrique,,2026,2,2026-Q2
Vente villa duplex à Zanguéra,VENTE,Villa,zanguera,48000000.0,,600.0,,80000.0,coinafrique,,2026,2,2026-Q2
Vente villa inachevée 4 pièces - Agoè,VENTE,Villa,agoe,48000000.0,4.0,600.0,,80000.0,coinafrique,,2026,2,2026-Q2
Vente villa inachevé 4 pièces - agoè,VENTE,Villa,agoe,48000000.0,4.0,600.0,,80000.0,coinafrique,,2026,2,2026-Q2
Vente villa - Demakpoè,VENTE,Villa,demakpoe,48000000.0,,600.0,,80000.0,coinafrique,,2026,2,2026-Q2
Vente maison à Totsi,VENTE,Villa,totsi,47000000.0,,600.0,,78333.0,coinafrique,,2026,2,2026-Q2
Vente maison duplex 8 pièces à totsi,VENTE,Villa,totsi,47000000.0,8.0,600.0,,78333.0,coinafrique,,2026,2,2026-Q2
Vente villa à Totsi,VENTE,Villa,totsi,47000000.0,,600.0,,78333.0,coinafrique,,2026,2,2026-Q2
Vente villa à Agoe nanegbe,VENTE,Villa,nanegbe,47000000.0,,600.0,,78333.0,coinafrique,,2026,2,2026-Q2
Vente villa à Aképédo,VENTE,Villa,akepe,47000000.0,,600.0,,78333.0,coinafrique,,2026,2,2026-Q2
Vente villa 3 pièces - Agoe kossigan,VENTE,Villa,kossigan,46000000.0,3.0,600.0,,76667.0,coinafrique,,2026,2,2026-Q2
Vente villa inachevée 5 pièces à Agoè plateau,VENTE,Villa,agoe,46000000.0,5.0,600.0,,76667.0,coinafrique,,2026,2,2026-Q2
Vente villa à Agoè Koshigan,VENTE,Villa,agoe,46000000.0,,600.0,,76667.0,coinafrique,,2026,2,2026-Q2
Vente villa duplex 2 pièces à Segbe rasta,VENTE,Villa,segbe rasta,46000000.0,2.0,600.0,,76667.0,coinafrique,,2026,2,2026-Q2
Vente villa 3pièces - Agoe kossigan,VENTE,Villa,kossigan,46000000.0,3.0,600.0,,76667.0,coinafrique,,2026,2,2026-Q2
Vente villa 3 chambres salon à Avepozo,VENTE,Villa,avepozo,45000000.0,3.0,600.0,,75000.0,coinafrique,,2026,2,2026-Q2
Vente villa 4 pièces - Avépozo,VENTE,Villa,avepozo,45000000.0,4.0,600.0,,75000.0,coinafrique,,2026,2,2026-Q2
Vente villa à Agoè Sogbossito,VENTE,Villa,agoe,45000000.0,,600.0,,75000.0,coinafrique,,2026,2,2026-Q2
Vente villa 5 pièces à Djagble,VENTE,Villa,djagble,45000000.0,5.0,600.0,,75000.0,coinafrique,,2026,2,2026-Q2
Vente villa 6 pièces à Baguida,VENTE,Villa,baguida,45000000.0,6.0,600.0,,75000.0,coinafrique,,2026,2,2026-Q2
Vente villa 3 chambres à Agoe Assiyeye,VENTE,Villa,assiyeye,45000000.0,3.0,600.0,,75000.0,coinafrique,,2026,2,2026-Q2
Vente villa 4 pièces - Toglé,VENTE,Villa,togble,45000000.0,4.0,600.0,,75000.0,coinafrique,,2026,2,2026-Q2
Vente villa 4 pièces - Ave Zone Maria,VENTE,Villa,ave maria,45000000.0,4.0,600.0,,75000.0,coinafrique,,2026,2,2026-Q2
Vente villa duplex - Baguida,VENTE,Villa,baguida,45000000.0,,600.0,,75000.0,coinafrique,,2026,2,2026-Q2
Vente villa à Hedzranawoe primaire Epp,VENTE,Villa,hedzranawoe primaire epp,45000000.0,,600.0,,75000.0,coinafrique,,2026,2,2026-Q2
Vente villa 7 pièces à Hedzranawoe,VENTE,Villa,hedzranawoe,45000000.0,7.0,600.0,,75000.0,coinafrique,,2026,2,2026-Q2
Vente villa 4 pièces - Baguida,VENTE,Villa,baguida,45000000.0,4.0,600.0,,75000.0,coinafrique,,2026,2,2026-Q2
Vente villa 4 pièces à baguida avepozo kpota non loin de l'école la craie,VENTE,Villa,baguida avepozo kpota,45000000.0,4.0,600.0,,75000.0,coinafrique,,2026,2,2026-Q2
Vente villa - Attiegou,VENTE,Villa,attiegou,45000000.0,,600.0,,75000.0,coinafrique,,2026,2,2026-Q2
Vente villa inachevée - Lométogo Agbalepedo,VENTE,Villa,agbalepedo,45000000.0,,600.0,,75000.0,coinafrique,,2026,2,2026-Q2
Vente villa 03 pièces - Amandahomé,VENTE,Villa,amadahome,45000000.0,3.0,600.0,,75000.0,coinafrique,,2026,2,2026-Q2
Vente maison 4 pièces - Attiegou,VENTE,Villa,attiegou,45000000.0,4.0,600.0,,75000.0,coinafrique,,2026,2,2026-Q2
Vente villa inachevée à Avepozo à 800m du goudron,VENTE,Villa,avepozo a,45000000.0,,600.0,,75000.0,coinafrique,,2026,2,2026-Q2
Vente villa 2 chambres salon à Leo 2000,VENTE,Villa,leo 2000,45000000.0,2.0,600.0,,75000.0,coinafrique,,2026,2,2026-Q2
Vente maison à but locatif à Avepozo,VENTE,Villa,avepozo,45000000.0,,600.0,,75000.0,coinafrique,,2026,2,2026-Q2
Vente maison avec titre foncier à Agoe cool catche,VENTE,Villa,cool catche,45000000.0,,600.0,,75000.0,coinafrique,,2026,2,2026-Q2
Vente villa 4 pièces a avepozo,VENTE,Villa,avepozo,45000000.0,4.0,600.0,,75000.0,coinafrique,,2026,2,2026-Q2
Vente villa 6 pièces à Hedzranawoe,VENTE,Villa,hedzranawoe,45000000.0,6.0,600.0,,75000.0,coinafrique,,2026,2,2026-Q2
Vente villa 6 pièces à Avedji limousine,VENTE,Villa,avedji limousine,45000000.0,6.0,600.0,,75000.0,coinafrique,,2026,2,2026-Q2
Vente villa ½ lot à Hedranawoe,VENTE,Villa,hedzranawoe,45000000.0,,600.0,,75000.0,coinafrique,,2026,2,2026-Q2
Vente villa 5 pièces - Avépozo,VENTE,Villa,avepozo,45000000.0,5.0,600.0,,75000.0,coinafrique,,2026,2,2026-Q2
Vente villa 4 pièces à Avédji Limousine,VENTE,Villa,avedji,45000000.0,4.0,600.0,,75000.0,coinafrique,,2026,2,2026-Q2
Vente villa 4pièces - Avedji limousine,VENTE,Villa,avedji limousine,45000000.0,4.0,600.0,,75000.0,coinafrique,,2026,2,2026-Q2
Vente villa 6pièces - Hedzranawoe,VENTE,Villa,hedzranawoe,45000000.0,6.0,600.0,,75000.0,coinafrique,,2026,2,2026-Q2
Vente villa 3 chambres salon à Avedji Limousine,VENTE,Villa,avedji limousine,45000000.0,3.0,600.0,,75000.0,coinafrique,,2026,2,2026-Q2
Vente villa 2 chambres salon à Adidogome yokoe,VENTE,Villa,yokoe,45000000.0,2.0,600.0,,75000.0,coinafrique,,2026,2,2026-Q2
Vente villa 4 pièces - Avedj,VENTE,Villa,avedji,45000000.0,4.0,600.0,,75000.0,coinafrique,,2026,2,2026-Q2
Vente villa 4 pièces - Baguida Avepozo Kpota,VENTE,Villa,baguida avepozo kpota,45000000.0,4.0,600.0,,75000.0,coinafrique,,2026,2,2026-Q2
Vente villa 3 chambres salon TF à Hédzranawoé,VENTE,Villa,hedzranawoe,45000000.0,3.0,600.0,,75000.0,coinafrique,,2026,2,2026-Q2
Vente villa 7 pièces à Agoe sogbossito,VENTE,Villa,sogbossito,45000000.0,7.0,600.0,,75000.0,coinafrique,,2026,2,2026-Q2
Vente villa duplex - Agoè Dikamé,VENTE,Villa,agoe,42500000.0,,600.0,,70833.0,coinafrique,,2026,2,2026-Q2
Vente villa à Kpogan,VENTE,Villa,kpogan,42000000.0,,600.0,,70000.0,coinafrique,,2026,2,2026-Q2
Vente maison inachevée à Totsin,VENTE,Villa,totsi,41000000.0,,600.0,,68333.0,coinafrique,,2026,2,2026-Q2
Vente maison à Totsi,VENTE,Villa,totsi,41000000.0,,600.0,,68333.0,coinafrique,,2026,2,2026-Q2
Vente maison inachevée - Agoe fiovi,VENTE,Villa,fiovi,40000000.0,,600.0,,66667.0,coinafrique,,2026,2,2026-Q2
Vente villa - Segbé,VENTE,Villa,segbe,40000000.0,,600.0,,66667.0,coinafrique,,2026,2,2026-Q2
Vente villa 6 pièces - Amadahomé,VENTE,Villa,amadahome,40000000.0,6.0,600.0,,66667.0,coinafrique,,2026,2,2026-Q2
Vente villa 4 pièces - Amandahomé,VENTE,Villa,amadahome,40000000.0,4.0,600.0,,66667.0,coinafrique,,2026,2,2026-Q2
Vente villa 6 pièces - Lomé,VENTE,Villa,lome,40000000.0,6.0,600.0,,66667.0,coinafrique,,2026,2,2026-Q2
Vente villa inachevée 5 pièces à Akato,VENTE,Villa,akato,40000000.0,5.0,600.0,,66667.0,coinafrique,,2026,2,2026-Q2
Vente maison de location à raser à Djidjolé,VENTE,Villa,djidjole,40000000.0,,600.0,,66667.0,coinafrique,,2026,2,2026-Q2
Vente demi lot une mini villa piscine de 2 chambres salon Togokomé côté plage,VENTE,Villa,togokome,40000000.0,2.0,600.0,,66667.0,coinafrique,,2026,2,2026-Q2
Vente maison inachevée - Segbé akato,VENTE,Villa,segbe akato,40000000.0,,600.0,,66667.0,coinafrique,,2026,2,2026-Q2
Vente villa à Agoe Legbassito,VENTE,Villa,legbassito,40000000.0,,600.0,,66667.0,coinafrique,,2026,2,2026-Q2
Vente villa de 03 pièces hedranawoé,VENTE,Villa,hedzranawoe,40000000.0,3.0,600.0,,66667.0,coinafrique,,2026,2,2026-Q2
Vente villa à Attiegou derrière assemblée de dieu,VENTE,Villa,attiegou,40000000.0,,600.0,,66667.0,coinafrique,,2026,2,2026-Q2
Vente villa à Kegue Kelegougan),VENTE,Villa,kegue,40000000.0,,600.0,,66667.0,coinafrique,,2026,2,2026-Q2
Vente vill 8 pièces - adetikope),VENTE,Villa,adetikope,40000000.0,8.0,600.0,,66667.0,coinafrique,,2026,2,2026-Q2
Vente villa 7 pièces à Apessito,VENTE,Villa,apessito,40000000.0,7.0,600.0,,66667.0,coinafrique,,2026,2,2026-Q2
Vente villa 4 pièces - avedji limousine,VENTE,Villa,avedji limousine,40000000.0,4.0,600.0,,66667.0,coinafrique,,2026,2,2026-Q2
Vente villa duplex 4 pièces - Atiégou,VENTE,Villa,attiegou,40000000.0,4.0,600.0,,66667.0,coinafrique,,2026,2,2026-Q2
Vente villa 5 pièces à Kegue Kelegougan,VENTE,Villa,kegue kelegougan,40000000.0,5.0,600.0,,66667.0,coinafrique,,2026,2,2026-Q2
Vente maison de location - Baguida,VENTE,Villa,baguida,40000000.0,,600.0,,66667.0,coinafrique,,2026,2,2026-Q2
Vente villa à Kégué Kelegougan,VENTE,Villa,kegue,40000000.0,,600.0,,66667.0,coinafrique,,2026,2,2026-Q2
Vente villa 3 pièces à agbodrafo,VENTE,Villa,agbodrafo,40000000.0,3.0,600.0,,66667.0,coinafrique,,2026,2,2026-Q2
Vente villa 3 pièces à agbodrafo hôtel safari,VENTE,Villa,agbodrafo hotel safari,40000000.0,3.0,600.0,,66667.0,coinafrique,,2026,2,2026-Q2
Vente maison - Hedjranawoé,VENTE,Villa,hedzranawoe,40000000.0,,600.0,,66667.0,coinafrique,,2026,2,2026-Q2
Vente maison 2 chambres 1 salon - Léo 2000,VENTE,Villa,leo 2000,40000000.0,3.0,600.0,,66667.0,coinafrique,,2026,2,2026-Q2
Vente villa 3 chambres un salon Atiégou,VENTE,Villa,attiegou,40000000.0,3.0,600.0,,66667.0,coinafrique,,2026,2,2026-Q2
Vente villa 3 pièces avec piscine - Togokomé,VENTE,Villa,togokome,40000000.0,3.0,600.0,,66667.0,coinafrique,,2026,2,2026-Q2
Vente maison de location Adidogomé Assiyéyé,VENTE,Villa,adidogome,40000000.0,,600.0,,66667.0,coinafrique,,2026,2,2026-Q2
Vente maison à Tsikplonou condji lomé togo,VENTE,Villa,tsikplonou condji,40000000.0,,600.0,,66667.0,coinafrique,,2026,2,2026-Q2
Vente villa 3 chambres salon Agoe Assiyeye,VENTE,Villa,assiyeye,38000000.0,3.0,600.0,,63333.0,coinafrique,,2026,2,2026-Q2
Vente villa 7 pièces - Agoè assiyéyé,VENTE,Villa,agoe,38000000.0,7.0,600.0,,63333.0,coinafrique,,2026,2,2026-Q2
Vente villa 3 chambres salon à Agoe Assiyeye non loin du goudron,VENTE,Villa,assiyeye,38000000.0,3.0,600.0,,63333.0,coinafrique,,2026,2,2026-Q2
Vente villa - Agoe Assiyeye,VENTE,Villa,assiyeye,38000000.0,,600.0,,63333.0,coinafrique,,2026,2,2026-Q2
Vente maison 4 pièces - Kpessi,VENTE,Villa,kpessi,38000000.0,4.0,600.0,,63333.0,coinafrique,,2026,2,2026-Q2
Vente villa 4 pièces - CAgoe Assiyeye,VENTE,Villa,cacaveli,38000000.0,4.0,600.0,,63333.0,coinafrique,,2026,2,2026-Q2
Vente villa à Agoe Dikame,VENTE,Villa,djikame,38000000.0,,600.0,,63333.0,coinafrique,,2026,2,2026-Q2
Vente villa - segbe,VENTE,Villa,segbe,38000000.0,,600.0,,63333.0,coinafrique,,2026,2,2026-Q2
Vente maison locative - Kegue,VENTE,Villa,kegue,38000000.0,,600.0,,63333.0,coinafrique,,2026,2,2026-Q2
Vente villa 03 pièces à kpessi,VENTE,Villa,kpessi,38000000.0,3.0,600.0,,63333.0,coinafrique,,2026,2,2026-Q2
Vente villa 3 pièces - Zanguéra,VENTE,Villa,zanguera,37000000.0,3.0,600.0,,61667.0,coinafrique,,2026,2,2026-Q2
Vente villa Zanguera,VENTE,Villa,zanguera,37000000.0,,600.0,,61667.0,coinafrique,,2026,2,2026-Q2
Vente villa 4 pièces - Avedji limousine,VENTE,Villa,avedji limousine,37000000.0,4.0,600.0,,61667.0,coinafrique,,2026,2,2026-Q2
Vente villa à Kegue zogbedzi),VENTE,Villa,kegue,37000000.0,,600.0,,61667.0,coinafrique,,2026,2,2026-Q2
Vente villa inachevé 3 pièces - Kégué,VENTE,Villa,kegue,37000000.0,3.0,600.0,,61667.0,coinafrique,,2026,2,2026-Q2
Vente villa à Agoè camp gp,VENTE,Villa,agoe,35000000.0,,600.0,,58333.0,coinafrique,,2026,2,2026-Q2
Vente villa inachevée à 300 m du goudron Kpogan,VENTE,Villa,kpogan,35000000.0,,600.0,,58333.0,coinafrique,,2026,2,2026-Q2
Vente villa 4 pièces - Adétikopé,VENTE,Villa,adetikope,35000000.0,4.0,600.0,,58333.0,coinafrique,,2026,2,2026-Q2
Vente maison sans dalle 2 chambres salon à Tokoin - Lycée au cœur du centre - ville de Lomé,VENTE,Villa,tokoin,35000000.0,2.0,600.0,,58333.0,coinafrique,,2026,2,2026-Q2
Vente maison à Zanguera - maco,VENTE,Villa,maco,35000000.0,,600.0,,58333.0,coinafrique,,2026,2,2026-Q2
Vente villa à à Zanguéra,VENTE,Villa,zanguera,35000000.0,,600.0,,58333.0,coinafrique,,2026,2,2026-Q2
Vente villas 5 pièces - Lomé,VENTE,Villa,lome,35000000.0,5.0,600.0,,58333.0,coinafrique,,2026,2,2026-Q2
Vente maison à Zanguera école Madone,VENTE,Villa,zanguera,35000000.0,,600.0,,58333.0,coinafrique,,2026,2,2026-Q2
Vente maison de location à Attiégou,VENTE,Villa,attiegou,35000000.0,,600.0,,58333.0,coinafrique,,2026,2,2026-Q2
Vente villa à Adidogome segbe,VENTE,Villa,segbe,35000000.0,,600.0,,58333.0,coinafrique,,2026,2,2026-Q2
Vente villa meublée 3 pièces - Zanguéra,VENTE,Villa Meuble,zanguera,35000000.0,3.0,600.0,,58333.0,coinafrique,,2026,2,2026-Q2
Vente maison à Adidogomé,VENTE,Villa,adidogome,35000000.0,,600.0,,58333.0,coinafrique,,2026,2,2026-Q2
Vente villa 2 chambres salon à Agoé,VENTE,Villa,agoe,35000000.0,2.0,600.0,,58333.0,coinafrique,,2026,2,2026-Q2
Vente villa de 9 pieces à Zanguéra la madone,VENTE,Villa,zanguera,35000000.0,9.0,600.0,,58333.0,coinafrique,,2026,2,2026-Q2
Vente Villa de 5 pièces à Agoè Camp GP,VENTE,Villa,agoe,35000000.0,5.0,600.0,,58333.0,coinafrique,,2026,2,2026-Q2
Vente villa 4 pièces - Agoè Camp GP,VENTE,Villa,agoe,35000000.0,4.0,600.0,,58333.0,coinafrique,,2026,2,2026-Q2
Vente villa 633m² à Agoe Minamadou,VENTE,Villa,minamadou,35000000.0,,633.0,,55292.0,coinafrique,,2026,2,2026-Q2
Vente villa à Segbe,VENTE,Villa,segbe,35000000.0,,600.0,,58333.0,coinafrique,,2026,2,2026-Q2
Vente maison de location Attiegou Yesoukomé,VENTE,Villa,yesoukome,35000000.0,,600.0,,58333.0,coinafrique,,2026,2,2026-Q2
Vente villa 2 chambres salon à Agoè Assiyéyé,VENTE,Villa,agoe,35000000.0,2.0,600.0,,58333.0,coinafrique,,2026,2,2026-Q2
Vente villa 3 chambres salons à Attiègou sokpanou,VENTE,Villa,attiegou sokpanou,35000000.0,3.0,600.0,,58333.0,coinafrique,,2026,2,2026-Q2
Vente villa 01 pièce à Ségbé,VENTE,Villa,segbe,35000000.0,1.0,300.0,,116667.0,coinafrique,,2026,2,2026-Q2
Vente mini villa à environ 700m de la pharmacie Segbe,VENTE,Villa,segbe,35000000.0,,600.0,,58333.0,coinafrique,,2026,2,2026-Q2
Vente villa duplex 6 pièces - Agoè,VENTE,Villa,agoe,35000000.0,6.0,600.0,,58333.0,coinafrique,,2026,2,2026-Q2
Vente maison - Kpalime - zomayi,VENTE,Villa,zomayi,35000000.0,,600.0,,58333.0,coinafrique,,2026,2,2026-Q2
Vente villa 4 pièces - Agoe dikame,VENTE,Villa,djikame,35000000.0,4.0,600.0,,58333.0,coinafrique,,2026,2,2026-Q2
Vente villa 4 pièces - Zanguéra,VENTE,Villa,zanguera,35000000.0,4.0,600.0,,58333.0,coinafrique,,2026,2,2026-Q2
Vente villa 5 pièces - Lomé,VENTE,Villa,lome,35000000.0,5.0,600.0,,58333.0,coinafrique,,2026,2,2026-Q2
Vente maison 4 pièces à Avepozo,VENTE,Villa,avepozo,35000000.0,4.0,600.0,,58333.0,coinafrique,,2026,2,2026-Q2
Vente villa à Zanguera,VENTE,Villa,zanguera,35000000.0,,600.0,,58333.0,coinafrique,,2026,2,2026-Q2
Vente villa meublée 2 chambres salon à Zanguera,VENTE,Villa Meuble,zanguera,35000000.0,2.0,600.0,,58333.0,coinafrique,,2026,2,2026-Q2
Vente villa meublée à Zanguera,VENTE,Villa Meuble,zanguera,35000000.0,,600.0,,58333.0,coinafrique,,2026,2,2026-Q2
Vente villa à Àgbodan,VENTE,Villa,agbodan,35000000.0,,600.0,,58333.0,coinafrique,,2026,2,2026-Q2
Vente villa à Kpogan,VENTE,Villa,kpogan,35000000.0,,600.0,,58333.0,coinafrique,,2026,2,2026-Q2
Vente villa 4 pièces à Kpogan,VENTE,Villa,kpogan,35000000.0,4.0,600.0,,58333.0,coinafrique,,2026,2,2026-Q2
Vente villa 4 pièces - Agoè,VENTE,Villa,agoe,35000000.0,4.0,600.0,,58333.0,coinafrique,,2026,2,2026-Q2
Vente mini villa - Segbe,VENTE,Villa,segbe,35000000.0,,600.0,,58333.0,coinafrique,,2026,2,2026-Q2
Vente maison à Agoê Demakpoe,VENTE,Villa,demakpoe,35000000.0,,600.0,,58333.0,coinafrique,,2026,2,2026-Q2
Vente mini villa - Segbé,VENTE,Villa,segbe,35000000.0,,600.0,,58333.0,coinafrique,,2026,2,2026-Q2
Vente villa R+2 de 03 appartements à Agoè Legbassito Madjikpeto,VENTE,Villa,agoe,35000000.0,,1800.0,,19444.0,coinafrique,,2026,2,2026-Q2
Vente villa 3 pièces à Adidogome,VENTE,Villa,adidogome,35000000.0,3.0,600.0,,58333.0,coinafrique,,2026,2,2026-Q2
Vente villa 4 pièces à Agoé Dikamé,VENTE,Villa,djikame,35000000.0,4.0,600.0,,58333.0,coinafrique,,2026,2,2026-Q2
Vente villa au bord du goudron de Agoè Assiyeye,VENTE,Villa,agoe,35000000.0,,600.0,,58333.0,coinafrique,,2026,2,2026-Q2
Bè te villa 3 pièces a Agoé assiyeye,VENTE,Villa,be,35000000.0,3.0,600.0,,58333.0,coinafrique,,2026,2,2026-Q2
Vente villa meublée 2 pièces à Zanguera Maco,VENTE,Villa Meuble,zanguera maco,35000000.0,2.0,600.0,,58333.0,coinafrique,,2026,2,2026-Q2
Vente villa à Zanguéra,VENTE,Villa,zanguera,35000000.0,,600.0,,58333.0,coinafrique,,2026,2,2026-Q2
Vente villa 3 pièces - Agoe,VENTE,Villa,agoe,34000000.0,3.0,600.0,,56667.0,coinafrique,,2026,2,2026-Q2
Vente villa duplex 9 pièces - Kégué,VENTE,Villa,kegue,34000000.0,9.0,600.0,,56667.0,coinafrique,,2026,2,2026-Q2
Vente villa 3 pièces - Agoè athiémé,VENTE,Villa,agoe,33000000.0,3.0,600.0,,55000.0,coinafrique,,2026,2,2026-Q2
Vente villa meublée 3 pièces - Kpalimé,VENTE,Villa Meuble,kpalime,33000000.0,3.0,600.0,,55000.0,coinafrique,,2026,2,2026-Q2
Vente villa 2 chambres salon - Agoè athiémé,VENTE,Villa,agoe,32000000.0,2.0,600.0,,53333.0,coinafrique,,2026,2,2026-Q2
"Vente villa 3 pièces à Agoè athiémé, église catholique",VENTE,Villa,agoe,32000000.0,3.0,600.0,,53333.0,coinafrique,,2026,2,2026-Q2
Vente villa 2 chambres salon à Sogbossito,VENTE,Villa,sogbossito,32000000.0,2.0,600.0,,53333.0,coinafrique,,2026,2,2026-Q2
Vente villa 4 pièces inachevée - Ségbé Klémé,VENTE,Villa,segbe kleme,32000000.0,4.0,600.0,,53333.0,coinafrique,,2026,2,2026-Q2
Vente villas - Agoé,VENTE,Villa,agoe,32000000.0,,600.0,,53333.0,coinafrique,,2026,2,2026-Q2
Vente villa de 03 pièces - Ségbé,VENTE,Villa,segbe,32000000.0,3.0,600.0,,53333.0,coinafrique,,2026,2,2026-Q2
Vente villa inachevée de 4 pièces - Segbé,VENTE,Villa,segbe,32000000.0,4.0,600.0,,53333.0,coinafrique,,2026,2,2026-Q2
Vente villa à Apessito,VENTE,Villa,apessito,32000000.0,,600.0,,53333.0,coinafrique,,2026,2,2026-Q2
Vente villa 4 pièces inachevés - Ségbé,VENTE,Villa,segbe,32000000.0,4.0,600.0,,53333.0,coinafrique,,2026,2,2026-Q2
Vente villa 3 pièces - Baguida,VENTE,Villa,baguida,32000000.0,3.0,600.0,,53333.0,coinafrique,,2026,2,2026-Q2
Vente villa 3 pièces à Baguida,VENTE,Villa,baguida,32000000.0,3.0,600.0,,53333.0,coinafrique,,2026,2,2026-Q2
Vente villa 3pièces - Baguida,VENTE,Villa,baguida,32000000.0,3.0,600.0,,53333.0,coinafrique,,2026,2,2026-Q2
Vente maison 3 pièces - Agoè,VENTE,Villa,agoe,30000000.0,3.0,600.0,,50000.0,coinafrique,,2026,2,2026-Q2
Vente villa à Agoè Legbassito Attiome cité,VENTE,Villa,agoe,30000000.0,,600.0,,50000.0,coinafrique,,2026,2,2026-Q2
Vente villa 2 pièces à Zanguéra école Madone,VENTE,Villa,zanguera,30000000.0,2.0,600.0,,50000.0,coinafrique,,2026,2,2026-Q2
Vente villa TF 2 chambres salon à Baguida,VENTE,Villa,baguida,30000000.0,2.0,600.0,,50000.0,coinafrique,,2026,2,2026-Q2
Vente villa2 chambres salon à Zanguera,VENTE,Villa,zanguera,30000000.0,2.0,600.0,,50000.0,coinafrique,,2026,2,2026-Q2
Vente villa 5 pièces - Lomé,VENTE,Villa,lome,30000000.0,5.0,600.0,,50000.0,coinafrique,,2026,2,2026-Q2
Vente maison à Agoè koshigan,VENTE,Villa,agoe,30000000.0,,600.0,,50000.0,coinafrique,,2026,2,2026-Q2
Vente villa 5 pièces - Ségbé,VENTE,Villa,segbe,30000000.0,5.0,600.0,,50000.0,coinafrique,,2026,2,2026-Q2
Vente villa à Lpogan,VENTE,Villa,kpogan,30000000.0,,600.0,,50000.0,coinafrique,,2026,2,2026-Q2
Vente villa 4 pièces - Djagblé,VENTE,Villa,djagble,30000000.0,4.0,600.0,,50000.0,coinafrique,,2026,2,2026-Q2
Vente villa Djagble Gbamakope,VENTE,Villa,djagble gbamakope,30000000.0,,600.0,,50000.0,coinafrique,,2026,2,2026-Q2
Vente villa à Kpogan Zogbedzi,VENTE,Villa,kpogan zogbedzi,30000000.0,,600.0,,50000.0,coinafrique,,2026,2,2026-Q2
Vente villa dallé 5 pièces - Djagble,VENTE,Villa,djagble,30000000.0,5.0,600.0,,50000.0,coinafrique,,2026,2,2026-Q2
Vente villa 3 pièces - Kpogan Zogbedji,VENTE,Villa,kpogan zogbedji,30000000.0,3.0,600.0,,50000.0,coinafrique,,2026,2,2026-Q2
Vente villa duplex 5 pièces - Zanguéra,VENTE,Villa,zanguera,30000000.0,5.0,600.0,,50000.0,coinafrique,,2026,2,2026-Q2
Vente villa à Amadahome,VENTE,Villa,amadahome,30000000.0,,600.0,,50000.0,coinafrique,,2026,2,2026-Q2
Vente villa à Kpeme Lomé - aneho,VENTE,Villa,aneho,30000000.0,,600.0,,50000.0,coinafrique,,2026,2,2026-Q2
Vente villa inachevée à agoe adjougba,VENTE,Villa,adjougba,30000000.0,,600.0,,50000.0,coinafrique,,2026,2,2026-Q2
Vente villa 3 pièces à Kpogan zogbédji,VENTE,Villa,kpogan zogbedji,30000000.0,3.0,600.0,,50000.0,coinafrique,,2026,2,2026-Q2
Vente villa à Agoè sogbossito,VENTE,Villa,agoe,30000000.0,,600.0,,50000.0,coinafrique,,2026,2,2026-Q2
Vente villa - Demakpoe,VENTE,Villa,demakpoe,30000000.0,,600.0,,50000.0,coinafrique,,2026,2,2026-Q2
Vente villa r+1 à Agoe Sogbossito,VENTE,Villa,sogbossito,30000000.0,,600.0,,50000.0,coinafrique,,2026,2,2026-Q2
Vente villa ½ lot avec 5 chambres Hedzranawoè non loin du pharmacie raoudah,VENTE,Villa,hedzranawoe,30000000.0,5.0,600.0,,50000.0,coinafrique,,2026,2,2026-Q2
Vente villa 3 chambres salon à Djagble,VENTE,Villa,djagble,30000000.0,3.0,600.0,,50000.0,coinafrique,,2026,2,2026-Q2
Vente villas 3 pièces - Lomé,VENTE,Villa,lome,30000000.0,3.0,600.0,,50000.0,coinafrique,,2026,2,2026-Q2
Vente villa de chambre salon - Zangera,VENTE,Villa,zanguera,30000000.0,,600.0,,50000.0,coinafrique,,2026,2,2026-Q2
Vente villa - Adidogome,VENTE,Villa,adidogome,30000000.0,,600.0,,50000.0,coinafrique,,2026,2,2026-Q2
Vente villa - Zanguera,VENTE,Villa,zanguera,30000000.0,,600.0,,50000.0,coinafrique,,2026,2,2026-Q2
Vente villa chambre salon à Zanguera,VENTE,Villa,zanguera,30000000.0,,600.0,,50000.0,coinafrique,,2026,2,2026-Q2
Vente villa à Lomé,VENTE,Villa,lome,30000000.0,,600.0,,50000.0,coinafrique,,2026,2,2026-Q2
Vente villa de 5 pieces à Agoè Anokoui,VENTE,Villa,agoe,28000000.0,5.0,600.0,,46667.0,coinafrique,,2026,2,2026-Q2
Vente villa 5 pièces - Agoe anokui,VENTE,Villa,anokui,28000000.0,5.0,600.0,,46667.0,coinafrique,,2026,2,2026-Q2
Vente villa 4 chambres salon à à Agoe Anokui,VENTE,Villa,anokui,28000000.0,4.0,600.0,,46667.0,coinafrique,,2026,2,2026-Q2
Vente maison inachevée - Adéticopé*,VENTE,Villa,adetikope,28000000.0,,600.0,,46667.0,coinafrique,,2026,2,2026-Q2
Vente villa 2 chambres salon Agoé entreprise de l'Union,VENTE,Villa,entreprise de l union,28000000.0,2.0,600.0,,46667.0,coinafrique,,2026,2,2026-Q2
Vente villa à Apessito,VENTE,Villa,apessito,28000000.0,,600.0,,46667.0,coinafrique,,2026,2,2026-Q2
Vente villa 3 pièces - apéssito,VENTE,Villa,apessito,28000000.0,3.0,600.0,,46667.0,coinafrique,,2026,2,2026-Q2
Vente villa 3 chambres salon à Agoè Zongo non loin du marché Zongo,VENTE,Villa,agoe,27000000.0,3.0,600.0,,45000.0,coinafrique,,2026,2,2026-Q2
Vente villa 4 pièces - Baguida,VENTE,Villa,baguida,27000000.0,4.0,600.0,,45000.0,coinafrique,,2026,2,2026-Q2
Vente villa 3 chambres salon Baguida dernière cité BOADTF,VENTE,Villa,baguida,27000000.0,3.0,600.0,,45000.0,coinafrique,,2026,2,2026-Q2
Vente villa 3 pièces à Apessito Moekopé,VENTE,Villa,apessito moekope,27000000.0,3.0,600.0,,45000.0,coinafrique,,2026,2,2026-Q2
Vente villa inachevée à Baguida derrière cité Boad,VENTE,Villa,baguida,27000000.0,,600.0,,45000.0,coinafrique,,2026,2,2026-Q2
Vente villa - Agoe entreprise de l'union,VENTE,Villa,entreprise de l union,27000000.0,,600.0,,45000.0,coinafrique,,2026,2,2026-Q2
Vente maison 300m² soit 1/2 lot à Agoè Entreprise de l'Union,VENTE,Villa,agoe,27000000.0,,300.0,,90000.0,coinafrique,,2026,2,2026-Q2
Vente villa 5 pièces à segbe école primaire,VENTE,Villa,segbe,27000000.0,5.0,600.0,,45000.0,coinafrique,,2026,2,2026-Q2
Vente villa 5 pièces - Apessito Mission Tove,VENTE,Villa,apessito mission tove,27000000.0,5.0,600.0,,45000.0,coinafrique,,2026,2,2026-Q2
Vente villa - Attiomé,VENTE,Villa,attiome,26000000.0,,600.0,,43333.0,coinafrique,,2026,2,2026-Q2
Vente maison à but locatif Avedji CEG,VENTE,Villa,avedji,26000000.0,,600.0,,43333.0,coinafrique,,2026,2,2026-Q2
Villa villa 2 chambres salon à Apessito,VENTE,Villa,apessito,25000000.0,2.0,600.0,,41667.0,coinafrique,,2026,2,2026-Q2
Vente maison 6 pièces - Avedji,VENTE,Villa,avedji,25000000.0,6.0,600.0,,41667.0,coinafrique,,2026,2,2026-Q2
Vente villa de location à Apéssito,VENTE,Villa,apessito,25000000.0,,600.0,,41667.0,coinafrique,,2026,2,2026-Q2
Vente villa 2 chambres salon à Apessito,VENTE,Villa,apessito,25000000.0,2.0,600.0,,41667.0,coinafrique,,2026,2,2026-Q2
Vente maison 6 pièces - Avédji lomé,VENTE,Villa,avedji,25000000.0,6.0,600.0,,41667.0,coinafrique,,2026,2,2026-Q2
Vente villa 3 pièces - Sogbossito,VENTE,Villa,sogbossito,25000000.0,3.0,600.0,,41667.0,coinafrique,,2026,2,2026-Q2
Vente Villa 7 pièces à Agoè Apéssito,VENTE,Villa,agoe,25000000.0,7.0,600.0,,41667.0,coinafrique,,2026,2,2026-Q2
Terrain 300m² - Kégué 14 villa,VENTE,Villa,kegue,25000000.0,,300.0,,83333.0,coinafrique,,2026,2,2026-Q2
Vente villa inachevée 4 pièces - Avedji,VENTE,Villa,avedji,25000000.0,4.0,600.0,,41667.0,coinafrique,,2026,2,2026-Q2
Vente villa 3 chambres - Adidogome Apedokoe,VENTE,Villa,apedokoe,25000000.0,3.0,600.0,,41667.0,coinafrique,,2026,2,2026-Q2
Vente villa inachevée à Avedji derrière le camp,VENTE,Villa,avedji,25000000.0,,600.0,,41667.0,coinafrique,,2026,2,2026-Q2
Vente villa inachevée à Avedji,VENTE,Villa,avedji,25000000.0,,600.0,,41667.0,coinafrique,,2026,2,2026-Q2
Vente maison 4 pièces - Lomé togo adéticopé welle city,VENTE,Villa,adetikope welle city,25000000.0,4.0,600.0,,41667.0,coinafrique,,2026,2,2026-Q2
Vente villa - Kohé,VENTE,Villa,kohe,25000000.0,,600.0,,41667.0,coinafrique,,2026,2,2026-Q2
Vente villa Zanguera sanyrame,VENTE,Villa,zanguera sanyrame,25000000.0,,600.0,,41667.0,coinafrique,,2026,2,2026-Q2
Vente villa 4 pièces - mission tove,VENTE,Villa,mission tove,25000000.0,4.0,600.0,,41667.0,coinafrique,,2026,2,2026-Q2
Vente villa dallée sur demi lot de 3 chambres salon à Zanguera Sanyramé,VENTE,Villa,zanguera sanyrame,25000000.0,3.0,600.0,,41667.0,coinafrique,,2026,2,2026-Q2
Vente villa inachevée à Yokoe,VENTE,Villa,yokoe,25000000.0,,600.0,,41667.0,coinafrique,,2026,2,2026-Q2
Vente villa 4 pièces dallée bâtie sur à Zanguéra sanyramé,VENTE,Villa,zanguera,25000000.0,4.0,600.0,,41667.0,coinafrique,,2026,2,2026-Q2
Vente villa à Agoé bernard - kopé,VENTE,Villa,bernard kope,25000000.0,,600.0,,41667.0,coinafrique,,2026,2,2026-Q2
Vente villa triplex à Agoé Berna - kopé,VENTE,Villa,bernard kope,25000000.0,,600.0,,41667.0,coinafrique,,2026,2,2026-Q2
Vente maison 3 pièces - Entreprise de l’union,VENTE,Villa,entreprise de l union,25000000.0,3.0,600.0,,41667.0,coinafrique,,2026,2,2026-Q2
Vente villa 4 pièces - Zanguéra,VENTE,Villa,zanguera,25000000.0,4.0,600.0,,41667.0,coinafrique,,2026,2,2026-Q2
Vente mini villa - Agoé Bernard - Kopé,VENTE,Villa,bernard kope,25000000.0,,600.0,,41667.0,coinafrique,,2026,2,2026-Q2
Vente maison 1/4lots à Adidogome Zanguera,VENTE,Villa,zanguera,25000000.0,,150.0,,166667.0,coinafrique,,2026,2,2026-Q2
Vente villa 4 pièces - Lomé,VENTE,Villa,lome,24000000.0,4.0,600.0,,40000.0,coinafrique,,2026,2,2026-Q2
Vente villa inachevée - Agoè Legbassito Athiémé,VENTE,Villa,agoe,24000000.0,,600.0,,40000.0,coinafrique,,2026,2,2026-Q2
Vente villa inachevée - Legvassito,VENTE,Villa,legvassito,24000000.0,,600.0,,40000.0,coinafrique,,2026,2,2026-Q2
Vente villa - Adidogomé carrefour aised,VENTE,Villa,adidogome,24000000.0,,600.0,,40000.0,coinafrique,,2026,2,2026-Q2
Vente villa 3 pièces à Apessito,VENTE,Villa,apessito,24000000.0,3.0,600.0,,40000.0,coinafrique,,2026,2,2026-Q2
Vente villa 4 chambres salon à Agoè Adikamé,VENTE,Villa,agoe,24000000.0,4.0,600.0,,40000.0,coinafrique,,2026,2,2026-Q2
Vente villa à Adidogomé Amadahomé,VENTE,Villa,adidogome,24000000.0,,600.0,,40000.0,coinafrique,,2026,2,2026-Q2
Vente villa de 02 pièces - Agoe apessito,VENTE,Villa,apessito,24000000.0,2.0,600.0,,40000.0,coinafrique,,2026,2,2026-Q2
Vente villa duplex 6 pièces - Agoe berna - kopé,VENTE,Villa,bernard kope,24000000.0,6.0,600.0,,40000.0,coinafrique,,2026,2,2026-Q2
Vente villa de location à Apéssito,VENTE,Villa,apessito,23000000.0,,600.0,,38333.0,coinafrique,,2026,2,2026-Q2
Vente villa 4 pièces à Djagble aveta,VENTE,Villa,djagble aveta,23000000.0,4.0,600.0,,38333.0,coinafrique,,2026,2,2026-Q2
Vente maison 4 pièces a Aveta,VENTE,Villa,aveta,23000000.0,4.0,600.0,,38333.0,coinafrique,,2026,2,2026-Q2
Vente maison 3 pièces - Agoè,VENTE,Villa,agoe,23000000.0,3.0,600.0,,38333.0,coinafrique,,2026,2,2026-Q2
Vente maison 4 pièces - Agoè,VENTE,Villa,agoe,22000000.0,4.0,600.0,,36667.0,coinafrique,,2026,2,2026-Q2
Vente maison 2 pièces Agoê Sogbossito Oando,VENTE,Villa,sogbossito,22000000.0,2.0,600.0,,36667.0,coinafrique,,2026,2,2026-Q2
Vente villa 3 pièces - Apéssito,VENTE,Villa,apessito,20000000.0,3.0,600.0,,33333.0,coinafrique,,2026,2,2026-Q2
Vente villa - Adidogome,VENTE,Villa,adidogome,20000000.0,,600.0,,33333.0,coinafrique,,2026,2,2026-Q2
Vente villa - Kovie Atide,VENTE,Villa,kovie atide,20000000.0,,600.0,,33333.0,coinafrique,,2026,2,2026-Q2
Vente villa 5 pièces - Atakpame Agbonou,VENTE,Villa,atakpame agbonou,20000000.0,5.0,600.0,,33333.0,coinafrique,,2026,2,2026-Q2
Vente villa à Adidogome IPG,VENTE,Villa,adidogome,20000000.0,,600.0,,33333.0,coinafrique,,2026,2,2026-Q2
Vente maison 4 pièces à Agoé sogbossito,VENTE,Villa,sogbossito,20000000.0,4.0,600.0,,33333.0,coinafrique,,2026,2,2026-Q2
Vente villa 3 pièces à Zanguera Addidronkpo,VENTE,Villa,zanguera addidronkpo,20000000.0,3.0,600.0,,33333.0,coinafrique,,2026,2,2026-Q2
Vente maison 7 pièces - Agoè,VENTE,Villa,agoe,20000000.0,7.0,600.0,,33333.0,coinafrique,,2026,2,2026-Q2
Vente villa 4 pièces - Legbassito,VENTE,Villa,legbassito,20000000.0,4.0,600.0,,33333.0,coinafrique,,2026,2,2026-Q2
Vente villa 3 chambres salon à Hédzranawoé,VENTE,Villa,hedzranawoe,20000000.0,3.0,600.0,,33333.0,coinafrique,,2026,2,2026-Q2
Vente villa 3 pièces - Zanguera Klikamé,VENTE,Villa,zanguera klikame,20000000.0,3.0,600.0,,33333.0,coinafrique,,2026,2,2026-Q2
Vente villa - Akato Catholique,VENTE,Villa,akato catholique,19500000.0,,600.0,,32500.0,coinafrique,,2026,2,2026-Q2
Vente villa 4 pièces - Avéta,VENTE,Villa,aveta,19000000.0,4.0,600.0,,31667.0,coinafrique,,2026,2,2026-Q2
Vente villa - Zanguera,VENTE,Villa,zanguera,18500000.0,,600.0,,30833.0,coinafrique,,2026,2,2026-Q2
Vente villa 1/4 de lot 2 chambre salon à Kégué Koffi panou,VENTE,Villa,kegue,18000000.0,2.0,150.0,,120000.0,coinafrique,,2026,2,2026-Q2
Vente maison 4 pièces - Djagblé,VENTE,Villa,djagble,18000000.0,4.0,600.0,,30000.0,coinafrique,,2026,2,2026-Q2
Vente maison inachevée - Segbe,VENTE,Villa,segbe,18000000.0,,600.0,,30000.0,coinafrique,,2026,2,2026-Q2
Vente villa 2 pièces - Lomé,VENTE,Villa,lome,18000000.0,2.0,600.0,,30000.0,coinafrique,,2026,2,2026-Q2
Vente maison duplex 8 pièces à mission tove,VENTE,Villa,mission tove,18000000.0,8.0,600.0,,30000.0,coinafrique,,2026,2,2026-Q2
Vente maison inachevée TF 3 boutiques Djagble aveta Lowe,VENTE,Villa,lome,18000000.0,,600.0,,30000.0,coinafrique,,2026,2,2026-Q2
Vente villa dallée 4 pièces à Legbassito kognito,VENTE,Villa,legbassito kognito,17000000.0,4.0,600.0,,28333.0,coinafrique,,2026,2,2026-Q2
Vente villa 3 pièces - Agoè Minamadou,VENTE,Villa,agoe,17000000.0,3.0,600.0,,28333.0,coinafrique,,2026,2,2026-Q2
Vente villa - Agoe Zossime,VENTE,Villa,zossime,17000000.0,,600.0,,28333.0,coinafrique,,2026,2,2026-Q2
Vente villa ) Zanguera Klikame,VENTE,Villa,klikame,17000000.0,,600.0,,28333.0,coinafrique,,2026,2,2026-Q2
Vente villa à Zanguera Klikame,VENTE,Villa,zanguera klikame,17000000.0,,600.0,,28333.0,coinafrique,,2026,2,2026-Q2
Vente vill a à Zanguera klikame,VENTE,Villa,zanguera klikame,17000000.0,,600.0,,28333.0,coinafrique,,2026,2,2026-Q2
Vente maison - Gbomamè,VENTE,Villa,gbomame,17000000.0,,600.0,,28333.0,coinafrique,,2026,2,2026-Q2
Vente villa 3pièces - Zanguera,VENTE,Villa,zanguera,17000000.0,3.0,600.0,,28333.0,coinafrique,,2026,2,2026-Q2
Vente villa 4 pièces - Agoè,VENTE,Villa,agoe,16000000.0,4.0,600.0,,26667.0,coinafrique,,2026,2,2026-Q2
Vente villa à Adidogomé Gbomamé,VENTE,Villa,adidogome,16000000.0,,600.0,,26667.0,coinafrique,,2026,2,2026-Q2
Vente maison 3 pièces à Adidogome Gbomame,VENTE,Villa,gbomame,16000000.0,3.0,600.0,,26667.0,coinafrique,,2026,2,2026-Q2
Vente villa 5 pièces - Lomé,VENTE,Villa,lome,16000000.0,5.0,600.0,,26667.0,coinafrique,,2026,2,2026-Q2
Vente maison 3 chambres salon à Adetikope Logoe,VENTE,Villa,adetikope logoe,16000000.0,3.0,600.0,,26667.0,coinafrique,,2026,2,2026-Q2
Vente villa 4 pièces - Tsévié,VENTE,Villa,tsevie,16000000.0,4.0,600.0,,26667.0,coinafrique,,2026,2,2026-Q2
Vente villa 1/2 lot bien clôturé bâti de chambre salon à Legbassito Bokpoko,VENTE,Villa,legbassito bokpoko,16000000.0,,300.0,,53333.0,coinafrique,,2026,2,2026-Q2
Vente villa à Zanguera,VENTE,Villa,zanguera,15000000.0,,600.0,,25000.0,coinafrique,,2026,2,2026-Q2
Vente villa à Akato Viepe,VENTE,Villa,akato viepe,15000000.0,,600.0,,25000.0,coinafrique,,2026,2,2026-Q2
Vente villa 2 chambres salon à Zanguera klikamé,VENTE,Villa,zanguera klikame,15000000.0,2.0,600.0,,25000.0,coinafrique,,2026,2,2026-Q2
Vente maison à Zanguera atidjin,VENTE,Villa,attidjin,15000000.0,,600.0,,25000.0,coinafrique,,2026,2,2026-Q2
Vente villa ¼ soit 154m² à Zanguéra Agblelikor,VENTE,Villa,zanguera,15000000.0,,154.0,,97403.0,coinafrique,,2026,2,2026-Q2
Vente villa 2 pièces - Zanguera agblelikor,VENTE,Villa,zanguera agblelikor,15000000.0,2.0,600.0,,25000.0,coinafrique,,2026,2,2026-Q2
Vente villa 3 chambres à Agoè Belgique 2 Dakpon kopé,VENTE,Villa,agoe,15000000.0,3.0,600.0,,25000.0,coinafrique,,2026,2,2026-Q2
Vente villa - Avepozo,VENTE,Villa,avepozo,15000000.0,,600.0,,25000.0,coinafrique,,2026,2,2026-Q2
Vente villa 4 pièces à Zanguera,VENTE,Villa,zanguera,15000000.0,4.0,600.0,,25000.0,coinafrique,,2026,2,2026-Q2
Vente villa 3 pièces à Agoé Logopé,VENTE,Villa,logope,15000000.0,3.0,600.0,,25000.0,coinafrique,,2026,2,2026-Q2
Vente villa 4 pièces - Agoè,VENTE,Villa,agoe,15000000.0,4.0,600.0,,25000.0,coinafrique,,2026,2,2026-Q2
Vente villa à Sanguera,VENTE,Villa,zanguera,15000000.0,,600.0,,25000.0,coinafrique,,2026,2,2026-Q2
Vente maison 3 pièces - Amandahomé,VENTE,Villa,amadahome,15000000.0,3.0,600.0,,25000.0,coinafrique,,2026,2,2026-Q2
Vente villa 5 pièces - Lomé Zanguera,VENTE,Villa,zanguera,15000000.0,5.0,600.0,,25000.0,coinafrique,,2026,2,2026-Q2
Vente villa - Apessito,VENTE,Villa,apessito,15000000.0,,600.0,,25000.0,coinafrique,,2026,2,2026-Q2
Vente villa demi (1/2) lot 10/30 m avec 2 pièces terrasse à Adidogomé Amadahomé,VENTE,Villa,adidogome,14000000.0,2.0,300.0,,46667.0,coinafrique,,2026,2,2026-Q2
Vente villa 1/2 lot à Zanguéra,VENTE,Villa,zanguera,13500000.0,,300.0,,45000.0,coinafrique,,2026,2,2026-Q2
Vente restaurant avec les meubles à Novissi,VENTE,Villa,novissi,13000000.0,,600.0,,21667.0,coinafrique,,2026,2,2026-Q2
Vente restaurant avec les meubles Novissi,VENTE,Villa,amadahome,13000000.0,,600.0,,21667.0,coinafrique,,2026,2,2026-Q2
Vente restaurant libanais meublée et les ustensiles a Novissi,VENTE,Villa Meuble,novissi,13000000.0,,600.0,,21667.0,coinafrique,,2026,2,2026-Q2
Vente hôtel inachevé construite sur 1 / 4 de lot à Logoté pas loin du goudron,VENTE,Villa,logote,13000000.0,,300.0,,43333.0,coinafrique,,2026,2,2026-Q2
Vente maison - Togo,VENTE,Villa,togo 2000,13000000.0,,600.0,,21667.0,coinafrique,,2026,2,2026-Q2
Vente villa 4 pièces - Logoté,VENTE,Villa,logote,13000000.0,4.0,600.0,,21667.0,coinafrique,,2026,2,2026-Q2
Vente villa - Agoè Logopé,VENTE,Villa,agoe,13000000.0,,600.0,,21667.0,coinafrique,,2026,2,2026-Q2
Vente maison à 200 M de goudron à Legbassito Dangbessito,VENTE,Villa,legbassito dangbessito,12000000.0,,600.0,,20000.0,coinafrique,,2026,2,2026-Q2
Vente maison inachevée de 02 pièces à Agoe Zossimé,VENTE,Villa,zossime,12000000.0,2.0,600.0,,20000.0,coinafrique,,2026,2,2026-Q2
Vente villa inachevée - Apessito,VENTE,Villa,apessito,12000000.0,,600.0,,20000.0,coinafrique,,2026,2,2026-Q2
Vente villa 1/2 lot 278m² à Legbassito,VENTE,Villa,legbassito,12000000.0,,300.0,,40000.0,coinafrique,,2026,2,2026-Q2
Vente villa - Legbassito,VENTE,Villa,legbassito,12000000.0,,600.0,,20000.0,coinafrique,,2026,2,2026-Q2
Vente maison - Adidogome carrefour adji,VENTE,Villa,adidogome,12000000.0,,600.0,,20000.0,coinafrique,,2026,2,2026-Q2
Vente maison à Legbassito,VENTE,Villa,legbassito,12000000.0,,600.0,,20000.0,coinafrique,,2026,2,2026-Q2
Vente villa 4 pièces à Djagble,VENTE,Villa,djagble,12000000.0,4.0,600.0,,20000.0,coinafrique,,2026,2,2026-Q2
Vente villa 4 pièces - Agoe Legbassito Atiomé,VENTE,Villa,legbassito atiome,12000000.0,4.0,600.0,,20000.0,coinafrique,,2026,2,2026-Q2
Vente villa 3 pièces - Djagblé,VENTE,Villa,djagble,12000000.0,3.0,600.0,,20000.0,coinafrique,,2026,2,2026-Q2
Vente villa 3pièces - Agoe,VENTE,Villa,agoe,12000000.0,3.0,600.0,,20000.0,coinafrique,,2026,2,2026-Q2
Vente villa 2 chambres salon à Davié,VENTE,Villa,davie,11500000.0,2.0,600.0,,19167.0,coinafrique,,2026,2,2026-Q2
Vente villa à Davié,VENTE,Villa,davie,11500000.0,,600.0,,19167.0,coinafrique,,2026,2,2026-Q2
Vente maison 3 pièces - Davie,VENTE,Villa,davie,11500000.0,3.0,600.0,,19167.0,coinafrique,,2026,2,2026-Q2
Vente maison 4 pièces - Agoè logope plaisir 2000,VENTE,Villa,agoe,11000000.0,4.0,600.0,,18333.0,coinafrique,,2026,2,2026-Q2
vente villas 2 pièces - lomé,VENTE,Villa,lome,11000000.0,2.0,600.0,,18333.0,coinafrique,,2026,2,2026-Q2
Vente maison - Avinato,VENTE,Villa,avinato,11000000.0,,600.0,,18333.0,coinafrique,,2026,2,2026-Q2
Vente villa inachevé - Daviè kpodjie,VENTE,Villa,davie kpodjie,11000000.0,,600.0,,18333.0,coinafrique,,2026,2,2026-Q2
Vente villa 7 pièces - Lomé,VENTE,Villa,lome,10000000.0,7.0,600.0,,16667.0,coinafrique,,2026,2,2026-Q2
Vente maison de location 5 pièces Djagble abolave,VENTE,Villa,djagble,10000000.0,5.0,600.0,,16667.0,coinafrique,,2026,2,2026-Q2
Vente maison 3 pièces à legbassito Dangbessito,VENTE,Villa,legbassito dangbessito,9500000.0,3.0,600.0,,15833.0,coinafrique,,2026,2,2026-Q2
Vente maison inachevée sur 1/4 à Kleme,VENTE,Villa,kleme,9500000.0,,150.0,,63333.0,coinafrique,,2026,2,2026-Q2
Vente villas 2 pièces - Lomé,VENTE,Villa,lome,9000000.0,2.0,600.0,,15000.0,coinafrique,,2026,2,2026-Q2
Vente villa à Sanguera Klikamé ceg.,VENTE,Villa,klikame,9000000.0,,600.0,,15000.0,coinafrique,,2026,2,2026-Q2
Vente villa 7 pièces - Baguida,VENTE,Villa,baguida,8500000.0,7.0,600.0,,14167.0,coinafrique,,2026,2,2026-Q2
Vente maison - Lomé Agoe legbassito dangbessito,VENTE,Villa,legbassito,8000000.0,,600.0,,13333.0,coinafrique,,2026,2,2026-Q2
Vente villa 4 chambres Aveta,VENTE,Villa,aveta,8000000.0,4.0,600.0,,13333.0,coinafrique,,2026,2,2026-Q2
Vente villa 2 pièces Appessito quartier la paix,VENTE,Villa,apessito,8000000.0,2.0,600.0,,13333.0,coinafrique,,2026,2,2026-Q2
Vente maison inachevée - Agovoudou,VENTE,Villa,agovoudou,6000000.0,,600.0,,10000.0,coinafrique,,2026,2,2026-Q2
Vente villa 10lots collés à Kpome derrière École sichem,VENTE,Villa,kpome,6000000.0,,6000.0,,1000.0,coinafrique,,2026,2,2026-Q2
Vente villa 3 pièces à Tove adidome,VENTE,Villa,tove adidome,5500000.0,3.0,600.0,,9167.0,coinafrique,,2026,2,2026-Q2
Terrain 1 lot à l'entrée de la villa de Kpalimé,VENTE,Villa,kpalime,5000000.0,,600.0,,8333.0,coinafrique,,2026,2,2026-Q2
Terrain agricole 11H - Kpalimé village,VENTE,Villa,kpalime village,3500000.0,,6600.0,,530.0,coinafrique,,2026,2,2026-Q2
Vente villa à cité Oua,VENTE,Villa,cite oua,3500000.0,,600.0,,5833.0,coinafrique,,2026,2,2026-Q2
Vente villa 4 pièces - cité caisse,VENTE,Villa,cite oua,2000000.0,4.0,600.0,,3333.0,coinafrique,,2026,2,2026-Q2
Location ou vente villa duplex à piscine à Baguida,VENTE,Villa,piscine a baguida,1800000.0,,600.0,,3000.0,coinafrique,,2026,2,2026-Q2
Vente villa avec piscine 4 pièces à Hedzranawoe Tinga,VENTE,Villa,hedzranawoe tinga,900000.0,4.0,600.0,,1500.0,coinafrique,,2026,2,2026-Q2
Vente villa duplex R+2 Tokoin Nukafu,VENTE,Villa,tokoin,600000.0,,600.0,,1000.0,coinafrique,,2026,2,2026-Q2
Vente villa 5 pièces - Togo,VENTE,Villa,togo 2000,400000.0,5.0,600.0,,667.0,coinafrique,,2026,2,2026-Q2
Vente villa 3 pièces à Atiomé carrefour Kponse,VENTE,Villa,atiome,150000.0,3.0,600.0,,250.0,coinafrique,,2026,2,2026-Q2
,LOCATION,Boutique,baguida,70000.0,1.0,50.0,,,immoask_scraped,,2026,2,2026-Q2
,LOCATION,Villa,agoe,250000.0,3.0,104.0,,,immoask_scraped,,2026,2,2026-Q2
,LOCATION,Appartement,adetikope,100000.0,0.0,10.0,,,immoask_scraped,,2026,2,2026-Q2
,LOCATION,Maison,afagnan,80000.0,0.0,10.0,,,immoask_scraped,,2026,2,2026-Q2
,LOCATION,Villa,adetikope,90000.0,0.0,10.0,,,immoask_scraped,,2026,2,2026-Q2
,LOCATION,Chambre Salon,baguida,300000.0,0.0,14.0,,,immoask_scraped,,2026,2,2026-Q2
,LOCATION,Appartement,agbalépédo,450000.0,1.0,30.0,,,immoask_scraped,,2026,2,2026-Q2
,LOCATION,Appartement,djidjolé,500000.0,1.0,25.0,,,immoask_scraped,,2026,2,2026-Q2
,VENTE,Terrain,agoe,32000000.0,0.0,600.0,,,immoask_scraped,,2026,2,2026-Q2
,LOCATION,Appartement,ablogame,250000.0,3.0,40.0,,,immoask_scraped,,2026,2,2026-Q2
,LOCATION,Appartement,bè,300000.0,0.0,10.0,,,immoask_scraped,,2026,2,2026-Q2
,VENTE,Maison,avepozo,35000000.0,4.0,600.0,,,immoask_scraped,,2026,2,2026-Q2
,LOCATION,Appartement,adidogome,500000.0,2.0,80.0,,,immoask_scraped,,2026,2,2026-Q2
,BAILLER,Terrain,ablogame,400000.0,0.0,600.0,,,immoask_scraped,,2026,2,2026-Q2
,LOCATION,Appartement,totsi,200000.0,3.0,60.0,,,immoask_scraped,,2026,2,2026-Q2
,LOCATION,Appartement,adidogome,80000.0,3.0,70.0,,,immoask_scraped,,2026,2,2026-Q2
,LOCATION,Appartement,djidjolé,90000.0,2.0,40.0,,,immoask_scraped,,2026,2,2026-Q2
,LOCATION,Villa,djidjolé,200000.0,3.0,80.0,,,immoask_scraped,,2026,2,2026-Q2
,VENTE,Villa,agoe,45000000.0,3.0,900.0,,,immoask_scraped,,2026,2,2026-Q2
,LOCATION,Villa,agoe,90000.0,3.0,900.0,,,immoask_scraped,,2026,2,2026-Q2
,LOCATION,Appartement,adidogome,1150000.0,2.0,78.0,,,immoask_scraped,,2026,2,2026-Q2
,LOCATION,Appartement,adidogome,673000.0,1.0,20.0,,,immoask_scraped,,2026,2,2026-Q2
,LOCATION,Appartement,agoe,100000.0,3.0,80.0,,,immoask_scraped,,2026,2,2026-Q2
,LOCATION,Appartement,adidogome,1070000.0,2.0,70.0,,,immoask_scraped,,2026,2,2026-Q2
,LOCATION,Appartement,adidogome,980000.0,2.0,77.0,,,immoask_scraped,,2026,2,2026-Q2
,LOCATION,Appartement,adewui,430000.0,1.0,60.0,,,immoask_scraped,,2026,2,2026-Q2
,LOCATION,Appartement,adidogome,450000.0,2.0,71.0,,,immoask_scraped,,2026,2,2026-Q2
,LOCATION,Appartement,adewui,320000.0,1.0,25.0,,,immoask_scraped,,2026,2,2026-Q2
,LOCATION,Villa,totsi,200000.0,3.0,80.0,,,immoask_scraped,,2026,2,2026-Q2
,LOCATION,Appartement,adidogome,1150000.0,2.0,70.0,,,immoask_scraped,,2026,2,2026-Q2
,LOCATION,Appartement,hédzranawoe,350000.0,1.0,26.0,,,immoask_scraped,,2026,2,2026-Q2
,LOCATION,Appartement,hédzranawoe,250000.0,1.0,20.0,,,immoask_scraped,,2026,2,2026-Q2
,LOCATION,Villa,agbalépédo,380000.0,4.0,150.0,,,immoask_scraped,,2026,2,2026-Q2
,LOCATION,Appartement,agoe,70000.0,2.0,60.0,,,immoask_scraped,,2026,2,2026-Q2
,LOCATION,Chambre,adidogome,30000.0,1.0,15.0,,,immoask_scraped,,2026,2,2026-Q2
,LOCATION,Appartement,adidogome,1092000.0,2.0,70.0,,,immoask_scraped,,2026,2,2026-Q2
,LOCATION,Appartement,djidjolé,220000.0,3.0,80.0,,,immoask_scraped,,2026,2,2026-Q2
,VENTE,Terrain,segbe,8500000.0,0.0,450.0,,,immoask_scraped,,2026,2,2026-Q2
"villa,louer,lome,sagboville",LOCATION,Villa,sagboville,200000.0,3.0,10.0,,,immoask_scraped,,2026,2,2026-Q2
"villa meublée,louer,lome,agoe ",LOCATION,Villa,agoe,800000.0,4.0,600.0,,,immoask_scraped,,2026,2,2026-Q2
"villa meublée,louer,lome,agoe",LOCATION,Villa,agoe,800000.0,4.0,600.0,,,immoask_scraped,,2026,2,2026-Q2
"villa,louer,lome,adidogome ",LOCATION,Villa,adidogome,250000.0,3.0,150.0,,,immoask_scraped,,2026,2,2026-Q2
"terrain,vendre,lome,djagble",VENTE,Terrain,djagble,15000000.0,0.0,600.0,,,immoask_scraped,,2026,2,2026-Q2
"bureau,louer,lome,bernard cope",LOCATION,Bureau,agoe,150000.0,0.0,60.0,,,immoask_scraped,,2026,2,2026-Q2
"boutique,louer,lome,agbalepedo",LOCATION,Boutique,agbalépédo,60000.0,1.0,20.0,,,immoask_scraped,,2026,2,2026-Q2
"villa,louer,lome,zossime",LOCATION,Villa,agoe,150000.0,4.0,100.0,,,immoask_scraped,,2026,2,2026-Q2
"terrain,vendre,lome,akepedo",VENTE,Terrain,akepedo,320000000.0,0.0,15000.0,,,immoask_scraped,,2026,2,2026-Q2
"appartement meublé,louer,lome,kegue ",LOCATION,Appartement,kegue,500000.0,2.0,90.0,,,immoask_scraped,,2026,2,2026-Q2
"appartement meublé,louer,lome,agoe ",LOCATION,Appartement,agoe,400000.0,2.0,300.0,,,immoask_scraped,,2026,2,2026-Q2
"appartement meublé,louer,lome,kegue ",LOCATION,Appartement,kegue,400000.0,2.0,90.0,,,immoask_scraped,,2026,2,2026-Q2
"terrain,vendre,lome,legbassito",VENTE,Terrain,agoe,30000000.0,0.0,600.0,,,immoask_scraped,,2026,2,2026-Q2
"terrain,vendre,lome,segbe ",VENTE,Terrain,segbe,17000000.0,0.0,900.0,,,immoask_scraped,,2026,2,2026-Q2
"terrain,vendre,lome,segbe ",VENTE,Terrain,segbe,20000000.0,0.0,600.0,,,immoask_scraped,,2026,2,2026-Q2
"terrain,vendre,lome,adidogome ",VENTE,Terrain,adidogome,30000000.0,0.0,600.0,,,immoask_scraped,,2026,2,2026-Q2
"villa meublée,louer,lome,baguida",LOCATION,Villa,baguida,850000.0,3.0,600.0,,,immoask_scraped,,2026,2,2026-Q2
"chambre salon,louer,lome,zanguera ",LOCATION,Chambre Salon,zanguera,45000.0,1.0,40.0,,,immoask_scraped,,2026,2,2026-Q2
"2 chambres salon,louer,lome,legbasito",LOCATION,Maison,agoe,70000.0,2.0,10.0,,,immoask_scraped,,2026,2,2026-Q2
"2 chambres salon,louer,lome,adidogome assiyeye",LOCATION,Maison,adidogome,120000.0,0.0,100.0,,,immoask_scraped,,2026,2,2026-Q2
"studio meublé,louer,lome,kegue ",LOCATION,Appartement,kegue,300000.0,1.0,20.0,,,immoask_scraped,,2026,2,2026-Q2
"3 chambres salon,louer,lome,lankouvi",LOCATION,Maison,adidogome,80000.0,0.0,80.0,,,immoask_scraped,,2026,2,2026-Q2
"appartement meublé,louer,lome,agbalepedo ",LOCATION,Appartement,agbalépédo,600000.0,2.0,100.0,,,immoask_scraped,,2026,2,2026-Q2
"villa,louer,lome,3k",LOCATION,Villa,baguida,350000.0,0.0,300.0,,,immoask_scraped,,2026,2,2026-Q2
"chambre salon,louer,lome,nukafu",LOCATION,Chambre Salon,nukafu,45000.0,1.0,25.0,,,immoask_scraped,,2026,2,2026-Q2
"terrain,vendre,lome,agbelouve",VENTE,Terrain,agbelouve,2800000.0,0.0,10000.0,,,immoask_scraped,,2026,2,2026-Q2
"terrain,vendre,lome,kegue",VENTE,Terrain,kegue,55000000.0,0.0,750.0,,,immoask_scraped,,2026,2,2026-Q2
"villa meublée,vendre,lome,zanguera",VENTE,Villa,zanguera,550000000.0,3.0,600.0,,,immoask_scraped,,2026,2,2026-Q2
"2 chambres salon,louer,1,nukafu",LOCATION,Maison,nukafu,100000.0,0.0,60.0,,,immoask_scraped,,2026,2,2026-Q2
"3 chambres salon,louer,lome,kegue",LOCATION,Maison,kegue,250000.0,0.0,120.0,,,immoask_scraped,,2026,2,2026-Q2
"villa,vendre,lome,forever",VENTE,Villa,tokoin,250000000.0,5.0,10.0,,,immoask_scraped,,2026,2,2026-Q2
"chambre,louer,lome,zanguera",LOCATION,Chambre,zanguera,30000.0,1.0,16.0,,,immoask_scraped,,2026,2,2026-Q2
"2 chambres salon,louer,lome,tokoin ",LOCATION,Maison,tokoin,35000.0,0.0,80.0,,,immoask_scraped,,2026,2,2026-Q2
"chambre salon,louer,lome,adidogome atilamonou",LOCATION,Chambre Salon,adidogome,45000.0,0.0,25.0,,,immoask_scraped,,2026,2,2026-Q2
"2 chambres salon,louer,lome,adidogome kohe",LOCATION,Maison,adidogome,70000.0,0.0,50.0,,,immoask_scraped,,2026,2,2026-Q2
"3 chambres salon,louer,lome,kegue",LOCATION,Maison,kegue,150000.0,0.0,80.0,,,immoask_scraped,,2026,2,2026-Q2
"chambre salon,louer,lome,kegue",LOCATION,Chambre Salon,kegue,60000.0,0.0,20.0,,,immoask_scraped,,2026,2,2026-Q2
"villa meublée,louer,lome,avenou",LOCATION,Villa,avenou,2000000.0,0.0,120.0,,,immoask_scraped,,2026,2,2026-Q2
"studio meublé,louer,lome,agoe",LOCATION,Studio,agoe,150000.0,1.0,80.0,,,immoask_scraped,,2026,2,2026-Q2
"maison,vendre,lome,agoe ",VENTE,Maison,agoe,35000000.0,3.0,10.0,,,immoask_scraped,,2026,2,2026-Q2
"appartement meublé,louer,lome,tokoin",LOCATION,Appartement,tokoin,450000.0,2.0,80.0,,,immoask_scraped,,2026,2,2026-Q2
"appartement meublé,louer,lome,agbalepedo",LOCATION,Appartement,agbalépédo,400000.0,0.0,25.0,,,immoask_scraped,,2026,2,2026-Q2
"villa meublée,louer,lome,hedzranawoe ",LOCATION,Villa,hédzranawoe,500000.0,0.0,300.0,,,immoask_scraped,,2026,2,2026-Q2
"appartement meublé,louer,lome,adidoadin ",LOCATION,Appartement,adidoadin,500000.0,0.0,250.0,,,immoask_scraped,,2026,2,2026-Q2
"appartement meublé,louer,1,adidoadin ",LOCATION,Appartement,adidoadin,500000.0,0.0,250.0,,,immoask_scraped,,2026,2,2026-Q2
"appartement meublé,louer,lome,agoe ",LOCATION,Appartement,agoe,200000.0,0.0,25.0,,,immoask_scraped,,2026,2,2026-Q2
"appartement meublé,louer,lome,avedji limousine",LOCATION,Appartement,adidogome,550000.0,0.0,300.0,,,immoask_scraped,,2026,2,2026-Q2
"appartement meublé,louer,lome,amadahome ",LOCATION,Appartement,adidogome,350000.0,0.0,25.0,,,immoask_scraped,,2026,2,2026-Q2
"appartement meublé,louer,lome,amandahome ",LOCATION,Appartement,adidogome,700000.0,0.0,300.0,,,immoask_scraped,,2026,2,2026-Q2
"villa,vendre,lome,agoe ",VENTE,Appartement,agoe,155000000.0,0.0,1200.0,,,immoask_scraped,,2026,2,2026-Q2
"villa,vendre,lome,adidogome akato ",VENTE,Villa,adidogome,65000000.0,0.0,300.0,,,immoask_scraped,,2026,2,2026-Q2
"studio meublé,louer,lome,agoe ",LOCATION,Appartement,agoe,170000.0,0.0,16.0,,,immoask_scraped,,2026,2,2026-Q2
"maison,vendre,lome,tokoin hopital",VENTE,Maison,tokoin,70000000.0,0.0,392.0,,,immoask_scraped,,2026,2,2026-Q2
"studio meublé,louer,lome,avedji ",LOCATION,Appartement,avedji,200000.0,0.0,20.0,,,immoask_scraped,,2026,2,2026-Q2
"terrain,vendre,kpalime,avetonou",VENTE,Terrain,avetonou,550000.0,0.0,10000.0,,,immoask_scraped,,2026,2,2026-Q2
"appartement meublé,louer,lome,be gbenyedzi",LOCATION,Appartement,bè,400000.0,0.0,120.0,,,immoask_scraped,,2026,2,2026-Q2
"appartement meublé,louer,lome,atiegou",LOCATION,Appartement,attiégou,200000.0,1.0,80.0,,,immoask_scraped,,2026,2,2026-Q2
"villa,vendre,lome,segbe",VENTE,Villa,segbe,30000000.0,0.0,300.0,,,immoask_scraped,,2026,2,2026-Q2
"villa,louer,lome,totsi ",LOCATION,Villa,totsi,300000.0,0.0,300.0,,,immoask_scraped,,2026,2,2026-Q2
"villa,louer,lome,totsi",LOCATION,Villa,totsi,300000.0,0.0,300.0,,,immoask_scraped,,2026,2,2026-Q2
"villa,louer,lome,leo 2000",LOCATION,Villa,leo 2000,230000.0,3.0,150.0,,,immoask_scraped,,2026,2,2026-Q2
"villa,louer,lome,sagbado",LOCATION,Villa,sagbado,100000.0,4.0,300.0,,,immoask_scraped,,2026,2,2026-Q2
"boutique,louer,akepe,noepe ",LOCATION,Boutique,noepe,60000.0,1.0,80.0,,,immoask_scraped,,2026,2,2026-Q2
"chambre,louer,lome,hedzranawoe ",LOCATION,Chambre,hédzranawoe,30000.0,1.0,25.0,,,immoask_scraped,,2026,2,2026-Q2
"terrain,vendre,lome,sagbado",VENTE,Terrain,sagbado,11000000.0,0.0,300.0,,,immoask_scraped,,2026,2,2026-Q2
"appartement meublé,louer,lome,adewi",LOCATION,Appartement,adewui,410000.0,2.0,100.0,,,immoask_scraped,,2026,2,2026-Q2
"appartement meublé,louer,lome,atilamonou ",LOCATION,Appartement,adidogome,180000.0,0.0,120.0,,,immoask_scraped,,2026,2,2026-Q2
"appartement meublé,louer,lome, adewi",LOCATION,Appartement,adewui,310000.0,1.0,110.0,,,immoask_scraped,,2026,2,2026-Q2
"studio meublé,louer,lome,adewi ",LOCATION,Studio,adewui,210000.0,1.0,90.0,,,immoask_scraped,,2026,2,2026-Q2
"magasin,louer,lome,hedzranawoe ",LOCATION,Magasin,hédzranawoe,350000.0,1.0,300.0,,,immoask_scraped,,2026,2,2026-Q2
"appartement meublé,louer,lome,nyekonakpoe",LOCATION,Appartement,nyékonakpoè,1000000.0,3.0,156.0,,,immoask_scraped,,2026,2,2026-Q2
"immeuble,vendre,lome,adewui",VENTE,Immeuble,adewui,100000000.0,0.0,680.0,,,immoask_scraped,,2026,2,2026-Q2
"terrain,vendre,lome,akepe",VENTE,Terrain,akepe,5500000.0,0.0,600.0,,,immoask_scraped,,2026,2,2026-Q2
"terrain,vendre,lome,akepe",VENTE,Terrain,akepe,6500000.0,0.0,600.0,,,immoask_scraped,,2026,2,2026-Q2
"appartement meublé,louer,lome,adewi",LOCATION,Appartement,adewui,450000.0,0.0,130.0,,,immoask_scraped,,2026,2,2026-Q2
"villa,louer,lome,ave maria ",LOCATION,Villa,adidogome,120000.0,2.0,70.0,,,immoask_scraped,,2026,2,2026-Q2
"terrain,vendre,lome,adidogome ",VENTE,Terrain,adidogome,15500000.0,0.0,300.0,,,immoask_scraped,,2026,2,2026-Q2
"chambre salon,louer,lome,soviepe",LOCATION,Chambre Salon,adidogome,25000.0,1.0,15.0,,,immoask_scraped,,2026,2,2026-Q2
"appartement meublé,louer,lome,hedzranawoe",LOCATION,Appartement,hédzranawoe,500000.0,3.0,250.0,,,immoask_scraped,,2026,2,2026-Q2
"appartement,louer,lome,adidogome",LOCATION,Appartement,adidogome,120000.0,2.0,100.0,,,immoask_scraped,,2026,2,2026-Q2
"terrain,vendre,lome,non loin de t-oil leo 2000",VENTE,Terrain,agoe,40000000.0,0.0,740.0,,,immoask_scraped,,2026,2,2026-Q2
"appartement,louer,lome,adidogome",LOCATION,Appartement,adidogome,180000.0,3.0,120.0,,,immoask_scraped,,2026,2,2026-Q2
"appartement meublé,louer,lome,hedzranawoe",LOCATION,Appartement,hédzranawoe,600000.0,3.0,250.0,,,immoask_scraped,,2026,2,2026-Q2
"chambre salon,louer,lome,adewi",LOCATION,Chambre Salon,adewui,200000.0,1.0,60.0,,,immoask_scraped,,2026,2,2026-Q2
"villa,louer,lome,adidogome ",LOCATION,Villa,adidogome,80000.0,3.0,70.0,,,immoask_scraped,,2026,2,2026-Q2
"terrain,vendre,lome,agoe ",VENTE,Terrain,agoe,12500000.0,0.0,300.0,,,immoask_scraped,,2026,2,2026-Q2
"chambre salon,louer,lome,soviefe",LOCATION,Chambre Salon,adidogome,50000.0,1.0,16.0,,,immoask_scraped,,2026,2,2026-Q2
"chambre salon,louer,lome,adidogome ",LOCATION,Chambre Salon,adidogome,60000.0,1.0,16.0,,,immoask_scraped,,2026,2,2026-Q2
"chambre salon,louer,lome,adidogome",LOCATION,Chambre Salon,adidogome,25000.0,0.0,14.5,,,immoask_scraped,,2026,2,2026-Q2
"chambre salon,louer,lome,adidogome",LOCATION,Chambre Salon,adidogome,33000.0,1.0,25.0,,,immoask_scraped,,2026,2,2026-Q2
"villa meublée,louer,lome,adidogome",LOCATION,Villa,adidogome,600000.0,3.0,100.0,,,immoask_scraped,,2026,2,2026-Q2
"villa meublée,louer,lome,adidogome",LOCATION,Villa,adidogome,450000.0,2.0,100.0,,,immoask_scraped,,2026,2,2026-Q2
"villa,louer,lome,adidogome",LOCATION,Villa,adidogome,300000.0,6.0,120.0,,,immoask_scraped,,2026,2,2026-Q2
"chambre salon,louer,lome,adidogome",LOCATION,Chambre Salon,adidogome,50000.0,1.0,20.0,,,immoask_scraped,,2026,2,2026-Q2
"2 chambres salon,louer,lome,adidogome",LOCATION,Maison,adidogome,60000.0,2.0,40.0,,,immoask_scraped,,2026,2,2026-Q2
"appartement meublé,louer,lome,agoe",LOCATION,Appartement,agoe,250000.0,1.0,100.0,,,immoask_scraped,,2026,2,2026-Q2
"appartement meublé,louer,lome,adidogome",LOCATION,Appartement,adidogome,350000.0,2.0,150.0,,,immoask_scraped,,2026,2,2026-Q2
"villa meublée,louer,lome,adidogome",LOCATION,Villa,adidogome,1000000.0,4.0,150.0,,,immoask_scraped,,2026,2,2026-Q2
"chambre salon,louer,lome,zanguera",LOCATION,Chambre Salon,zanguera,35000.0,1.0,15.0,,,immoask_scraped,,2026,2,2026-Q2
"appartement meublé,louer,lome,adidogome",LOCATION,Appartement,adidogome,450000.0,2.0,150.0,,,immoask_scraped,,2026,2,2026-Q2
"appartement meublé,louer,lome, centre ville",LOCATION,Appartement,nyékonakpoè,1100000.0,1.0,100.0,,,immoask_scraped,,2026,2,2026-Q2
"chambre salon,louer,lome, zanguera",LOCATION,Chambre Salon,zanguera,45000.0,1.0,20.0,,,immoask_scraped,,2026,2,2026-Q2
"villa meublée,louer,lome,carrefour aised",LOCATION,Villa,adidogome,400000.0,2.0,150.0,,,immoask_scraped,,2026,2,2026-Q2
"appartement meublé,louer,lome, gblinkome",LOCATION,Appartement,gblinkome,250000.0,0.0,55.0,,,immoask_scraped,,2026,2,2026-Q2
"appartement meublé,louer,lome,kodjoviakope",LOCATION,Appartement,kodjoviakope,300000.0,1.0,50.0,,,immoask_scraped,,2026,2,2026-Q2
"studio meublé,louer,lome,agoe",LOCATION,Appartement,agoe,150000.0,1.0,25.0,,,immoask_scraped,,2026,2,2026-Q2
"appartement meublé,louer,lome,adidogome",LOCATION,Appartement,adidogome,200000.0,0.0,50.0,,,immoask_scraped,,2026,2,2026-Q2
"appartement meublé,louer,lome,kodjoviakope",LOCATION,Appartement,kodjoviakope,550000.0,2.0,100.0,,,immoask_scraped,,2026,2,2026-Q2
"appartement meublé,louer,lome,hedzranawoe ",LOCATION,Appartement,hédzranawoe,350000.0,1.0,70.0,,,immoask_scraped,,2026,2,2026-Q2
"appartement meublé,louer,lome,agoe nyive",LOCATION,Appartement,agoe,250000.0,1.0,70.0,,,immoask_scraped,,2026,2,2026-Q2
"immeuble commercial,vendre,lome,legbassito",VENTE,Appartement,agoe,85000000.0,0.0,600.0,,,immoask_scraped,,2026,2,2026-Q2
"appartement meublé,louer,lome,avenou",LOCATION,Appartement,avenou,450000.0,2.0,100.0,,,immoask_scraped,,2026,2,2026-Q2
"appartement meublé,louer,lome,agbalepedo",LOCATION,Appartement,agbalépédo,150000.0,0.0,70.0,,,immoask_scraped,,2026,2,2026-Q2
"appartement meublé,louer,lome,agbalepedo",LOCATION,Appartement,agbalépédo,300000.0,3.0,120.0,,,immoask_scraped,,2026,2,2026-Q2
"appartement meublé,louer,lome,segbe ",LOCATION,Appartement,segbe,330000.0,2.0,70.0,,,immoask_scraped,,2026,2,2026-Q2
"appartement meublé,louer,lome,segbe",LOCATION,Appartement,segbe,330000.0,2.0,70.0,,,immoask_scraped,,2026,2,2026-Q2
"appartement meublé,louer,lome,adidoadin",LOCATION,Appartement,adidoadin,350000.0,2.0,100.0,,,immoask_scraped,,2026,2,2026-Q2
"boutique,louer,lome,djidjole",LOCATION,Maison,djidjolé,40000.0,1.0,11.0,,,immoask_scraped,,2026,2,2026-Q2
"appartement meublé,louer,lome,avedji",LOCATION,Appartement,avedji,250000.0,2.0,150.0,,,immoask_scraped,,2026,2,2026-Q2
"appartement meublé,louer,lome,avedji",LOCATION,Appartement,avedji,250000.0,0.0,15.0,,,immoask_scraped,,2026,2,2026-Q2
"appartement meublé,louer,lome,sagbado",LOCATION,Appartement,sagbado,350000.0,0.0,150.0,,,immoask_scraped,,2026,2,2026-Q2
"terrain,vendre,lome,davie",VENTE,Terrain,davie,1000000.0,0.0,150.0,,,immoask_scraped,,2026,2,2026-Q2
"terrain,vendre,lome,davie",VENTE,Terrain,davie,6500000.0,0.0,600.0,,,immoask_scraped,,2026,2,2026-Q2
"terrain,vendre,lome,kohe",VENTE,Terrain,adidogome,13500000.0,0.0,760.0,,,immoask_scraped,,2026,2,2026-Q2
"villa,louer,lome,avepozo ",LOCATION,Villa,avepozo,250000.0,3.0,300.0,,,immoask_scraped,,2026,2,2026-Q2
"appartement meublé,louer,lome,segbe ",LOCATION,Appartement,segbe,350000.0,0.0,100.0,,,immoask_scraped,,2026,2,2026-Q2
"terrain,vendre,lome,adetikope ",VENTE,Terrain,adetikope,8000000.0,0.0,600.0,,,immoask_scraped,,2026,2,2026-Q2
"terrain,vendre,lome,adetikope",VENTE,Terrain,adetikope,16000000.0,0.0,600.0,,,immoask_scraped,,2026,2,2026-Q2
"terrain,vendre,lome,segbe",VENTE,Terrain,segbe,26000000.0,0.0,880.0,,,immoask_scraped,,2026,2,2026-Q2
"terrain,vendre,lome,adeticope",VENTE,Terrain,adetikope,3500000.0,0.0,300.0,,,immoask_scraped,,2026,2,2026-Q2
"terrain,vendre,lome,adeticope",VENTE,Terrain,adetikope,2000000.0,0.0,150.0,,,immoask_scraped,,2026,2,2026-Q2
"maison,vendre,lome,vapkossito",VENTE,Maison,agoe,25000000.0,0.0,300.0,,,immoask_scraped,,2026,2,2026-Q2
"villa meublée,louer,lome,adidoadin",LOCATION,Villa,adidoadin,250000.0,1.0,150.0,,,immoask_scraped,,2026,2,2026-Q2
"terrain,vendre,lome,adetikope",VENTE,Terrain,adetikope,3500000.0,0.0,300.0,,,immoask_scraped,,2026,2,2026-Q2
"terrain,vendre,lome,adetikope",VENTE,Terrain,adetikope,2000000.0,0.0,150.0,,,immoask_scraped,,2026,2,2026-Q2
"terrain,vendre,lome,djagble",VENTE,Terrain,djagble,3500000.0,0.0,300.0,,,immoask_scraped,,2026,2,2026-Q2
"terrain,vendre,lome,adetikope",VENTE,Terrain,adetikope,6500000.0,0.0,600.0,,,immoask_scraped,,2026,2,2026-Q2
"appartement,louer,lome,adewi",LOCATION,Appartement,adewui,300000.0,2.0,60.0,,,immoask_scraped,,2026,2,2026-Q2
"villa,vendre,lome,agoe",VENTE,Villa,agoe,40000000.0,0.0,300.0,,,immoask_scraped,,2026,2,2026-Q2
"studio meublé,louer,lome,adidogome",LOCATION,Appartement,adidogome,250000.0,1.0,17.0,,,immoask_scraped,,2026,2,2026-Q2
"villa meublée,louer,lome,akodessewa",LOCATION,Villa,akodessewa,1800000.0,5.0,700.0,,,immoask_scraped,,2026,2,2026-Q2
"appartement meublé,louer,lome,adidogome",LOCATION,Appartement,adidogome,350000.0,1.0,35.0,,,immoask_scraped,,2026,2,2026-Q2
"appartement meublé,louer,lome,adidogome",LOCATION,Appartement,adidogome,500000.0,2.0,80.0,,,immoask_scraped,,2026,2,2026-Q2
"appartement meublé,louer,lome,adidogome",LOCATION,Appartement,adidogome,600000.0,2.0,80.0,,,immoask_scraped,,2026,2,2026-Q2
"terrain,vendre,lome,djagble",VENTE,Terrain,djagble,12000000.0,0.0,600.0,,,immoask_scraped,,2026,2,2026-Q2
"appartement meublé,louer,lome,attiegou",LOCATION,Appartement,attiégou,500000.0,0.0,153.0,,,immoask_scraped,,2026,2,2026-Q2
"chambre salon,louer,lome,agbalepedo",LOCATION,Chambre Salon,agbalépédo,55000.0,0.0,35.0,,,immoask_scraped,,2026,2,2026-Q2
"terrain,vendre,lome,zanguera ",VENTE,Terrain,zanguera,9000000.0,0.0,600.0,,,immoask_scraped,,2026,2,2026-Q2
"terrain,vendre,lome,adidogome",VENTE,Terrain,adidogome,16000000.0,0.0,600.0,,,immoask_scraped,,2026,2,2026-Q2
"chambre salon,louer,lome,adidogome",LOCATION,Chambre Salon,adidogome,35000.0,0.0,30.0,,,immoask_scraped,,2026,2,2026-Q2
"2 chambres salon,louer,lome,adewui",LOCATION,Maison,adewui,300000.0,2.0,90.0,,,immoask_scraped,,2026,2,2026-Q2
"chambre salon,louer,lome,adewui",LOCATION,Chambre Salon,adewui,225000.0,0.0,75.0,,,immoask_scraped,,2026,2,2026-Q2
"chambre,louer,lome,adewui",LOCATION,Appartement,adewui,125000.0,0.0,40.0,,,immoask_scraped,,2026,2,2026-Q2
"terrain,vendre,lome,adetikope",VENTE,Terrain,adetikope,6000000.0,0.0,600.0,,,immoask_scraped,,2026,2,2026-Q2
"terrain,vendre,lome,davie",VENTE,Terrain,davie,5600000.0,0.0,600.0,,,immoask_scraped,,2026,2,2026-Q2
"maison,vendre,lome,djiffa kpota",VENTE,Maison,bè,45000000.0,0.0,515.0,,,immoask_scraped,,2026,2,2026-Q2
"terrain,vendre,lome,agbalepedo",VENTE,Terrain,agbalépédo,37000000.0,0.0,345.0,,,immoask_scraped,,2026,2,2026-Q2
"appartement meublé,louer,lome,adidogome",LOCATION,Appartement,adidogome,350000.0,1.0,30.0,,,immoask_scraped,,2026,2,2026-Q2
"studio meublé,louer,lome,adidogome",LOCATION,Studio,adidogome,250000.0,1.0,25.0,,,immoask_scraped,,2026,2,2026-Q2
"appartement meublé,louer,lome,adidogome",LOCATION,Appartement,adidogome,1000000.0,0.0,100.0,,,immoask_scraped,,2026,2,2026-Q2
"appartement meublé,louer,lome,adidogome ",LOCATION,Appartement,adidogome,600000.0,2.0,70.0,,,immoask_scraped,,2026,2,2026-Q2
"villa,louer,lome,adidogome",LOCATION,Villa,adidogome,150000.0,3.0,200.0,,,immoask_scraped,,2026,2,2026-Q2
"appartement meublé,louer,lome,adidogome ",LOCATION,Appartement,adidogome,450000.0,2.0,70.0,,,immoask_scraped,,2026,2,2026-Q2
"appartement meublé,louer,lome,rue de l’ocam",LOCATION,Appartement,bè,300000.0,0.0,45.0,,,immoask_scraped,,2026,2,2026-Q2
"appartement,louer,lome,agoe",LOCATION,Appartement,agoe,55000.0,0.0,53.0,,,immoask_scraped,,2026,2,2026-Q2
"villa meublée,louer,lome,segbe",LOCATION,Villa,segbe,250000.0,1.0,150.0,,,immoask_scraped,,2026,2,2026-Q2
"villa,vendre,lome,avenou",VENTE,Villa,avenou,130000000.0,0.0,334.0,,,immoask_scraped,,2026,2,2026-Q2
"appartement meublé,louer,lome,amandahome.",LOCATION,Appartement,adidogome,300000.0,2.0,70.0,,,immoask_scraped,,2026,2,2026-Q2
"appartement meublé,louer,aneho,agbanou",LOCATION,Appartement,agbanou,250000.0,3.0,100.0,,,immoask_scraped,,2026,2,2026-Q2
"appartement meublé,louer,lome,todman",LOCATION,Appartement,tokoin,500000.0,2.0,60.0,,,immoask_scraped,,2026,2,2026-Q2
"terrain,vendre,lome,tokoin protestant",VENTE,Terrain,tokoin,25000000.0,0.0,300.0,,,immoask_scraped,,2026,2,2026-Q2
"terrain,vendre,lome,sagbado",VENTE,Terrain,sagbado,19000000.0,0.0,459.0,,,immoask_scraped,,2026,2,2026-Q2
"villa,vendre,lome,klikame",VENTE,Villa,klikamé,15000000.0,0.0,150.0,,,immoask_scraped,,2026,2,2026-Q2
"chambre salon,louer,lome,attiegou",LOCATION,Chambre Salon,attiégou,45000.0,1.0,30.0,,,immoask_scraped,,2026,2,2026-Q2
"villa,louer,lome,be",LOCATION,Villa,bè,400001.0,3.0,400.0,,,immoask_scraped,,2026,2,2026-Q2
"terrain,vendre,lome,attiegou",VENTE,Terrain,attiégou,100000000.0,0.0,1800.0,,,immoask_scraped,,2026,2,2026-Q2
"terrain,vendre,lome,hedzranawoe",VENTE,Terrain,hédzranawoe,200000000.0,0.0,1650.0,,,immoask_scraped,,2026,2,2026-Q2
"appartement meublé,louer,lome,adidogome",LOCATION,Appartement,adidogome,400000.0,2.0,65.0,,,immoask_scraped,,2026,2,2026-Q2
"villa meublée,louer,lome,adidogome",LOCATION,Villa,adidogome,800000.0,0.0,700.0,,,immoask_scraped,,2026,2,2026-Q2
"villa,louer,lome,apedokoe",LOCATION,Villa,adidogome,500000.0,0.0,600.0,,,immoask_scraped,,2026,2,2026-Q2
"appartement meublé,louer,lome,avenou",LOCATION,Appartement,avenou,500000.0,2.0,70.0,,,immoask_scraped,,2026,2,2026-Q2
"villa,louer,lome,adidogome",LOCATION,Villa,adidogome,110000.0,0.0,150.0,,,immoask_scraped,,2026,2,2026-Q2
"chambre salon,louer,lome,adidogome",LOCATION,Chambre Salon,adidogome,45000.0,0.0,30.0,,,immoask_scraped,,2026,2,2026-Q2
"2 chambres salon,louer,lome,adidogome",LOCATION,Maison,adidogome,65000.0,0.0,50.0,,,immoask_scraped,,2026,2,2026-Q2
"terrain,vendre,lome,agoe",VENTE,Terrain,agoe,15000000.0,0.0,600.0,,,immoask_scraped,,2026,2,2026-Q2
"terrain,vendre,lome,zanguera",VENTE,Terrain,zanguera,27000000.0,0.0,1330.0,,,immoask_scraped,,2026,2,2026-Q2
"terrain,vendre,lome,lankouvi",VENTE,Terrain,adidogome,11500000.0,0.0,300.0,,,immoask_scraped,,2026,2,2026-Q2
"appartement meublé,louer,lome,adidogome",LOCATION,Appartement,adidogome,400000.0,3.0,300.0,,,immoask_scraped,,2026,2,2026-Q2
"villa meublée,louer,lome,agbavi",LOCATION,Villa,agbavi,500000.0,2.0,600.0,,,immoask_scraped,,2026,2,2026-Q2
"villa,louer,lomé,kegue ",LOCATION,Villa,kegue,500000.0,0.0,300.0,,,immoask_scraped,,2026,2,2026-Q2
"villa,louer,lome,tokoin",LOCATION,Appartement,tokoin,450000.0,0.0,300.0,,,immoask_scraped,,2026,2,2026-Q2
"chambre salon,louer,lome,attilamonou",LOCATION,Chambre Salon,adidogome,45000.0,0.0,40.0,,,immoask_scraped,,2026,2,2026-Q2
"chambre salon,louer,lome,zanguera",LOCATION,Chambre Salon,zanguera,35000.0,0.0,35.0,,,immoask_scraped,,2026,2,2026-Q2
"appartement meublé,louer,lome,adidogome",LOCATION,Appartement,adidogome,300000.0,0.0,60.0,,,immoask_scraped,,2026,2,2026-Q2
"villa,louer,lome,cite oua",LOCATION,Villa,cite oua,2500000.0,5.0,900.0,,,immoask_scraped,,2026,2,2026-Q2
"chambre salon,louer,lome,zanguera",LOCATION,Chambre Salon,zanguera,50000.0,1.0,50.0,,,immoask_scraped,,2026,2,2026-Q2
"appartement meublé,louer,lome,tokoin",LOCATION,Appartement,tokoin,500000.0,2.0,70.0,,,immoask_scraped,,2026,2,2026-Q2
"appartement meublé,louer,lome,hedzranawoe ",LOCATION,Appartement,hédzranawoe,400000.0,0.0,80.0,,,immoask_scraped,,2026,2,2026-Q2
"villa,louer,lome,kegue",LOCATION,Villa,kegue,500000.0,0.0,300.0,,,immoask_scraped,,2026,2,2026-Q2
"appartement meublé,louer,lome,zanguera",LOCATION,Appartement,zanguera,300000.0,3.0,70.0,,,immoask_scraped,,2026,2,2026-Q2
"villa,louer,lome,avepozo",LOCATION,Villa,avepozo,550000.0,0.0,600.0,,,immoask_scraped,,2026,2,2026-Q2
"appartement meublé,louer,lome,super taco",LOCATION,Appartement,super taco,200000.0,0.0,300.0,,,immoask_scraped,,2026,2,2026-Q2
"appartement meublé,louer,lome,adidogome ",LOCATION,Appartement,adidogome,600000.0,0.0,600.0,,,immoask_scraped,,2026,2,2026-Q2
"villa meublée,louer,lome,kpogan ",LOCATION,Villa,kpogan,800000.0,4.0,600.0,,,immoask_scraped,,2026,2,2026-Q2
"appartement meublé,louer,lome,adidogome ",LOCATION,Appartement,adidogome,350000.0,0.0,300.0,,,immoask_scraped,,2026,2,2026-Q2
"appartement meublé,louer,lomé,nyekonakpoe",LOCATION,Appartement,nyékonakpoè,350000.0,0.0,300.0,,,immoask_scraped,,2026,2,2026-Q2
"villa meublée,louer,lome,adidogome ",LOCATION,Villa,adidogome,600000.0,0.0,600.0,,,immoask_scraped,,2026,2,2026-Q2
"villa meublée,louer,lome,adidogome ",LOCATION,Villa,adidogome,1000000.0,0.0,600.0,,,immoask_scraped,,2026,2,2026-Q2
"appartement meublé,louer,lome,kodjoviakope",LOCATION,Appartement,kodjoviakope,600000.0,0.0,300.0,,,immoask_scraped,,2026,2,2026-Q2
"villa meublée,louer,lome,gbossime ",LOCATION,Villa,gbossime,250000.0,0.0,300.0,,,immoask_scraped,,2026,2,2026-Q2
"appartement meublé,louer,lome,agbalepedo ",LOCATION,Appartement,agbalépédo,300000.0,0.0,300.0,,,immoask_scraped,,2026,2,2026-Q2
"villa meublée,louer,lome,adidogome",LOCATION,Villa,adidogome,1200000.0,0.0,300.0,,,immoask_scraped,,2026,2,2026-Q2
"villa meublée,louer,lome,adidogome",LOCATION,Villa,adidogome,450000.0,0.0,80.0,,,immoask_scraped,,2026,2,2026-Q2
"appartement meublé,louer,lome,hedzranawoe",LOCATION,Appartement,hédzranawoe,400000.0,0.0,50.0,,,immoask_scraped,,2026,2,2026-Q2
"appartement meublé,louer,lome,nyekonakpoe",LOCATION,Appartement,nyékonakpoè,350000.0,0.0,300.0,,,immoask_scraped,,2026,2,2026-Q2
"appartement meublé,louer,lome,adidoadin ",LOCATION,Appartement,adidoadin,250000.0,1.0,150.0,,,immoask_scraped,,2026,2,2026-Q2
"villa meublée,louer,lome,adeticope",LOCATION,Villa,adetikope,350000.0,0.0,300.0,,,immoask_scraped,,2026,2,2026-Q2
"appartement meublé,louer,lome,adidoadin",LOCATION,Appartement,adidoadin,200000.0,1.0,150.0,,,immoask_scraped,,2026,2,2026-Q2
"appartement meublé,louer,lome,kpota non loin du lycee",LOCATION,Appartement,bè,450000.0,3.0,300.0,,,immoask_scraped,,2026,2,2026-Q2
"appartement meublé,louer,lome,kegue",LOCATION,Appartement,kegue,150000.0,0.0,150.0,,,immoask_scraped,,2026,2,2026-Q2
"appartement meublé,louer,1,kegue",LOCATION,Appartement,kegue,150000.0,0.0,150.0,,,immoask_scraped,,2026,2,2026-Q2
"appartement meublé,louer,lome,attiegou ",LOCATION,Appartement,attiégou,250000.0,0.0,150.0,,,immoask_scraped,,2026,2,2026-Q2
"villa meublée,louer,lome,hedzanawoe - novissi",LOCATION,Villa,hédzranawoe,500000.0,0.0,300.0,,,immoask_scraped,,2026,2,2026-Q2
"villa meublée,louer,lome,kpogan non loin du goudron",LOCATION,Villa,kpogan,800000.0,0.0,300.0,,,immoask_scraped,,2026,2,2026-Q2
"appartement meublé,louer,lome,kegue tsinga",LOCATION,Appartement,kegue,200000.0,1.0,150.0,,,immoask_scraped,,2026,2,2026-Q2
"villa meublée,louer,lome,hedzranawoe ",LOCATION,Villa,hédzranawoe,400000.0,0.0,300.0,,,immoask_scraped,,2026,2,2026-Q2
"appartement meublé,louer,lome,cito aeroport",LOCATION,Appartement,cito aeroport,300000.0,1.0,150.0,,,immoask_scraped,,2026,2,2026-Q2
"chambre salon,louer,lome,cito aeroport",LOCATION,Chambre Salon,cito aeroport,300000.0,0.0,150.0,,,immoask_scraped,,2026,2,2026-Q2
"villa,louer,lome,tokoin",LOCATION,Villa,tokoin,150000.0,2.0,150.0,,,immoask_scraped,,2026,2,2026-Q2
"appartement meublé,louer,lome,hedzranawoe",LOCATION,Appartement,hédzranawoe,350000.0,0.0,200.0,,,immoask_scraped,,2026,2,2026-Q2
"appartement meublé,louer,lome,hedzranawoe",LOCATION,Appartement,hédzranawoe,350000.0,0.0,120.0,,,immoask_scraped,,2026,2,2026-Q2
"villa,vendre,lome,adidogome",VENTE,Villa,adidogome,50000000.0,0.0,300.0,,,immoask_scraped,,2026,2,2026-Q2
"terrain,vendre,lome,agoe",VENTE,Terrain,agoe,150000000.0,0.0,1200.0,,,immoask_scraped,,2026,2,2026-Q2
"chambre salon,louer,lome,agoe zossime",LOCATION,Chambre Salon,agoe,45000.0,0.0,45.0,,,immoask_scraped,,2026,2,2026-Q2
"appartement,louer,lome,agoe zossime",LOCATION,Appartement,agoe,70000.0,2.0,50.0,,,immoask_scraped,,2026,2,2026-Q2
"villa,louer,lome,avepozo",LOCATION,Appartement,avepozo,250000.0,0.0,1200.0,,,immoask_scraped,,2026,2,2026-Q2
"terrain,vendre,kpalime,yokele",VENTE,Terrain,yokele,20000000.0,0.0,2400.0,,,immoask_scraped,,2026,2,2026-Q2
"chambre salon,louer,lome,be kpota",LOCATION,Chambre Salon,bè,45000.0,0.0,42.0,,,immoask_scraped,,2026,2,2026-Q2
"chambre salon,louer,lome,cacaveli",LOCATION,Chambre Salon,agoe,55000.0,0.0,25.0,,,immoask_scraped,,2026,2,2026-Q2
"terrain,vendre,kpalime,kpime",VENTE,Terrain,kpime,700000.0,0.0,490000.0,,,immoask_scraped,,2026,2,2026-Q2
"studio meublé,louer,lomé,avenou",LOCATION,Appartement,avenou,220000.0,0.0,24.0,,,immoask_scraped,,2026,2,2026-Q2
"appartement meublé,louer,lome,adidogome",LOCATION,Appartement,adidogome,500000.0,2.0,35.0,,,immoask_scraped,,2026,2,2026-Q2
"villa,vendre,lome,be kpota",VENTE,Villa,bè,130000000.0,4.0,300.0,,,immoask_scraped,,2026,2,2026-Q2
"appartement meublé,louer,lome,agoe",LOCATION,Appartement,agoe,170000.0,0.0,55.0,,,immoask_scraped,,2026,2,2026-Q2
"terrain,vendre,lome,agoe",VENTE,Appartement,agoe,33000000.0,0.0,300.0,,,immoask_scraped,,2026,2,2026-Q2
"villa,louer,lome,baguida",LOCATION,Villa,baguida,150000.0,3.0,300.0,,,immoask_scraped,,2026,2,2026-Q2
"villa meublée,louer,lome,adidogome la pampar",LOCATION,Villa,adidogome,600000.0,0.0,300.0,,,immoask_scraped,,2026,2,2026-Q2
"appartement meublé,louer,lome,adidogome la pampar",LOCATION,Appartement,adidogome,700000.0,0.0,400.0,,,immoask_scraped,,2026,2,2026-Q2
"villa meublée,louer,lome,baguida",LOCATION,Villa,baguida,500000.0,0.0,600.0,,,immoask_scraped,,2026,2,2026-Q2
"villa,louer,lome,sagbado",LOCATION,Villa,sagbado,300000.0,3.0,300.0,,,immoask_scraped,,2026,2,2026-Q2
"appartement meublé,louer,lome,tokoin ",LOCATION,Appartement,tokoin,150000.0,1.0,80.0,,,immoask_scraped,,2026,2,2026-Q2
"studio meublé,louer,lome,agbalepedo",LOCATION,Appartement,agbalépédo,210000.0,0.0,80.0,,,immoask_scraped,,2026,2,2026-Q2
"studio meublé,louer,lome,agbalepeto",LOCATION,Studio,agbalepeto,210000.0,1.0,80.0,,,immoask_scraped,,2026,2,2026-Q2
"terrain,vendre,lome,agoe sogbossito",VENTE,Terrain,agoe,6000000.0,0.0,300.0,,,immoask_scraped,,2026,2,2026-Q2
"villa,louer,lome,kegue",LOCATION,Villa,kegue,300000.0,3.0,300.0,,,immoask_scraped,,2026,2,2026-Q2
"villa meublée,louer,lome,avedji",LOCATION,Villa,avedji,300000.0,0.0,300.0,,,immoask_scraped,,2026,2,2026-Q2
"villa,louer,lomé,atiegou",LOCATION,Villa,attiégou,250000.0,3.0,300.0,,,immoask_scraped,,2026,2,2026-Q2
"villa,louer,lome,atiegou ",LOCATION,Villa,attiégou,250000.0,0.0,300.0,,,immoask_scraped,,2026,2,2026-Q2
"villa,vendre,lome,djagble",VENTE,Villa,djagble,215000000.0,10.0,300.0,,,immoask_scraped,,2026,2,2026-Q2
"appartement,louer,lome,djagble",LOCATION,Appartement,djagble,300000.0,6.0,300.0,,,immoask_scraped,,2026,2,2026-Q2
"appartement,louer,lome,djagble",LOCATION,Appartement,djagble,350000.0,4.0,300.0,,,immoask_scraped,,2026,2,2026-Q2
"appartement meublé,louer,lome,nyekonakpoe",LOCATION,Appartement,nyékonakpoè,400000.0,0.0,60.0,,,immoask_scraped,,2026,2,2026-Q2
"appartement meublé,louer,lome,tokoin casablanca",LOCATION,Appartement,tokoin,450000.0,2.0,125.0,,,immoask_scraped,,2026,2,2026-Q2
"appartement meublé,louer,lome,totsi",LOCATION,Appartement,totsi,300000.0,0.0,150.0,,,immoask_scraped,,2026,2,2026-Q2
"appartement meublé,louer,lome,adidoadin",LOCATION,Appartement,adidoadin,300000.0,0.0,200.0,,,immoask_scraped,,2026,2,2026-Q2
"terrain,vendre,lome,legbassito ",VENTE,Terrain,agoe,15000000.0,0.0,600.0,,,immoask_scraped,,2026,2,2026-Q2
"chambre salon,louer,lome,kagome",LOCATION,Chambre Salon,kagome,30000.0,0.0,50.0,,,immoask_scraped,,2026,2,2026-Q2
"villa,louer,lome,adidogome ",LOCATION,Villa,adidogome,375000.0,0.0,400.0,,,immoask_scraped,,2026,2,2026-Q2
"appartement meublé,louer,lome,agbalepedo",LOCATION,Appartement,agbalépédo,300000.0,2.0,200.0,,,immoask_scraped,,2026,2,2026-Q2
"appartement meublé,louer,lome,agbalepedo",LOCATION,Appartement,agbalépédo,300000.0,0.0,300.0,,,immoask_scraped,,2026,2,2026-Q2
"maison,vendre,lome,sanguera",VENTE,Maison,sanguera,65000000.0,0.0,500.0,,,immoask_scraped,,2026,2,2026-Q2
"terrain,vendre,1,afagnan",VENTE,Terrain,afagnan,3000000.0,0.0,600.0,,,immoask_scraped,,2026,2,2026-Q2
"terrain,vendre,lome,djidjole",VENTE,Appartement,djidjolé,27000000.0,0.0,386.0,,,immoask_scraped,,2026,2,2026-Q2
"villa,louer,lome,segbe,akato-deme",LOCATION,Villa,segbe,140000.0,4.0,300.0,,,immoask_scraped,,2026,2,2026-Q2
"appartement meublé,louer,lome,gbossime",LOCATION,Appartement,gbossime,250000.0,3.0,150.0,,,immoask_scraped,,2026,2,2026-Q2
"villa,vendre,lome,djagble",VENTE,Villa,djagble,32000000.0,5.0,445.0,,,immoask_scraped,,2026,2,2026-Q2
"magasin,louer,lome,be kpota",LOCATION,Magasin,bè,400000.0,1.0,300.0,,,immoask_scraped,,2026,2,2026-Q2
"appartement meublé,louer,lome,agoe anome ",LOCATION,Appartement,agoe,300000.0,0.0,300.0,,,immoask_scraped,,2026,2,2026-Q2
"villa meublée,louer,lomé,amadahome",LOCATION,Villa,adidogome,600000.0,0.0,600.0,,,immoask_scraped,,2026,2,2026-Q2
"appartement meublé,louer,lome,kegue",LOCATION,Appartement,kegue,150000.0,0.0,80.0,,,immoask_scraped,,2026,2,2026-Q2
"appartement meublé,louer,lome,hedzranawoe",LOCATION,Appartement,hédzranawoe,350000.0,2.0,100.0,,,immoask_scraped,,2026,2,2026-Q2
"appartement meublé,louer,lome,hedranawoe ",LOCATION,Appartement,hédzranawoe,250000.0,1.0,80.0,,,immoask_scraped,,2026,2,2026-Q2
"appartement meublé,louer,lome,djidjole ",LOCATION,Appartement,djidjolé,350000.0,0.0,100.0,,,immoask_scraped,,2026,2,2026-Q2
"villa meublée,louer,lome,avepozo ",LOCATION,Villa,avepozo,400000.0,0.0,300.0,,,immoask_scraped,,2026,2,2026-Q2
"appartement meublé,louer,lome,baguida ",LOCATION,Appartement,baguida,400000.0,0.0,300.0,,,immoask_scraped,,2026,2,2026-Q2
"villa,vendre,lome,be kpota",VENTE,Villa,bè,130000000.0,4.0,400.0,,,immoask_scraped,,2026,2,2026-Q2
"villa,louer,lome,hedzranawoe",LOCATION,Villa,hédzranawoe,1200000.0,6.0,600.0,,,immoask_scraped,,2026,2,2026-Q2
"villa,louer,lome,hedranawoe ",LOCATION,Villa,hédzranawoe,1200000.0,0.0,600.0,,,immoask_scraped,,2026,2,2026-Q2
"villa,louer,lome,be kpota ",LOCATION,Villa,bè,500000.0,3.0,300.0,,,immoask_scraped,,2026,2,2026-Q2
"terrain,vendre,lome,agoe togble",VENTE,Terrain,agoe,6500000.0,0.0,300.0,,,immoask_scraped,,2026,2,2026-Q2
"appartement meublé,louer,lome,agoe legbassito anhonkpoe ",LOCATION,Appartement,agoe,200000.0,0.0,48.0,,,immoask_scraped,,2026,2,2026-Q2
"maison,vendre,lome,agoe sogbossito",VENTE,Maison,agoe,35000000.0,2.0,120.0,,,immoask_scraped,,2026,2,2026-Q2
"2 chambres salon,louer,lome,agoe legbassito anhonkpoe",LOCATION,Maison,agoe,200000.0,0.0,48.0,,,immoask_scraped,,2026,2,2026-Q2
"terrain,bailler,lome,sagbado",BAILLER,Terrain,sagbado,75000.0,0.0,600.0,,,immoask_scraped,,2026,2,2026-Q2
"terrain,bailler,lome,agoe",BAILLER,Terrain,agoe,75000.0,0.0,600.0,,,immoask_scraped,,2026,2,2026-Q2
"villa,louer,lome,avedji",LOCATION,Villa,avedji,150000.0,0.0,150.0,,,immoask_scraped,,2026,2,2026-Q2
"chambre salon,louer,lome,agoe",LOCATION,Chambre Salon,agoe,50000.0,0.0,25.0,,,immoask_scraped,,2026,2,2026-Q2
"terrain,bailler,lome,avedji",BAILLER,Terrain,avedji,150000.0,0.0,1200.0,,,immoask_scraped,,2026,2,2026-Q2
"3 chambres salon,louer,lome,vakpossito",LOCATION,Appartement,agoe,90000.0,3.0,80.0,,,immoask_scraped,,2026,2,2026-Q2
"3 chambres salon,louer,lome,adidogome cite mokpokpo",LOCATION,Maison,adidogome,120000.0,0.0,80.0,,,immoask_scraped,,2026,2,2026-Q2
"terrain,vendre,tsevie,davie ",VENTE,Terrain,davie,4500000.0,0.0,1800.0,,,immoask_scraped,,2026,2,2026-Q2
"2 chambres salon,louer,lome,be station t-oil",LOCATION,Maison,bè,220000.0,2.0,48.0,,,immoask_scraped,,2026,2,2026-Q2
"villa meublée,louer,lome,zanguera",LOCATION,Villa,zanguera,250000.0,2.0,48.0,,,immoask_scraped,,2026,2,2026-Q2
"chambre,louer,lome,zanguera",LOCATION,Chambre,zanguera,15000.0,1.0,16.0,,,immoask_scraped,,2026,2,2026-Q2
"2 chambres salon,louer,lome,adidogome soviepe",LOCATION,Maison,adidogome,65000.0,0.0,64.0,,,immoask_scraped,,2026,2,2026-Q2
"chambre salon,louer,lome,carrefour minamadou",LOCATION,Chambre Salon,agoe,60000.0,0.0,64.0,,,immoask_scraped,,2026,2,2026-Q2
"2 chambres salon,louer,lomé,segbe",LOCATION,Maison,segbe,35000.0,0.0,48.0,,,immoask_scraped,,2026,2,2026-Q2
"2 chambres salon,louer,lome,segbe",LOCATION,Maison,segbe,45000.0,2.0,48.0,,,immoask_scraped,,2026,2,2026-Q2
"appartement meublé,louer,lome,agoe",LOCATION,Appartement,agoe,350000.0,2.0,80.0,,,immoask_scraped,,2026,2,2026-Q2
"villa meublée,louer,lome,lome madibar",LOCATION,Villa,adidogome,650000.0,11.0,1200.0,,,immoask_scraped,,2026,2,2026-Q2
"villa,vendre,lome,segbe",VENTE,Villa,segbe,65000000.0,0.0,450.0,,,immoask_scraped,,2026,2,2026-Q2
"villa,louer,lome,gbegnedji ",LOCATION,Villa,gbegnedji,80000.0,0.0,150.0,,,immoask_scraped,,2026,2,2026-Q2
"villa,louer,lome,kagome ",LOCATION,Villa,kagome,100000.0,2.0,300.0,,,immoask_scraped,,2026,2,2026-Q2
"villa,louer,lome, adidogome ",LOCATION,Villa,adidogome,350000.0,4.0,600.0,,,immoask_scraped,,2026,2,2026-Q2
"appartement meublé,louer,lome,djidjole",LOCATION,Appartement,djidjolé,200000.0,1.0,45.0,,,immoask_scraped,,2026,2,2026-Q2
"villa meublée,louer,aneho,kpeme ",LOCATION,Villa,kpeme,700000.0,0.0,600.0,,,immoask_scraped,,2026,2,2026-Q2
"appartement meublé,louer,lome,djidjole",LOCATION,Appartement,djidjolé,550000.0,0.0,80.0,,,immoask_scraped,,2026,2,2026-Q2
"chambre salon,louer,lome,akodessewa",LOCATION,Chambre Salon,akodessewa,50000.0,0.0,35.0,,,immoask_scraped,,2026,2,2026-Q2
"chambre salon,louer,lome,akodessewa ",LOCATION,Chambre Salon,akodessewa,60000.0,0.0,35.0,,,immoask_scraped,,2026,2,2026-Q2
"villa,louer,lome,baguida",LOCATION,Villa,baguida,750000.0,4.0,10.0,,,immoask_scraped,,2026,2,2026-Q2
"appartement,louer,lome,amadahome",LOCATION,Appartement,adidogome,60000.0,2.0,55.0,,,immoask_scraped,,2026,2,2026-Q2
"appartement meublé,louer,lome,tokoin",LOCATION,Appartement,tokoin,300000.0,1.0,35.0,,,immoask_scraped,,2026,2,2026-Q2
"studio meublé,louer,lome, tokoin ",LOCATION,Appartement,tokoin,350000.0,1.0,25.0,,,immoask_scraped,,2026,2,2026-Q2
"studio meublé,louer,lome, tokoin",LOCATION,Appartement,tokoin,300000.0,1.0,18.0,,,immoask_scraped,,2026,2,2026-Q2
"appartement meublé,louer,lome, tokoin",LOCATION,Appartement,tokoin,450000.0,0.0,100.0,,,immoask_scraped,,2026,2,2026-Q2
"appartement meublé,louer,lome,tokoin",LOCATION,Appartement,tokoin,350000.0,0.0,80.0,,,immoask_scraped,,2026,2,2026-Q2
"terrain,vendre,lome,hedzranawoe",VENTE,Terrain,hédzranawoe,1050000000.0,0.0,9000.0,,,immoask_scraped,,2026,2,2026-Q2
"terrain,vendre,lome,hedzranawoe",VENTE,Terrain,hédzranawoe,560000000.0,0.0,4200.0,,,immoask_scraped,,2026,2,2026-Q2
"terrain,vendre,lome,agoe",VENTE,Terrain,agoe,7000000.0,0.0,300.0,,,immoask_scraped,,2026,2,2026-Q2
"terrain,vendre,lome,zanguera",VENTE,Terrain,zanguera,11000000.0,0.0,600.0,,,immoask_scraped,,2026,2,2026-Q2
"terrain,vendre,lome,djagble",VENTE,Terrain,djagble,6000000.0,0.0,300.0,,,immoask_scraped,,2026,2,2026-Q2
"villa,louer,lome,avenou",LOCATION,Villa,avenou,350000.0,0.0,600.0,,,immoask_scraped,,2026,2,2026-Q2
"studio meublé,louer,lome,assivito ",LOCATION,Appartement,assivito,900000.0,0.0,18.0,,,immoask_scraped,,2026,2,2026-Q2
"appartement meublé,louer,lome,assivito",LOCATION,Appartement,assivito,1800000.0,0.0,35.0,,,immoask_scraped,,2026,2,2026-Q2
"appartement meublé,louer,lomé,adidogome",LOCATION,Appartement,adidogome,350000.0,0.0,85.0,,,immoask_scraped,,2026,2,2026-Q2
"terrain,vendre,lome,djidjole ",VENTE,Terrain,djidjolé,40000000.0,0.0,500.0,,,immoask_scraped,,2026,2,2026-Q2
"maison,louer,lome,djidjole",LOCATION,Maison,djidjolé,40000000.0,3.0,500.0,,,immoask_scraped,,2026,2,2026-Q2
"villa,vendre,lome,agoe",VENTE,Villa,agoe,15000000.0,2.0,150.0,,,immoask_scraped,,2026,2,2026-Q2
"appartement meublé,louer,lome,agoe",LOCATION,Appartement,agoe,400000.0,0.0,90.0,,,immoask_scraped,,2026,2,2026-Q2
"appartement,louer,lome,djidjole",LOCATION,Appartement,djidjolé,150000.0,0.0,80.0,,,immoask_scraped,,2026,2,2026-Q2
"appartement meublé,louer,lome, cacaveli ",LOCATION,Appartement,agoe,300000.0,0.0,35.0,,,immoask_scraped,,2026,2,2026-Q2
"appartement meublé,louer,lome,cacaveli",LOCATION,Appartement,agoe,400000.0,0.0,69.0,,,immoask_scraped,,2026,2,2026-Q2
"studio meublé,louer,lome,be",LOCATION,Appartement,bè,200000.0,0.0,20.0,,,immoask_scraped,,2026,2,2026-Q2
"appartement meublé,louer,lome,be",LOCATION,Appartement,bè,400000.0,0.0,65.0,,,immoask_scraped,,2026,2,2026-Q2
"villa meublée,louer,lome,kegue",LOCATION,Villa,kegue,350000.0,0.0,250.0,,,immoask_scraped,,2026,2,2026-Q2
"villa meublée,louer,lome,adidogome ",LOCATION,Villa,adidogome,450000.0,0.0,250.0,,,immoask_scraped,,2026,2,2026-Q2
"villa meublée,louer,lome,kegue ",LOCATION,Villa,kegue,300000.0,0.0,120.0,,,immoask_scraped,,2026,2,2026-Q2
"villa meublée,louer,lome,hedzranawoe ",LOCATION,Villa,hédzranawoe,400000.0,0.0,250.0,,,immoask_scraped,,2026,2,2026-Q2
"appartement meublé,louer,lome,adidogome",LOCATION,Appartement,adidogome,230000.0,0.0,30.0,,,immoask_scraped,,2026,2,2026-Q2
"villa,vendre,lome,sito aeroport",VENTE,Villa,sito aeroport,100000000.0,0.0,600.0,,,immoask_scraped,,2026,2,2026-Q2
"villa meublée,louer,lome,totsi",LOCATION,Villa,totsi,450000.0,0.0,150.0,,,immoask_scraped,,2026,2,2026-Q2
"terrain,vendre,lome,djagble",VENTE,Terrain,djagble,6000000.0,0.0,600.0,,,immoask_scraped,,2026,2,2026-Q2
"villa,louer,lome,agoe",LOCATION,Villa,agoe,170000.0,3.0,300.0,,,immoask_scraped,,2026,2,2026-Q2
"villa,louer,lome, agoe",LOCATION,Villa,agoe,200000.0,0.0,300.0,,,immoask_scraped,,2026,2,2026-Q2
"terrain,vendre,lome,leo2000",VENTE,Terrain,leo 2000,35000000.0,0.0,600.0,,,immoask_scraped,,2026,2,2026-Q2
"appartement meublé,louer,lomé,djidjole",LOCATION,Appartement,djidjolé,200000.0,0.0,35.0,,,immoask_scraped,,2026,2,2026-Q2
"maison,vendre,lome,agoe",VENTE,Maison,agoe,40000000.0,0.0,310.0,,,immoask_scraped,,2026,2,2026-Q2
"terrain,vendre,lome,zanguera ",VENTE,Terrain,zanguera,7000000.0,0.0,300.0,,,immoask_scraped,,2026,2,2026-Q2
"villa,louer,lome,leo2000",LOCATION,Villa,leo 2000,500000.0,0.0,400.0,,,immoask_scraped,,2026,2,2026-Q2
"villa,louer,lome,agoe",LOCATION,Villa,agoe,150000.0,0.0,200.0,,,immoask_scraped,,2026,2,2026-Q2
"villa meublée,louer,lome,agoe",LOCATION,Villa,agoe,300000.0,0.0,200.0,,,immoask_scraped,,2026,2,2026-Q2
"chambre salon,louer,lome,agoe",LOCATION,Chambre Salon,agoe,50000.0,0.0,30.0,,,immoask_scraped,,2026,2,2026-Q2
"chambre salon,louer,lome,agoe",LOCATION,Chambre Salon,agoe,70000.0,0.0,35.0,,,immoask_scraped,,2026,2,2026-Q2
"chambre salon,louer,lome,agoe ",LOCATION,Chambre Salon,agoe,50000.0,1.0,25.0,,,immoask_scraped,,2026,2,2026-Q2
"villa,louer,lome,adidogome ",LOCATION,Villa,adidogome,130000.0,3.0,300.0,,,immoask_scraped,,2026,2,2026-Q2
"villa,louer,lome,sito aeroport  ",LOCATION,Villa,sito aeroport,300000.0,0.0,300.0,,,immoask_scraped,,2026,2,2026-Q2
"villa,louer,lome,kegue",LOCATION,Villa,kegue,180000.0,3.0,200.0,,,immoask_scraped,,2026,2,2026-Q2
"chambre,louer,lome,avepozo",LOCATION,Chambre,avepozo,150000.0,0.0,1200.0,,,immoask_scraped,,2026,2,2026-Q2
"appartement meublé,louer,lome,tokoin",LOCATION,Appartement,tokoin,300000.0,0.0,65.0,,,immoask_scraped,,2026,2,2026-Q2
"maison,vendre,lome, agbavi",VENTE,Maison,agbavi,27000000.0,0.0,300.0,,,immoask_scraped,,2026,2,2026-Q2
"villa,vendre,lome,dague",VENTE,Villa,dague,15000000.0,2.0,300.0,,,immoask_scraped,,2026,2,2026-Q2
"villa,louer,lome,kagome",LOCATION,Villa,kagome,100000.0,0.0,600.0,,,immoask_scraped,,2026,2,2026-Q2
"maison,vendre,lome,avepozo",VENTE,Maison,avepozo,23000000.0,0.0,300.0,,,immoask_scraped,,2026,2,2026-Q2
"terrain,vendre,lome,ahanoukope",VENTE,Terrain,ahanoukope,800000000.0,0.0,1200.0,,,immoask_scraped,,2026,2,2026-Q2
"appartement,louer,lome,agoe",LOCATION,Appartement,agoe,65000.0,2.0,65.0,,,immoask_scraped,,2026,2,2026-Q2
"appartement meublé,louer,lome,amadahome",LOCATION,Appartement,adidogome,200000.0,0.0,25.0,,,immoask_scraped,,2026,2,2026-Q2
"bureau,louer,lome,noukafou ",LOCATION,Bureau,noukafou,100000.0,5.0,120.0,,,immoask_scraped,,2026,2,2026-Q2
"villa,vendre,lome,togo2000",VENTE,Villa,togo 2000,32000000.0,0.0,300.0,,,immoask_scraped,,2026,2,2026-Q2
"appartement meublé,louer,lome,avedji ",LOCATION,Appartement,avedji,350000.0,0.0,120.0,,,immoask_scraped,,2026,2,2026-Q2
"villa,louer,lome,be kpota",LOCATION,Villa,bè,250000.0,0.0,600.0,,,immoask_scraped,,2026,2,2026-Q2
"appartement meublé,louer,lome,djidjole",LOCATION,Appartement,djidjolé,200000.0,0.0,25.0,,,immoask_scraped,,2026,2,2026-Q2
"villa,louer,lome,totsi",LOCATION,Villa,totsi,100000.0,2.0,120.0,,,immoask_scraped,,2026,2,2026-Q2
"appartement meublé,louer,lome,adidogome",LOCATION,Appartement,adidogome,250000.0,0.0,35.0,,,immoask_scraped,,2026,2,2026-Q2
"villa,louer,lome,agoe",LOCATION,Villa,agoe,80000.0,2.0,100.0,,,immoask_scraped,,2026,2,2026-Q2
"chambre salon,louer,lome,djidjole",LOCATION,Chambre Salon,djidjolé,60000.0,1.0,40.0,,,immoask_scraped,,2026,2,2026-Q2
"chambre salon,louer,aneho,djidjole",LOCATION,Chambre Salon,djidjolé,60000.0,0.0,40.0,,,immoask_scraped,,2026,2,2026-Q2
"appartement,louer,lome,agoe ",LOCATION,Appartement,agoe,300000.0,0.0,400.0,,,immoask_scraped,,2026,2,2026-Q2
"appartement meublé,louer,lome,agoe",LOCATION,Appartement,agoe,150000.0,0.0,35.0,,,immoask_scraped,,2026,2,2026-Q2
"studio meublé,louer,lome,agoe",LOCATION,Appartement,agoe,150000.0,0.0,20.0,,,immoask_scraped,,2026,2,2026-Q2
"chambre salon,louer,lome,agoe",LOCATION,Chambre Salon,agoe,45000.0,0.0,35.0,,,immoask_scraped,,2026,2,2026-Q2
"appartement meublé,louer,lome,sagbado ",LOCATION,Appartement,sagbado,200000.0,0.0,35.0,,,immoask_scraped,,2026,2,2026-Q2
"villa meublée,louer,lomé,sagbado",LOCATION,Villa,sagbado,300000.0,0.0,200.0,,,immoask_scraped,,2026,2,2026-Q2
"appartement,louer,lome,agoe ",LOCATION,Appartement,agoe,70000.0,0.0,75.0,,,immoask_scraped,,2026,2,2026-Q2
"chambre salon,louer,lome,agoe",LOCATION,Chambre Salon,agoe,45000.0,1.0,60.0,,,immoask_scraped,,2026,2,2026-Q2
"appartement,louer,lome,agoe",LOCATION,Appartement,agoe,100000.0,3.0,120.0,,,immoask_scraped,,2026,2,2026-Q2
"villa,louer,lome,leo2000",LOCATION,Villa,leo 2000,300000.0,0.0,300.0,,,immoask_scraped,,2026,2,2026-Q2
"villa,louer,lome,agoe",LOCATION,Villa,agoe,300000.0,0.0,400.0,,,immoask_scraped,,2026,2,2026-Q2
"villa,vendre,lome,adidogome",VENTE,Villa,adidogome,26000000.0,0.0,150.0,,,immoask_scraped,,2026,2,2026-Q2
"appartement,louer,lome,agbalepedo",LOCATION,Appartement,agbalépédo,120000.0,2.0,78.0,,,immoask_scraped,,2026,2,2026-Q2
"appartement,louer,lome,agbalepedo",LOCATION,Appartement,agbalépédo,120000.0,0.0,80.0,,,immoask_scraped,,2026,2,2026-Q2
"appartement,louer,lome,agbalepedo",LOCATION,Appartement,agbalépédo,102000.0,2.0,70.0,,,immoask_scraped,,2026,2,2026-Q2
"villa,louer,lome,entreprise de l'union",LOCATION,Villa,leo 2000,200000.0,0.0,300.0,,,immoask_scraped,,2026,2,2026-Q2
"villa,louer,lome,entreprise de l'union ",LOCATION,Villa,leo 2000,200000.0,0.0,300.0,,,immoask_scraped,,2026,2,2026-Q2
"immeuble commercial,louer,lome,attiegou",LOCATION,Appartement,attiégou,250000.0,3.0,300.0,,,immoask_scraped,,2026,2,2026-Q2
"studio meublé,louer,lomé,adidogome",LOCATION,Appartement,adidogome,150000.0,0.0,21.0,,,immoask_scraped,,2026,2,2026-Q2
"villa,louer,lome,agoe",LOCATION,Villa,agoe,130000.0,5.0,250.0,,,immoask_scraped,,2026,2,2026-Q2
"villa,louer,lome, amadahome",LOCATION,Villa,adidogome,23000000.0,0.0,150.0,,,immoask_scraped,,2026,2,2026-Q2
"appartement meublé,louer,lome,tokoin",LOCATION,Appartement,tokoin,350000.0,0.0,100.0,,,immoask_scraped,,2026,2,2026-Q2
Terrain 1 lot  -Yokoe,NON SPECIFIE,Terrain,baguida,30000000.0,,1.0,,,coinafrique_scraped,,2026,2,2026-Q2
Terrain 1lot  - Tokoin,NON SPECIFIE,Terrain,tokoin,85000000.0,,1.0,,,coinafrique_scraped,,2026,2,2026-Q2
Terrain 4 lots de 2407 m² - Baguida,NON SPECIFIE,Terrain,baguida,75000000.0,,4.0,,,coinafrique_scraped,,2026,2,2026-Q2
Terrain 1/4 lot - Togo,NON SPECIFIE,Terrain,baguida,8500000.0,,4.0,,,coinafrique_scraped,,2026,2,2026-Q2
Terrain 1 lot - Nukafu,NON SPECIFIE,Terrain,baguida,60000000.0,,1.0,,,coinafrique_scraped,,2026,2,2026-Q2
Terrain 2 lots  angle rue avec titre foncier personnel à Adetikopé lycée,NON SPECIFIE,Terrain,baguida,25000000.0,,2.0,,,coinafrique_scraped,,2026,2,2026-Q2
Terrain 1 lot avec titre foncier à Agoè assiyeye poste,NON SPECIFIE,Terrain,agoè,42000000.0,,1.0,,,coinafrique_scraped,,2026,2,2026-Q2
Terrain 1/2 lot - Agoé,NON SPECIFIE,Terrain,agoè,28000000.0,,2.0,,,coinafrique_scraped,,2026,2,2026-Q2
Vente hôtel avec piscine sur 2 lot au bord du goudron vue sur la mer - Alogavi,VENTE,Non specifie,baguida,600000000.0,,2.0,,,coinafrique_scraped,,2026,2,2026-Q2
Terrain 1/2 lot - Zanguera maco.,NON SPECIFIE,Terrain,baguida,13000000.0,,2.0,,,coinafrique_scraped,,2026,2,2026-Q2
Terrain 1lot clôturé - Agoé,NON SPECIFIE,Terrain,agoè,38000000.0,,1.0,,,coinafrique_scraped,,2026,2,2026-Q2
Terrain  1/2 lot - Avedji,NON SPECIFIE,Terrain,avédji,35000000.0,,2.0,,,coinafrique_scraped,,2026,2,2026-Q2
Terrain 1 lot  à Agoè assiyeye,NON SPECIFIE,Terrain,agoè,42000000.0,,1.0,,,coinafrique_scraped,,2026,2,2026-Q2
Terrain  1lot - Akodessewo,NON SPECIFIE,Terrain,baguida,40000000.0,,1.0,,,coinafrique_scraped,,2026,2,2026-Q2
Terrain 3 lots collés  -Aadewui,NON SPECIFIE,Terrain,baguida,450000000.0,,3.0,,,coinafrique_scraped,,2026,2,2026-Q2
Terrain 1/2 lot -  Zanguéra akepedo,NON SPECIFIE,Terrain,zanguéra,9000000.0,,2.0,,,coinafrique_scraped,,2026,2,2026-Q2
Terrain 1lot  - Agoe legbassito,NON SPECIFIE,Terrain,baguida,23000000.0,,1.0,,,coinafrique_scraped,,2026,2,2026-Q2
Terrain 1 lot 1/4 lot - djidjolé,NON SPECIFIE,Terrain,djidjolé,40000000.0,,1.0,,,coinafrique_scraped,,2026,2,2026-Q2
Terrain  10 lots collés - Agoe,NON SPECIFIE,Terrain,baguida,150000000.0,,10.0,,,coinafrique_scraped,,2026,2,2026-Q2
Terrain  1/4 lot - Agoe assiyéyé,NON SPECIFIE,Terrain,agoè,15000000.0,,4.0,,,coinafrique_scraped,,2026,2,2026-Q2
Terrain 1lot  - Baguida,NON SPECIFIE,Terrain,baguida,45000000.0,,1.0,,,coinafrique_scraped,,2026,2,2026-Q2
Terrain  1lot ⅓ - Adidogomé,NON SPECIFIE,Terrain,adidogomé,45000000.0,,1.0,,,coinafrique_scraped,,2026,2,2026-Q2
Terrain 1 lot  - Agbalepedo,NON SPECIFIE,Terrain,baguida,50000000.0,,1.0,,,coinafrique_scraped,,2026,2,2026-Q2
Terrain 1 lot  - Agbalepedo .,NON SPECIFIE,Terrain,baguida,67000000.0,,1.0,,,coinafrique_scraped,,2026,2,2026-Q2
Terrain 1 lot avec titre foncier personnel à Soviepe,NON SPECIFIE,Terrain,baguida,35000000.0,,1.0,,,coinafrique_scraped,,2026,2,2026-Q2
Terrain 1 lot ¾ à segbé,NON SPECIFIE,Terrain,baguida,33000000.0,,1.0,,,coinafrique_scraped,,2026,2,2026-Q2
Terrain 1lot  à Agoè minamadou,NON SPECIFIE,Terrain,agoè,35000000.0,,1.0,,,coinafrique_scraped,,2026,2,2026-Q2
Terrain 1000m² - Zanguéra klémé château,NON SPECIFIE,Terrain,zanguéra,30000000.0,,1000.0,,,coinafrique_scraped,,2026,2,2026-Q2
Terrain 1 lot 541 m² - Baguida,NON SPECIFIE,Terrain,baguida,40000000.0,,1.0,,,coinafrique_scraped,,2026,2,2026-Q2
Terrain 200m²  -Atiégou,NON SPECIFIE,Terrain,baguida,15000000.0,,200.0,,,coinafrique_scraped,,2026,2,2026-Q2
Terrain 400m² à mission Tové,NON SPECIFIE,Terrain,mission tové,5000000.0,,400.0,,,coinafrique_scraped,,2026,2,2026-Q2
Terrain  1/2 lot - Zanguéra,NON SPECIFIE,Terrain,zanguéra,12000000.0,,2.0,,,coinafrique_scraped,,2026,2,2026-Q2
Terrain 1/2 lot  à avedji CEG,NON SPECIFIE,Terrain,avédji,22000000.0,,2.0,,,coinafrique_scraped,,2026,2,2026-Q2
Terrain 1lot  - Togo,NON SPECIFIE,Terrain,baguida,90000000.0,,1.0,,,coinafrique_scraped,,2026,2,2026-Q2
Terrain 1 lot -Legbassito,NON SPECIFIE,Terrain,baguida,95000000.0,,1.0,,,coinafrique_scraped,,2026,2,2026-Q2
Terrain 02 lots collés à Apessito ceg,NON SPECIFIE,Terrain,baguida,26000000.0,,2.0,,,coinafrique_scraped,,2026,2,2026-Q2
Terrain 01 lot - bè klikamé,NON SPECIFIE,Terrain,bè,60000000.0,,1.0,,,coinafrique_scraped,,2026,2,2026-Q2
Terrain 02 lots - Lomé_Klikamé,NON SPECIFIE,Terrain,baguida,50000000.0,,2.0,,,coinafrique_scraped,,2026,2,2026-Q2
Terrain  1 lot - Djidjolé obu,NON SPECIFIE,Terrain,djidjolé,75000000.0,,1.0,,,coinafrique_scraped,,2026,2,2026-Q2
Terrain 1 lot  à Totsi,NON SPECIFIE,Terrain,totsi,90000000.0,,1.0,,,coinafrique_scraped,,2026,2,2026-Q2
Terrain 1 lot et quart  à Avenou,NON SPECIFIE,Terrain,avenou,55000000.0,,1.0,,,coinafrique_scraped,,2026,2,2026-Q2
Terrain 2 lots  à Agoè legbassito assikor,NON SPECIFIE,Terrain,agoè,18000000.0,,2.0,,,coinafrique_scraped,,2026,2,2026-Q2
Terrain 1 lot et quart  à Totsi,NON SPECIFIE,Terrain,totsi,60000000.0,,1.0,,,coinafrique_scraped,,2026,2,2026-Q2
Terrain  1 lot à Tokoin super taco,NON SPECIFIE,Terrain,tokoin,80000000.0,,1.0,,,coinafrique_scraped,,2026,2,2026-Q2
Terrain  1/4 lot à Zanguéra,NON SPECIFIE,Terrain,zanguéra,5000000.0,,4.0,,,coinafrique_scraped,,2026,2,2026-Q2
Terrain  4 lots -  Adidopgomé,NON SPECIFIE,Terrain,baguida,80000000.0,,4.0,,,coinafrique_scraped,,2026,2,2026-Q2
Terrain 1 lot à Agoè legbassito,NON SPECIFIE,Terrain,agoè,23000000.0,,1.0,,,coinafrique_scraped,,2026,2,2026-Q2
Terrain 1 lot  à Klikamé,NON SPECIFIE,Terrain,baguida,80000000.0,,1.0,,,coinafrique_scraped,,2026,2,2026-Q2
Terrain 2 lots à Adetikope,NON SPECIFIE,Terrain,baguida,25000000.0,,2.0,,,coinafrique_scraped,,2026,2,2026-Q2
Terrain 1/2 lot - Agoè Dikamé Bernad Kopé,NON SPECIFIE,Terrain,agoè,4500000.0,,2.0,,,coinafrique_scraped,,2026,2,2026-Q2
Terrain 2 lots à Klikamé,NON SPECIFIE,Terrain,baguida,50000000.0,,2.0,,,coinafrique_scraped,,2026,2,2026-Q2
Terrain 1 lot à Agbalepedo gta,NON SPECIFIE,Terrain,baguida,65000000.0,,1.0,,,coinafrique_scraped,,2026,2,2026-Q2
Terrain 1 lot et demi à Adidogome,NON SPECIFIE,Terrain,baguida,47000000.0,,1.0,,,coinafrique_scraped,,2026,2,2026-Q2
Terrain 1/ 2  lot  solidement clôturé - Vakpossito Mobossa,NON SPECIFIE,Terrain,baguida,14000000.0,,2.0,,,coinafrique_scraped,,2026,2,2026-Q2
Terrain  4 lots collés à Akepé,NON SPECIFIE,Terrain,aképé,7000000.0,,4.0,,,coinafrique_scraped,,2026,2,2026-Q2
Terrain 2 lots - Agoè,NON SPECIFIE,Terrain,agoè,100000000.0,,2.0,,,coinafrique_scraped,,2026,2,2026-Q2
Terrain 1/2 lot - Agoè,NON SPECIFIE,Terrain,agoè,15000000.0,,2.0,,,coinafrique_scraped,,2026,2,2026-Q2
Terrain 597m² au bord du boulevard jean paul 2,NON SPECIFIE,Terrain,baguida,160000000.0,,597.0,,,coinafrique_scraped,,2026,2,2026-Q2
Terrain 1/2 lot -  Amadahomè pharmacie,NON SPECIFIE,Terrain,baguida,18000000.0,,2.0,,,coinafrique_scraped,,2026,2,2026-Q2
Terrain 3/4 lot - Lomé aneho,NON SPECIFIE,Terrain,baguida,30000000.0,,4.0,,,coinafrique_scraped,,2026,2,2026-Q2
Terrain 1 lot - Legbassito,NON SPECIFIE,Terrain,légbassito,15000000.0,,1.0,,,coinafrique_scraped,,2026,2,2026-Q2
Terrain 1 lot - Akodessewa,NON SPECIFIE,Terrain,baguida,58000000.0,,1.0,,,coinafrique_scraped,,2026,2,2026-Q2
Terrain 1lot  - Akodessewo,NON SPECIFIE,Terrain,baguida,85000000.0,,1.0,,,coinafrique_scraped,,2026,2,2026-Q2
Terrain  1lot - Tokoin forever,NON SPECIFIE,Terrain,tokoin,81000000.0,,1.0,,,coinafrique_scraped,,2026,2,2026-Q2
Terrain 2 lots - agoè,NON SPECIFIE,Terrain,agoè,50000000.0,,2.0,,,coinafrique_scraped,,2026,2,2026-Q2
Terrain 65lots - Bagbé,NON SPECIFIE,Terrain,baguida,2000000.0,,65.0,,,coinafrique_scraped,,2026,2,2026-Q2
Terrain 3 lots - Baguida,NON SPECIFIE,Terrain,baguida,170000000.0,,3.0,,,coinafrique_scraped,,2026,2,2026-Q2
Terrain 4 lots - Agodeké,NON SPECIFIE,Terrain,baguida,25000000.0,,4.0,,,coinafrique_scraped,,2026,2,2026-Q2
Terrain 2 lots - Akato,NON SPECIFIE,Terrain,baguida,23000000.0,,2.0,,,coinafrique_scraped,,2026,2,2026-Q2
Terrain 1 lot - Adidogomé,NON SPECIFIE,Terrain,adidogomé,40000000.0,,1.0,,,coinafrique_scraped,,2026,2,2026-Q2
Terrain 4 lots - Baguida,NON SPECIFIE,Terrain,baguida,60000000.0,,4.0,,,coinafrique_scraped,,2026,2,2026-Q2
Terrain 1/4 lot - Agoè Assiyiyé,NON SPECIFIE,Terrain,agoè,11500000.0,,4.0,,,coinafrique_scraped,,2026,2,2026-Q2
Terrain 4 lots - Agoè Assiyiyé,NON SPECIFIE,Terrain,agoè,98000000.0,,4.0,,,coinafrique_scraped,,2026,2,2026-Q2
Terrain  122 lot - Agoè Demakpoé,NON SPECIFIE,Terrain,agoè,12000000.0,,122.0,,,coinafrique_scraped,,2026,2,2026-Q2
Terrain 1/2 lot - Agbalépédo,NON SPECIFIE,Terrain,baguida,25000000.0,,2.0,,,coinafrique_scraped,,2026,2,2026-Q2
Parcelle 4 lots - Baguida,NON SPECIFIE,Non specifie,baguida,50000000.0,,4.0,,,coinafrique_scraped,,2026,2,2026-Q2
Terrain 1lot  - Zanguéra,NON SPECIFIE,Terrain,zanguéra,18000000.0,,1.0,,,coinafrique_scraped,,2026,2,2026-Q2
Terrain  1/2 lot - Agoe assiyéyé,NON SPECIFIE,Terrain,agoè,27000000.0,,2.0,,,coinafrique_scraped,,2026,2,2026-Q2
Terrain 1 lot - Adétikopé,NON SPECIFIE,Terrain,baguida,18000000.0,,1.0,,,coinafrique_scraped,,2026,2,2026-Q2
Terrain 1/2 lot  à Agbalepedo,NON SPECIFIE,Terrain,baguida,25000000.0,,2.0,,,coinafrique_scraped,,2026,2,2026-Q2
Terrain 150 m² - Kpala,NON SPECIFIE,Terrain,baguida,6000000.0,,150.0,,,coinafrique_scraped,,2026,2,2026-Q2
Terrain  1 lot à Dekon au bord du goudron,NON SPECIFIE,Terrain,baguida,600000000.0,,1.0,,,coinafrique_scraped,,2026,2,2026-Q2
Terrain 2 lots - Agoè,NON SPECIFIE,Terrain,agoè,50000000.0,,2.0,,,coinafrique_scraped,,2026,2,2026-Q2
Terrain 1 lot - Agoè,NON SPECIFIE,Terrain,agoè,55000000.0,,1.0,,,coinafrique_scraped,,2026,2,2026-Q2
Terrain 1/2 lot - Akepe,NON SPECIFIE,Terrain,baguida,4200000.0,,2.0,,,coinafrique_scraped,,2026,2,2026-Q2
Terrain 1 lot - Agoè,NON SPECIFIE,Terrain,agoè,20000000.0,,1.0,,,coinafrique_scraped,,2026,2,2026-Q2
Terrain 1 lot - Agoè,NON SPECIFIE,Terrain,agoè,32000000.0,,1.0,,,coinafrique_scraped,,2026,2,2026-Q2
Terrain  1/2 lot - Djagblé,NON SPECIFIE,Terrain,baguida,6000000.0,,2.0,,,coinafrique_scraped,,2026,2,2026-Q2
Terrain 1 lot - Agoè Assiyiyé,NON SPECIFIE,Terrain,agoè,45000000.0,,1.0,,,coinafrique_scraped,,2026,2,2026-Q2
Terrain 1/2 lot - Agoè,NON SPECIFIE,Terrain,agoè,17000000.0,,2.0,,,coinafrique_scraped,,2026,2,2026-Q2
Terrain 1 lot - Zanguéra,NON SPECIFIE,Terrain,zanguéra,22000000.0,,1.0,,,coinafrique_scraped,,2026,2,2026-Q2
Terrain 1 lot - Totsi,NON SPECIFIE,Terrain,totsi,45000000.0,,1.0,,,coinafrique_scraped,,2026,2,2026-Q2
Terrain 1 lot à Agoè cacaveli,NON SPECIFIE,Terrain,agoè,55000000.0,,1.0,,,coinafrique_scraped,,2026,2,2026-Q2
Terrain 4 lots  à Baguida,NON SPECIFIE,Terrain,baguida,60000000.0,,4.0,,,coinafrique_scraped,,2026,2,2026-Q2
Terrain 2 lots clôturé - feux voies complexe scolaires Kouvahey,NON SPECIFIE,Terrain,baguida,60000000.0,,2.0,,,coinafrique_scraped,,2026,2,2026-Q2
Terrain 1 lot - Assiyiyé,NON SPECIFIE,Terrain,baguida,38000000.0,,1.0,,,coinafrique_scraped,,2026,2,2026-Q2
Terrain 1/2 lot - Agoè demakpoè,NON SPECIFIE,Terrain,agoè,14000000.0,,2.0,,,coinafrique_scraped,,2026,2,2026-Q2
